2026-07-16 00:47:56,211 INFO Excluding candidate (domain unrelated): https://fnbpeople.co.kr/terms
2026-07-16 00:47:56,211 INFO Excluding candidate (domain unrelated): https://www.fnbpeople.co.kr
2026-07-16 00:47:56,230 INFO Excluding candidate (domain unrelated): https://blog.naver.com/fnbpeople/222843742552
2026-07-16 00:47:56,232 INFO Excluding candidate (domain unrelated): https://apps.apple.com/kr/app/fc%EB%8B%A4%EC%9B%80-%ED%94%84%EB%9E%9C%EC%B0%A8%EC%9D%B4%EC%A6%88%EB%A5%BC-%ED%94%84%EB%9E%9C%EC%B0%A8%EC%9D%B4%EC%A6%88%EB%8B%B5%EA%B2%8C/id6748514337
2026-07-16 00:47:56,232 INFO Excluding candidate (domain unrelated): https://mwm.ai/apps/fc/6748514337
2026-07-16 00:47:56,232 INFO Excluding candidate (domain unrelated): https://play.google.com/store/apps/details?id=com.fnbpeople.fcdaum&hl=ko
2026-07-16 00:47:56,233 INFO Excluding candidate (domain unrelated): https://play.google.com/store/apps/details?id=com.amazingbro.franchiseapp&hl=ko
2026-07-16 00:47:56,233 INFO Excluding candidate (domain unrelated): https://thevc.kr/fnbpeople
2026-07-16 00:47:56,233 INFO Excluding candidate (domain unrelated): https://brunch.co.kr/@kakaoventures/161
2026-07-16 00:47:56,233 INFO Excluding candidate (domain unrelated): http://m.nexon.com/terms/630
2026-07-16 00:48:22,478 INFO Excluding candidate (domain unrelated): https://fnbpeople.co.kr/terms
2026-07-16 00:48:22,479 INFO Excluding candidate (domain unrelated): https://www.fnbpeople.co.kr
2026-07-16 00:48:22,511 INFO Excluding candidate (domain unrelated): https://blog.naver.com/fnbpeople/222843742552
2026-07-16 00:48:22,511 INFO Excluding candidate (domain unrelated): https://apps.apple.com/kr/app/fc%EB%8B%A4%EC%9B%80-%ED%94%84%EB%9E%9C%EC%B0%A8%EC%9D%B4%EC%A6%88%EB%A5%BC-%ED%94%84%EB%9E%9C%EC%B0%A8%EC%9D%B4%EC%A6%88%EB%8B%B5%EA%B2%8C/id6748514337
2026-07-16 00:48:22,543 INFO Excluding candidate (domain unrelated): https://mwm.ai/apps/fc/6748514337
2026-07-16 00:48:22,543 INFO Excluding candidate (domain unrelated): https://play.google.com/store/apps/details?id=com.fnbpeople.fcdaum&hl=ko
2026-07-16 00:48:22,544 INFO Excluding candidate (domain unrelated): https://play.google.com/store/apps/details?id=com.amazingbro.franchiseapp&hl=ko
2026-07-16 00:48:22,544 INFO Excluding candidate (domain unrelated): https://thevc.kr/fnbpeople
2026-07-16 00:48:22,544 INFO Excluding candidate (domain unrelated): https://brunch.co.kr/@kakaoventures/161
2026-07-16 00:48:22,544 INFO Excluding candidate (domain unrelated): http://m.nexon.com/terms/630
2026-07-16 00:48:22,545 INFO All candidates excluded by host_related; falling back to unfiltered scoring
2026-07-16 00:48:44,066 INFO Excluding candidate (domain unrelated): https://fnbpeople.co.kr/terms
2026-07-16 00:48:44,066 INFO Excluding candidate (domain unrelated): https://www.fnbpeople.co.kr
2026-07-16 00:48:44,088 INFO Excluding candidate (domain unrelated): https://blog.naver.com/fnbpeople/222843742552
2026-07-16 00:48:44,091 INFO Excluding candidate (domain unrelated): https://apps.apple.com/kr/app/fc%EB%8B%A4%EC%9B%80-%ED%94%84%EB%9E%9C%EC%B0%A8%EC%9D%B4%EC%A6%88%EB%A5%BC-%ED%94%84%EB%9E%9C%EC%B0%A8%EC%9D%B4%EC%A6%88%EB%8B%B5%EA%B2%8C/id6748514337
2026-07-16 00:48:44,091 INFO Excluding candidate (domain unrelated): https://mwm.ai/apps/fc/6748514337
2026-07-16 00:48:44,113 INFO Excluding candidate (domain unrelated): https://play.google.com/store/apps/details?id=com.fnbpeople.fcdaum&hl=ko
2026-07-16 00:48:44,113 INFO Excluding candidate (domain unrelated): https://play.google.com/store/apps/details?id=com.amazingbro.franchiseapp&hl=ko
2026-07-16 00:48:44,113 INFO Excluding candidate (domain unrelated): https://thevc.kr/fnbpeople
2026-07-16 00:48:44,113 INFO Excluding candidate (domain unrelated): https://brunch.co.kr/@kakaoventures/161
2026-07-16 00:48:44,113 INFO Excluding candidate (domain unrelated): http://m.nexon.com/terms/630
2026-07-16 00:48:44,113 INFO All candidates excluded by host_related; falling back to unfiltered scoring
2026-07-16 01:03:20,152 INFO Excluding candidate (domain unrelated): https://fnbpeople.co.kr/terms
2026-07-16 01:03:20,152 INFO Excluding candidate (domain unrelated): https://www.fnbpeople.co.kr
2026-07-16 01:03:20,171 INFO Excluding candidate (domain unrelated): https://blog.naver.com/fnbpeople/222843742552
2026-07-16 01:03:20,171 INFO Excluding candidate (domain unrelated): https://apps.apple.com/kr/app/fc%EB%8B%A4%EC%9B%80-%ED%94%84%EB%9E%9C%EC%B0%A8%EC%9D%B4%EC%A6%88%EB%A5%BC-%ED%94%84%EB%9E%9C%EC%B0%A8%EC%9D%B4%EC%A6%88%EB%8B%B5%EA%B2%8C/id6748514337
2026-07-16 01:03:20,171 INFO Excluding candidate (domain unrelated): https://mwm.ai/apps/fc/6748514337
2026-07-16 01:03:20,243 INFO Excluding candidate (domain unrelated): https://play.google.com/store/apps/details?id=com.fnbpeople.fcdaum&hl=ko
2026-07-16 01:03:20,243 INFO Excluding candidate (domain unrelated): https://play.google.com/store/apps/details?id=com.amazingbro.franchiseapp&hl=ko
2026-07-16 01:03:20,243 INFO Excluding candidate (domain unrelated): https://thevc.kr/fnbpeople
2026-07-16 01:03:20,244 INFO Excluding candidate (domain unrelated): https://brunch.co.kr/@kakaoventures/161
2026-07-16 01:03:20,244 INFO Excluding candidate (domain unrelated): http://m.nexon.com/terms/630
2026-07-16 01:03:20,244 INFO All candidates excluded by host_related; falling back to unfiltered scoring
2026-07-16 01:04:44,093 INFO Excluding candidate (domain unrelated): https://fnbpeople.co.kr/terms
2026-07-16 01:04:44,094 INFO Excluding candidate (domain unrelated): https://www.fnbpeople.co.kr
2026-07-16 01:04:44,124 INFO Excluding candidate (domain unrelated): https://blog.naver.com/fnbpeople/222843742552
2026-07-16 01:04:44,124 INFO Excluding candidate (domain unrelated): https://apps.apple.com/kr/app/fc%EB%8B%A4%EC%9B%80-%ED%94%84%EB%9E%9C%EC%B0%A8%EC%9D%B4%EC%A6%88%EB%A5%BC-%ED%94%84%EB%9E%9C%EC%B0%A8%EC%9D%B4%EC%A6%88%EB%8B%B5%EA%B2%8C/id6748514337
2026-07-16 01:04:44,125 INFO Excluding candidate (domain unrelated): https://mwm.ai/apps/fc/6748514337
2026-07-16 01:04:44,125 INFO Excluding candidate (domain unrelated): https://play.google.com/store/apps/details?id=com.fnbpeople.fcdaum&hl=ko
2026-07-16 01:04:44,147 INFO Excluding candidate (domain unrelated): https://play.google.com/store/apps/details?id=com.amazingbro.franchiseapp&hl=ko
2026-07-16 01:04:44,147 INFO Excluding candidate (domain unrelated): https://thevc.kr/fnbpeople
2026-07-16 01:04:44,176 INFO Excluding candidate (domain unrelated): https://brunch.co.kr/@kakaoventures/161
2026-07-16 01:04:44,177 INFO Excluding candidate (domain unrelated): http://m.nexon.com/terms/630
2026-07-16 01:04:44,178 INFO All candidates excluded by host_related; falling back to unfiltered scoring
2026-07-16 01:48:44,720 INFO Excluding candidate (domain unrelated): https://blog.naver.com/fnbpeople/222752515540
2026-07-16 01:48:44,720 INFO Excluding candidate (domain unrelated): https://blog.naver.com/fnbpeople/222843742552
2026-07-16 01:48:44,720 INFO Excluding candidate (domain unrelated): https://www.fcandfc.com/en/content/3-legal_area
2026-07-16 01:48:44,752 INFO Excluding candidate (domain unrelated): https://apps.apple.com/kr/app/fc%EB%8B%A4%EC%9B%80-%ED%94%84%EB%9E%9C%EC%B0%A8%EC%9D%B4%EC%A6%88%EB%A5%BC-%ED%94%84%EB%9E%9C%EC%B0%A8%EC%9D%B4%EC%A6%88%EB%8B%B5%EA%B2%8C/id6748514337
2026-07-16 01:48:44,752 INFO Excluding candidate (domain unrelated): https://apps.apple.com/kr/app/fc%EB%8B%A4%EC%9B%80-%ED%94%84%EB%9E%9C%EC%B0%A8%EC%9D%B4%EC%A6%88%EB%A5%BC-%ED%94%84%EB%9E%9C%EC%B0%A8%EC%9D%B4%EC%A6%88%EB%8B%B5%EA%B2%8C/id6748514337?platform=ipad
2026-07-16 01:48:44,752 INFO Excluding candidate (domain unrelated): https://apps.apple.com/ve/app/fc%EB%8B%A4%EC%9B%80-%ED%94%84%EB%9E%9C%EC%B0%A8%EC%9D%B4%EC%A6%88%EB%A5%BC-%ED%94%84%EB%9E%9C%EC%B0%A8%EC%9D%B4%EC%A6%88%EB%8B%B5%EA%B2%8C/id6748514337?l=en-GB
2026-07-16 01:48:44,752 INFO Excluding candidate (domain unrelated): https://m.lawissue.co.kr/view.php?ud=202112141228097248204ead0791_12
2026-07-16 01:48:44,752 INFO Excluding candidate (domain unrelated): https://play.google.com/store/apps/details?id=com.fnbpeople.fcdaum&hl=ko
2026-07-16 01:48:44,752 INFO Excluding candidate (domain unrelated): https://www.epnc.co.kr/news/articleView.html?idxno=217877
2026-07-16 01:48:44,758 INFO Excluding candidate (domain unrelated): https://play.google.com/store/apps/details?id=com.fnbpeople.fcdaum
2026-07-16 01:48:44,758 INFO All candidates excluded by host_related; falling back to unfiltered scoring
2026-07-16 01:50:01,354 INFO Excluding candidate (domain unrelated): https://blog.naver.com/fnbpeople/222752515540
2026-07-16 01:50:01,354 INFO Excluding candidate (domain unrelated): https://blog.naver.com/fnbpeople/222843742552
2026-07-16 01:50:01,381 INFO Excluding candidate (domain unrelated): https://www.fcandfc.com/en/content/3-legal_area
2026-07-16 01:50:01,381 INFO Excluding candidate (domain unrelated): https://apps.apple.com/kr/app/fc%EB%8B%A4%EC%9B%80-%ED%94%84%EB%9E%9C%EC%B0%A8%EC%9D%B4%EC%A6%88%EB%A5%BC-%ED%94%84%EB%9E%9C%EC%B0%A8%EC%9D%B4%EC%A6%88%EB%8B%B5%EA%B2%8C/id6748514337
2026-07-16 01:50:01,381 INFO Excluding candidate (domain unrelated): https://apps.apple.com/kr/app/fc%EB%8B%A4%EC%9B%80-%ED%94%84%EB%9E%9C%EC%B0%A8%EC%9D%B4%EC%A6%88%EB%A5%BC-%ED%94%84%EB%9E%9C%EC%B0%A8%EC%9D%B4%EC%A6%88%EB%8B%B5%EA%B2%8C/id6748514337?platform=ipad
2026-07-16 01:50:01,381 INFO Excluding candidate (domain unrelated): https://apps.apple.com/ve/app/fc%EB%8B%A4%EC%9B%80-%ED%94%84%EB%9E%9C%EC%B0%A8%EC%9D%B4%EC%A6%88%EB%A5%BC-%ED%94%84%EB%9E%9C%EC%B0%A8%EC%9D%B4%EC%A6%88%EB%8B%B5%EA%B2%8C/id6748514337?l=en-GB
2026-07-16 01:50:01,381 INFO Excluding candidate (domain unrelated): https://m.lawissue.co.kr/view.php?ud=202112141228097248204ead0791_12
2026-07-16 01:50:01,381 INFO Excluding candidate (domain unrelated): https://play.google.com/store/apps/details?id=com.fnbpeople.fcdaum&hl=ko
2026-07-16 01:50:01,382 INFO Excluding candidate (domain unrelated): https://www.epnc.co.kr/news/articleView.html?idxno=217877
2026-07-16 01:50:01,382 INFO Excluding candidate (domain unrelated): https://play.google.com/store/apps/details?id=com.fnbpeople.fcdaum
2026-07-16 01:50:01,382 INFO All candidates excluded by host_related; falling back to unfiltered scoring
2026-07-16 01:52:40,778 INFO Candidate domain unrelated, applying soft penalty: https://blog.naver.com/fnbpeople/222752515540
2026-07-16 01:52:40,779 INFO Candidate domain unrelated, applying soft penalty: https://blog.naver.com/fnbpeople/222843742552
2026-07-16 01:52:40,813 INFO Candidate domain unrelated, applying soft penalty: https://www.fcandfc.com/en/content/3-legal_area
2026-07-16 01:52:40,816 INFO Candidate domain unrelated, applying soft penalty: https://apps.apple.com/kr/app/fc%EB%8B%A4%EC%9B%80-%ED%94%84%EB%9E%9C%EC%B0%A8%EC%9D%B4%EC%A6%88%EB%A5%BC-%ED%94%84%EB%9E%9C%EC%B0%A8%EC%9D%B4%EC%A6%88%EB%8B%B5%EA%B2%8C/id6748514337
2026-07-16 01:52:40,842 INFO Candidate domain unrelated, applying soft penalty: https://apps.apple.com/kr/app/fc%EB%8B%A4%EC%9B%80-%ED%94%84%EB%9E%9C%EC%B0%A8%EC%9D%B4%EC%A6%88%EB%A5%BC-%ED%94%84%EB%9E%9C%EC%B0%A8%EC%9D%B4%EC%A6%88%EB%8B%B5%EA%B2%8C/id6748514337?platform=ipad
2026-07-16 01:52:40,866 INFO Candidate domain unrelated, applying soft penalty: https://apps.apple.com/ve/app/fc%EB%8B%A4%EC%9B%80-%ED%94%84%EB%9E%9C%EC%B0%A8%EC%9D%B4%EC%A6%88%EB%A5%BC-%ED%94%84%EB%9E%9C%EC%B0%A8%EC%9D%B4%EC%A6%88%EB%8B%B5%EA%B2%8C/id6748514337?l=en-GB
2026-07-16 01:52:40,894 INFO Candidate domain unrelated, applying soft penalty: https://m.lawissue.co.kr/view.php?ud=202112141228097248204ead0791_12
2026-07-16 01:52:40,929 INFO Candidate domain unrelated, applying soft penalty: https://play.google.com/store/apps/details?id=com.fnbpeople.fcdaum&hl=ko
2026-07-16 01:52:40,961 INFO Candidate domain unrelated, applying soft penalty: https://www.epnc.co.kr/news/articleView.html?idxno=217877
2026-07-16 01:52:40,970 INFO Candidate domain unrelated, applying soft penalty: https://play.google.com/store/apps/details?id=com.fnbpeople.fcdaum
2026-07-16 01:55:02,556 INFO Candidate domain unrelated, applying soft penalty: https://blog.naver.com/fnbpeople/222752515540
2026-07-16 01:55:02,557 INFO Candidate domain unrelated, applying soft penalty: https://blog.naver.com/fnbpeople/222843742552
2026-07-16 01:55:02,585 INFO Candidate domain unrelated, applying soft penalty: https://www.fcandfc.com/en/content/3-legal_area
2026-07-16 01:55:02,605 INFO Candidate domain unrelated, applying soft penalty: https://apps.apple.com/kr/app/fc%EB%8B%A4%EC%9B%80-%ED%94%84%EB%9E%9C%EC%B0%A8%EC%9D%B4%EC%A6%88%EB%A5%BC-%ED%94%84%EB%9E%9C%EC%B0%A8%EC%9D%B4%EC%A6%88%EB%8B%B5%EA%B2%8C/id6748514337
2026-07-16 01:55:02,661 INFO Candidate domain unrelated, applying soft penalty: https://apps.apple.com/kr/app/fc%EB%8B%A4%EC%9B%80-%ED%94%84%EB%9E%9C%EC%B0%A8%EC%9D%B4%EC%A6%88%EB%A5%BC-%ED%94%84%EB%9E%9C%EC%B0%A8%EC%9D%B4%EC%A6%88%EB%8B%B5%EA%B2%8C/id6748514337?platform=ipad
2026-07-16 01:55:02,683 INFO Candidate domain unrelated, applying soft penalty: https://apps.apple.com/ve/app/fc%EB%8B%A4%EC%9B%80-%ED%94%84%EB%9E%9C%EC%B0%A8%EC%9D%B4%EC%A6%88%EB%A5%BC-%ED%94%84%EB%9E%9C%EC%B0%A8%EC%9D%B4%EC%A6%88%EB%8B%B5%EA%B2%8C/id6748514337?l=en-GB
2026-07-16 01:55:02,684 INFO Candidate domain unrelated, applying soft penalty: https://m.lawissue.co.kr/view.php?ud=202112141228097248204ead0791_12
2026-07-16 01:55:02,685 INFO Candidate domain unrelated, applying soft penalty: https://play.google.com/store/apps/details?id=com.fnbpeople.fcdaum&hl=ko
2026-07-16 01:55:02,686 INFO Candidate domain unrelated, applying soft penalty: https://www.epnc.co.kr/news/articleView.html?idxno=217877
2026-07-16 01:55:02,687 INFO Candidate domain unrelated, applying soft penalty: https://play.google.com/store/apps/details?id=com.fnbpeople.fcdaum
2026-07-16 01:55:36,793 INFO Candidate domain unrelated, applying soft penalty: https://blog.naver.com/fnbpeople/222752515540
2026-07-16 01:55:36,794 INFO Candidate domain unrelated, applying soft penalty: https://blog.naver.com/fnbpeople/222843742552
2026-07-16 01:55:36,815 INFO Candidate domain unrelated, applying soft penalty: https://www.fcandfc.com/en/content/3-legal_area
2026-07-16 01:55:36,831 INFO Excluding platform domain candidate: https://apps.apple.com/kr/app/fc%EB%8B%A4%EC%9B%80-%ED%94%84%EB%9E%9C%EC%B0%A8%EC%9D%B4%EC%A6%88%EB%A5%BC-%ED%94%84%EB%9E%9C%EC%B0%A8%EC%9D%B4%EC%A6%88%EB%8B%B5%EA%B2%8C/id6748514337
2026-07-16 01:55:36,854 INFO Excluding platform domain candidate: https://apps.apple.com/kr/app/fc%EB%8B%A4%EC%9B%80-%ED%94%84%EB%9E%9C%EC%B0%A8%EC%9D%B4%EC%A6%88%EB%A5%BC-%ED%94%84%EB%9E%9C%EC%B0%A8%EC%9D%B4%EC%A6%88%EB%8B%B5%EA%B2%8C/id6748514337?platform=ipad
2026-07-16 01:55:36,865 INFO Excluding platform domain candidate: https://apps.apple.com/ve/app/fc%EB%8B%A4%EC%9B%80-%ED%94%84%EB%9E%9C%EC%B0%A8%EC%9D%B4%EC%A6%88%EB%A5%BC-%ED%94%84%EB%9E%9C%EC%B0%A8%EC%9D%B4%EC%A6%88%EB%8B%B5%EA%B2%8C/id6748514337?l=en-GB
2026-07-16 01:55:36,903 INFO Candidate domain unrelated, applying soft penalty: https://m.lawissue.co.kr/view.php?ud=202112141228097248204ead0791_12
2026-07-16 01:55:36,904 INFO Excluding platform domain candidate: https://play.google.com/store/apps/details?id=com.fnbpeople.fcdaum&hl=ko
2026-07-16 01:55:36,908 INFO Candidate domain unrelated, applying soft penalty: https://www.epnc.co.kr/news/articleView.html?idxno=217877
2026-07-16 01:55:36,944 INFO Excluding platform domain candidate: https://play.google.com/store/apps/details?id=com.fnbpeople.fcdaum
2026-07-16 02:10:52,917 INFO Candidate domain unrelated, applying soft penalty: https://blog.naver.com/fnbpeople/222752515540
2026-07-16 02:10:52,918 INFO Candidate domain unrelated, applying soft penalty: https://blog.naver.com/fnbpeople/222843742552
2026-07-16 02:10:52,932 INFO Candidate domain unrelated, applying soft penalty: https://www.fcandfc.com/en/content/3-legal_area
2026-07-16 02:10:52,934 INFO Excluding platform store candidate: https://apps.apple.com/kr/app/fc%EB%8B%A4%EC%9B%80-%ED%94%84%EB%9E%9C%EC%B0%A8%EC%9D%B4%EC%A6%88%EB%A5%BC-%ED%94%84%EB%9E%9C%EC%B0%A8%EC%9D%B4%EC%A6%88%EB%8B%B5%EA%B2%8C/id6748514337
2026-07-16 02:10:53,017 INFO Excluding platform store candidate: https://apps.apple.com/kr/app/fc%EB%8B%A4%EC%9B%80-%ED%94%84%EB%9E%9C%EC%B0%A8%EC%9D%B4%EC%A6%88%EB%A5%BC-%ED%94%84%EB%9E%9C%EC%B0%A8%EC%9D%B4%EC%A6%88%EB%8B%B5%EA%B2%8C/id6748514337?platform=ipad
2026-07-16 02:10:53,115 INFO Excluding platform store candidate: https://apps.apple.com/ve/app/fc%EB%8B%A4%EC%9B%80-%ED%94%84%EB%9E%9C%EC%B0%A8%EC%9D%B4%EC%A6%88%EB%A5%BC-%ED%94%84%EB%9E%9C%EC%B0%A8%EC%9D%B4%EC%A6%88%EB%8B%B5%EA%B2%8C/id6748514337?l=en-GB
2026-07-16 02:10:53,216 INFO Candidate domain unrelated, applying soft penalty: https://m.lawissue.co.kr/view.php?ud=202112141228097248204ead0791_12
2026-07-16 02:10:53,216 INFO Excluding platform store candidate: https://play.google.com/store/apps/details?id=com.fnbpeople.fcdaum&hl=ko
2026-07-16 02:10:53,316 INFO Candidate domain unrelated, applying soft penalty: https://www.epnc.co.kr/news/articleView.html?idxno=217877
2026-07-16 02:10:53,330 INFO Excluding platform store candidate: https://play.google.com/store/apps/details?id=com.fnbpeople.fcdaum
2026-07-16 02:11:55,417 INFO Excluding candidate (domain unrelated): https://blog.naver.com/fnbpeople/222752515540
2026-07-16 02:11:55,417 INFO Excluding candidate (domain unrelated): https://blog.naver.com/fnbpeople/222843742552
2026-07-16 02:11:55,516 INFO Excluding candidate (domain unrelated): https://www.fcandfc.com/en/content/3-legal_area
2026-07-16 02:11:55,616 INFO Excluding candidate (domain unrelated): https://apps.apple.com/kr/app/fc%EB%8B%A4%EC%9B%80-%ED%94%84%EB%9E%9C%EC%B0%A8%EC%9D%B4%EC%A6%88%EB%A5%BC-%ED%94%84%EB%9E%9C%EC%B0%A8%EC%9D%B4%EC%A6%88%EB%8B%B5%EA%B2%8C/id6748514337
2026-07-16 02:11:55,716 INFO Excluding candidate (domain unrelated): https://apps.apple.com/kr/app/fc%EB%8B%A4%EC%9B%80-%ED%94%84%EB%9E%9C%EC%B0%A8%EC%9D%B4%EC%A6%88%EB%A5%BC-%ED%94%84%EB%9E%9C%EC%B0%A8%EC%9D%B4%EC%A6%88%EB%8B%B5%EA%B2%8C/id6748514337?platform=ipad
2026-07-16 02:11:55,716 INFO Excluding candidate (domain unrelated): https://apps.apple.com/ve/app/fc%EB%8B%A4%EC%9B%80-%ED%94%84%EB%9E%9C%EC%B0%A8%EC%9D%B4%EC%A6%88%EB%A5%BC-%ED%94%84%EB%9E%9C%EC%B0%A8%EC%9D%B4%EC%A6%88%EB%8B%B5%EA%B2%8C/id6748514337?l=en-GB
2026-07-16 02:11:55,716 INFO Excluding candidate (domain unrelated): https://m.lawissue.co.kr/view.php?ud=202112141228097248204ead0791_12
2026-07-16 02:11:55,716 INFO Excluding candidate (domain unrelated): https://play.google.com/store/apps/details?id=com.fnbpeople.fcdaum&hl=ko
2026-07-16 02:11:55,716 INFO Excluding candidate (domain unrelated): https://www.epnc.co.kr/news/articleView.html?idxno=217877
2026-07-16 02:11:55,716 INFO Excluding candidate (domain unrelated): https://play.google.com/store/apps/details?id=com.fnbpeople.fcdaum
2026-07-16 02:11:55,716 INFO All candidates excluded by host_related; falling back to unfiltered scoring
2026-07-16 02:12:13,817 INFO Excluding candidate (domain unrelated): https://blog.naver.com/fnbpeople/222752515540
2026-07-16 02:12:13,818 INFO Excluding candidate (domain unrelated): https://blog.naver.com/fnbpeople/222843742552
2026-07-16 02:12:13,825 INFO Excluding candidate (domain unrelated): https://www.fcandfc.com/en/content/3-legal_area
2026-07-16 02:12:13,838 INFO Excluding candidate (domain unrelated): https://apps.apple.com/kr/app/fc%EB%8B%A4%EC%9B%80-%ED%94%84%EB%9E%9C%EC%B0%A8%EC%9D%B4%EC%A6%88%EB%A5%BC-%ED%94%84%EB%9E%9C%EC%B0%A8%EC%9D%B4%EC%A6%88%EB%8B%B5%EA%B2%8C/id6748514337
2026-07-16 02:12:13,839 INFO Excluding candidate (domain unrelated): https://apps.apple.com/kr/app/fc%EB%8B%A4%EC%9B%80-%ED%94%84%EB%9E%9C%EC%B0%A8%EC%9D%B4%EC%A6%88%EB%A5%BC-%ED%94%84%EB%9E%9C%EC%B0%A8%EC%9D%B4%EC%A6%88%EB%8B%B5%EA%B2%8C/id6748514337?platform=ipad
2026-07-16 02:12:13,916 INFO Excluding candidate (domain unrelated): https://apps.apple.com/ve/app/fc%EB%8B%A4%EC%9B%80-%ED%94%84%EB%9E%9C%EC%B0%A8%EC%9D%B4%EC%A6%88%EB%A5%BC-%ED%94%84%EB%9E%9C%EC%B0%A8%EC%9D%B4%EC%A6%88%EB%8B%B5%EA%B2%8C/id6748514337?l=en-GB
2026-07-16 02:12:13,916 INFO Excluding candidate (domain unrelated): https://m.lawissue.co.kr/view.php?ud=202112141228097248204ead0791_12
2026-07-16 02:12:13,933 INFO Excluding candidate (domain unrelated): https://play.google.com/store/apps/details?id=com.fnbpeople.fcdaum&hl=ko
2026-07-16 02:12:13,933 INFO Excluding candidate (domain unrelated): https://www.epnc.co.kr/news/articleView.html?idxno=217877
2026-07-16 02:12:13,933 INFO Excluding candidate (domain unrelated): https://play.google.com/store/apps/details?id=com.fnbpeople.fcdaum
2026-07-16 02:12:13,933 INFO All candidates excluded by host_related; falling back to unfiltered scoring
2026-07-16 02:13:59,417 INFO Excluding candidate (domain unrelated): https://blog.naver.com/fnbpeople/222752515540
2026-07-16 02:13:59,417 INFO Excluding candidate (domain unrelated): https://blog.naver.com/fnbpeople/222843742552
2026-07-16 02:13:59,475 INFO Excluding candidate (domain unrelated): https://www.fcandfc.com/en/content/3-legal_area
2026-07-16 02:13:59,475 INFO Excluding candidate (domain unrelated): https://apps.apple.com/kr/app/fc%EB%8B%A4%EC%9B%80-%ED%94%84%EB%9E%9C%EC%B0%A8%EC%9D%B4%EC%A6%88%EB%A5%BC-%ED%94%84%EB%9E%9C%EC%B0%A8%EC%9D%B4%EC%A6%88%EB%8B%B5%EA%B2%8C/id6748514337
2026-07-16 02:13:59,475 INFO Excluding candidate (domain unrelated): https://apps.apple.com/kr/app/fc%EB%8B%A4%EC%9B%80-%ED%94%84%EB%9E%9C%EC%B0%A8%EC%9D%B4%EC%A6%88%EB%A5%BC-%ED%94%84%EB%9E%9C%EC%B0%A8%EC%9D%B4%EC%A6%88%EB%8B%B5%EA%B2%8C/id6748514337?platform=ipad
2026-07-16 02:13:59,475 INFO Excluding candidate (domain unrelated): https://apps.apple.com/ve/app/fc%EB%8B%A4%EC%9B%80-%ED%94%84%EB%9E%9C%EC%B0%A8%EC%9D%B4%EC%A6%88%EB%A5%BC-%ED%94%84%EB%9E%9C%EC%B0%A8%EC%9D%B4%EC%A6%88%EB%8B%B5%EA%B2%8C/id6748514337?l=en-GB
2026-07-16 02:13:59,475 INFO Excluding candidate (domain unrelated): https://m.lawissue.co.kr/view.php?ud=202112141228097248204ead0791_12
2026-07-16 02:13:59,495 INFO Excluding candidate (domain unrelated): https://play.google.com/store/apps/details?id=com.fnbpeople.fcdaum&hl=ko
2026-07-16 02:13:59,495 INFO Excluding candidate (domain unrelated): https://www.epnc.co.kr/news/articleView.html?idxno=217877
2026-07-16 02:13:59,495 INFO Excluding candidate (domain unrelated): https://play.google.com/store/apps/details?id=com.fnbpeople.fcdaum
2026-07-16 02:25:56,613 INFO Excluding candidate (domain unrelated): https://blog.naver.com/fnbpeople/222752515540
2026-07-16 02:25:56,613 INFO Excluding candidate (domain unrelated): https://blog.naver.com/fnbpeople/222843742552
2026-07-16 02:25:56,638 INFO Excluding candidate (domain unrelated): https://apps.apple.com/kr/app/fc%EB%8B%A4%EC%9B%80-%ED%94%84%EB%9E%9C%EC%B0%A8%EC%9D%B4%EC%A6%88%EB%A5%BC-%ED%94%84%EB%9E%9C%EC%B0%A8%EC%9D%B4%EC%A6%88%EB%8B%B5%EA%B2%8C/id6748514337?platform=ipad
2026-07-16 02:25:56,667 INFO Excluding candidate (domain unrelated): https://apps.apple.com/kr/app/fc%EB%8B%A4%EC%9B%80-%ED%94%84%EB%9E%9C%EC%B0%A8%EC%9D%B4%EC%A6%88%EB%A5%BC-%ED%94%84%EB%9E%9C%EC%B0%A8%EC%9D%B4%EC%A6%88%EB%8B%B5%EA%B2%8C/id6748514337
2026-07-16 02:25:56,667 INFO Excluding candidate (domain unrelated): https://apps.apple.com/us/app/fc%EB%8B%A4%EC%9B%80-%ED%94%84%EB%9E%9C%EC%B0%A8%EC%9D%B4%EC%A6%88%EB%A5%BC-%ED%94%84%EB%9E%9C%EC%B0%A8%EC%9D%B4%EC%A6%88%EB%8B%B5%EA%B2%8C/id6748514337
2026-07-16 02:25:56,667 INFO Excluding candidate (domain unrelated): https://play.google.com/store/apps/details?id=com.fnbpeople.fcdaum&hl=ko
2026-07-16 02:25:56,667 INFO Excluding candidate (domain unrelated): https://www.epnc.co.kr/news/articleView.html?idxno=217877
2026-07-16 02:25:56,667 INFO Excluding candidate (domain unrelated): https://play.google.com/store/apps/details?id=com.amazingbro.franchiseapp&hl=ko
2026-07-16 02:25:56,667 INFO Excluding candidate (domain unrelated): https://thevc.kr/fnbpeople
2026-07-16 02:25:56,667 INFO Excluding candidate (domain unrelated): https://brunch.co.kr/@kakaoventures/161
2026-07-16 02:25:56,695 INFO All candidates excluded by host_related; falling back to unfiltered scoring
2026-07-16 02:27:22,878 INFO Excluding platform/blog candidate: https://blog.naver.com/fnbpeople/222752515540
2026-07-16 02:27:22,878 INFO Excluding platform/blog candidate: https://blog.naver.com/fnbpeople/222843742552
2026-07-16 02:27:22,878 INFO Excluding platform/blog candidate: https://apps.apple.com/kr/app/fc%EB%8B%A4%EC%9B%80-%ED%94%84%EB%9E%9C%EC%B0%A8%EC%9D%B4%EC%A6%88%EB%A5%BC-%ED%94%84%EB%9E%9C%EC%B0%A8%EC%9D%B4%EC%A6%88%EB%8B%B5%EA%B2%8C/id6748514337?platform=ipad
2026-07-16 02:27:22,903 INFO Excluding platform/blog candidate: https://apps.apple.com/kr/app/fc%EB%8B%A4%EC%9B%80-%ED%94%84%EB%9E%9C%EC%B0%A8%EC%9D%B4%EC%A6%88%EB%A5%BC-%ED%94%84%EB%9E%9C%EC%B0%A8%EC%9D%B4%EC%A6%88%EB%8B%B5%EA%B2%8C/id6748514337
2026-07-16 02:27:22,903 INFO Excluding platform/blog candidate: https://apps.apple.com/us/app/fc%EB%8B%A4%EC%9B%80-%ED%94%84%EB%9E%9C%EC%B0%A8%EC%9D%B4%EC%A6%88%EB%A5%BC-%ED%94%84%EB%9E%9C%EC%B0%A8%EC%9D%B4%EC%A6%88%EB%8B%B5%EA%B2%8C/id6748514337
2026-07-16 02:27:22,936 INFO Excluding platform/blog candidate: https://play.google.com/store/apps/details?id=com.fnbpeople.fcdaum&hl=ko
2026-07-16 02:27:22,937 INFO Excluding candidate (domain unrelated): https://www.epnc.co.kr/news/articleView.html?idxno=217877
2026-07-16 02:27:22,964 INFO Excluding platform/blog candidate: https://play.google.com/store/apps/details?id=com.amazingbro.franchiseapp&hl=ko
2026-07-16 02:27:22,965 INFO Excluding candidate (domain unrelated): https://thevc.kr/fnbpeople
2026-07-16 02:27:22,965 INFO Excluding candidate (domain unrelated): https://brunch.co.kr/@kakaoventures/161
2026-07-16 02:27:22,965 INFO All candidates excluded by host_related; falling back to unfiltered scoring
2026-07-16 02:31:01,567 INFO Excluding candidate (domain unrelated): https://tsandzzz.com/netflix-terms-of-use
2026-07-16 02:31:01,567 INFO Excluding candidate (domain unrelated): https://cdn.ca9.uscourts.gov/datastore/library/2013/02/26/Nosal_Netflix.pdf
2026-07-16 02:31:01,589 INFO Excluding candidate (domain unrelated): https://www.scribd.com/document/866248084/Netflix-Ts-Cs
2026-07-16 02:31:01,591 INFO Excluding candidate (domain unrelated): https://www.newspim.com/news/view/20190530000677
2026-07-16 02:31:01,591 INFO Excluding candidate (domain unrelated): https://terms.law/ToS-Watchdog/streaming-services/netflix
2026-07-16 02:31:01,593 INFO Excluding candidate (domain unrelated): https://www.youtube.com/watch?v=vjBo-FIvxGo
2026-07-16 02:31:01,593 INFO Excluding candidate (domain unrelated): https://www.khan.co.kr/article/202510100600051
2026-07-16 02:32:14,769 INFO Excluding platform/blog candidate: https://blog.naver.com/fnbpeople/222752515540
2026-07-16 02:32:14,770 INFO Excluding platform/blog candidate: https://blog.naver.com/fnbpeople/222843742552
2026-07-16 02:32:14,779 INFO Excluding platform/blog candidate: https://apps.apple.com/kr/app/fc%EB%8B%A4%EC%9B%80-%ED%94%84%EB%9E%9C%EC%B0%A8%EC%9D%B4%EC%A6%88%EB%A5%BC-%ED%94%84%EB%9E%9C%EC%B0%A8%EC%9D%B4%EC%A6%88%EB%8B%B5%EA%B2%8C/id6748514337?platform=ipad
2026-07-16 02:32:14,780 INFO Excluding platform/blog candidate: https://apps.apple.com/kr/app/fc%EB%8B%A4%EC%9B%80-%ED%94%84%EB%9E%9C%EC%B0%A8%EC%9D%B4%EC%A6%88%EB%A5%BC-%ED%94%84%EB%9E%9C%EC%B0%A8%EC%9D%B4%EC%A6%88%EB%8B%B5%EA%B2%8C/id6748514337
2026-07-16 02:32:14,780 INFO Excluding platform/blog candidate: https://apps.apple.com/us/app/fc%EB%8B%A4%EC%9B%80-%ED%94%84%EB%9E%9C%EC%B0%A8%EC%9D%B4%EC%A6%88%EB%A5%BC-%ED%94%84%EB%9E%9C%EC%B0%A8%EC%9D%B4%EC%A6%88%EB%8B%B5%EA%B2%8C/id6748514337
2026-07-16 02:32:14,780 INFO Excluding platform/blog candidate: https://play.google.com/store/apps/details?id=com.fnbpeople.fcdaum&hl=ko
2026-07-16 02:32:14,780 INFO Excluding candidate (domain unrelated): https://www.epnc.co.kr/news/articleView.html?idxno=217877
2026-07-16 02:32:14,806 INFO Excluding platform/blog candidate: https://play.google.com/store/apps/details?id=com.amazingbro.franchiseapp&hl=ko
2026-07-16 02:32:14,830 INFO Excluding candidate (domain unrelated): https://thevc.kr/fnbpeople
2026-07-16 02:32:14,848 INFO Excluding candidate (domain unrelated): https://brunch.co.kr/@kakaoventures/161
2026-07-16 02:32:14,870 INFO All candidates excluded by host_related; falling back to unfiltered scoring
2026-07-16 03:22:38,284 INFO Filtering out platform/blog search result: https://m.blog.naver.com/rbs1234/222226305000
2026-07-16 03:22:38,285 INFO Filtering out platform/blog search result: https://apps.apple.com/us/app/netflix/id363590051?l=ko
2026-07-16 03:37:20,408 INFO Excluding candidate (domain unrelated): https://infos.tistory.com/3489
2026-07-16 03:37:20,408 INFO Excluding candidate (domain unrelated): https://namu.wiki/w/TVING
2026-07-16 03:37:20,452 INFO Excluding candidate (domain unrelated): https://v.daum.net/v/20260519151513981
2026-07-16 03:37:20,471 INFO Excluding candidate (domain unrelated): https://www.mk.co.kr/en/culture/11271631
2026-07-16 03:37:20,471 INFO Excluding candidate (domain unrelated): https://ko.wikipedia.org/wiki/TVING
2026-07-16 03:37:20,472 INFO Excluding candidate (domain unrelated): https://en.wikipedia.org/wiki/TVING
2026-07-16 03:37:20,473 INFO Excluding candidate (domain unrelated): https://www.cjenm.com/en/digital-business/tving
2026-07-16 03:37:20,474 INFO Excluding candidate (domain unrelated): https://www.19pine.ai/customer-service/streaming-and-services/how-to-contact-tving-customer-service
2026-07-16 03:37:20,475 INFO Excluding candidate (domain unrelated): https://www.koreajoongangdaily.com/business/streaming-service-tving-confirms-third-party-user-data-leak/12599766
2026-07-16 04:37:25,947 ERROR render_and_extract_deep failed for https://wwwimages2.adobe.com/content/dam/cc/en/legal/servicetou/Acrobat-Sign-Additional-Terms-of-Use-en_US-2023May15.pdf: Page.goto: Download is starting
Call log:
  - navigating to "https://wwwimages2.adobe.com/content/dam/cc/en/legal/servicetou/Acrobat-Sign-Additional-Terms-of-Use-en_US-2023May15.pdf", waiting until "load"
Traceback (most recent call last):
  File "/smhrd2/FinePrint/jhc/tavily_test3-2.py", line 500, in render_and_extract_deep
    page.goto(url, timeout=30000)
    ~~~~~~~~~^^^^^^^^^^^^^^^^^^^^
  File "/root/miniconda3/envs/fineprint311/lib/python3.13/site-packages/playwright/sync_api/_generated.py", line 9770, in goto
    self._sync(
    ~~~~~~~~~~^
        self._impl_obj.goto(
        ^^^^^^^^^^^^^^^^^^^^
    ...<4 lines>...
        )
        ^
    )
    ^
  File "/root/miniconda3/envs/fineprint311/lib/python3.13/site-packages/playwright/_impl/_sync_base.py", line 115, in _sync
    return task.result()
           ~~~~~~~~~~~^^
  File "/root/miniconda3/envs/fineprint311/lib/python3.13/site-packages/playwright/_impl/_page.py", line 560, in goto
    return await self._main_frame.goto(**locals_to_params(locals()))
           ^^^^^^^^^^^^^^^^^^^^^^^^^^^^^^^^^^^^^^^^^^^^^^^^^^^^^^^^^
  File "/root/miniconda3/envs/fineprint311/lib/python3.13/site-packages/playwright/_impl/_frame.py", line 156, in goto
    await self._channel.send(
        "goto", self._navigation_timeout, locals_to_params(locals())
    )
  File "/root/miniconda3/envs/fineprint311/lib/python3.13/site-packages/playwright/_impl/_connection.py", line 69, in send
    return await self._connection.wrap_api_call(
           ^^^^^^^^^^^^^^^^^^^^^^^^^^^^^^^^^^^^^
    ...<3 lines>...
    )
    ^
  File "/root/miniconda3/envs/fineprint311/lib/python3.13/site-packages/playwright/_impl/_connection.py", line 563, in wrap_api_call
    raise rewrite_error(error, f"{parsed_st['apiName']}: {error}") from None
playwright._impl._errors.Error: Page.goto: Download is starting
Call log:
  - navigating to "https://wwwimages2.adobe.com/content/dam/cc/en/legal/servicetou/Acrobat-Sign-Additional-Terms-of-Use-en_US-2023May15.pdf", waiting until "load"

2026-07-16 05:12:58,842 INFO Filtering out platform/blog search result: https://apps.apple.com/us/app/twitch-live-streaming/id460177396
2026-07-16 05:12:58,843 INFO Filtering out platform/blog search result: https://play.google.com/store/apps/details?id=tv.twitch.android.app&hl=en_us
2026-07-16 05:23:04,926 INFO Filtering out platform/blog search result: https://apps.apple.com/us/app/twitch-live-streaming/id460177396
2026-07-16 05:23:04,926 INFO Filtering out platform/blog search result: https://play.google.com/store/apps/details?id=tv.twitch.android.app&hl=en_us
2026-07-16 05:29:11,226 ERROR render_and_extract_deep failed for https://www.adobe.com/legal/terms/sign-lic-terms-apac.html: Page.goto: net::ERR_HTTP2_PROTOCOL_ERROR at https://www.adobe.com/legal/terms/sign-lic-terms-apac.html
Call log:
  - navigating to "https://www.adobe.com/legal/terms/sign-lic-terms-apac.html", waiting until "load"
Traceback (most recent call last):
  File "/smhrd2/FinePrint/jhc/tavily_test3-2.py", line 544, in render_and_extract_deep
    page.goto(url, timeout=30000)
    ~~~~~~~~~^^^^^^^^^^^^^^^^^^^^
  File "/root/miniconda3/envs/fineprint311/lib/python3.13/site-packages/playwright/sync_api/_generated.py", line 9770, in goto
    self._sync(
    ~~~~~~~~~~^
        self._impl_obj.goto(
        ^^^^^^^^^^^^^^^^^^^^
    ...<4 lines>...
        )
        ^
    )
    ^
  File "/root/miniconda3/envs/fineprint311/lib/python3.13/site-packages/playwright/_impl/_sync_base.py", line 115, in _sync
    return task.result()
           ~~~~~~~~~~~^^
  File "/root/miniconda3/envs/fineprint311/lib/python3.13/site-packages/playwright/_impl/_page.py", line 560, in goto
    return await self._main_frame.goto(**locals_to_params(locals()))
           ^^^^^^^^^^^^^^^^^^^^^^^^^^^^^^^^^^^^^^^^^^^^^^^^^^^^^^^^^
  File "/root/miniconda3/envs/fineprint311/lib/python3.13/site-packages/playwright/_impl/_frame.py", line 156, in goto
    await self._channel.send(
        "goto", self._navigation_timeout, locals_to_params(locals())
    )
  File "/root/miniconda3/envs/fineprint311/lib/python3.13/site-packages/playwright/_impl/_connection.py", line 69, in send
    return await self._connection.wrap_api_call(
           ^^^^^^^^^^^^^^^^^^^^^^^^^^^^^^^^^^^^^
    ...<3 lines>...
    )
    ^
  File "/root/miniconda3/envs/fineprint311/lib/python3.13/site-packages/playwright/_impl/_connection.py", line 563, in wrap_api_call
    raise rewrite_error(error, f"{parsed_st['apiName']}: {error}") from None
playwright._impl._errors.Error: Page.goto: net::ERR_HTTP2_PROTOCOL_ERROR at https://www.adobe.com/legal/terms/sign-lic-terms-apac.html
Call log:
  - navigating to "https://www.adobe.com/legal/terms/sign-lic-terms-apac.html", waiting until "load"

2026-07-16 05:38:09,727 INFO Filtering out platform/blog search result: https://apps.apple.com/us/app/twitch-live-streaming/id460177396
2026-07-16 05:38:09,727 INFO Filtering out platform/blog search result: https://play.google.com/store/apps/details?id=tv.twitch.android.app&hl=en_us
2026-07-16 05:49:37,787 INFO Filtering out platform/blog search result: https://play.google.com/store/apps/details?id=net.cj.cjhv.gs.tving&gl=nz&hl=en_nz
2026-07-16 05:49:56,697 INFO Filtering out platform/blog search result: https://play.google.com/store/apps/details?id=net.cj.cjhv.gs.tving&gl=nz&hl=en_nz
2026-07-16 05:51:25,706 INFO Filtering out platform/blog search result: https://m.blog.naver.com/awenbt/221781975194
2026-07-16 05:52:32,005 INFO Filtering out platform/blog search result: https://m.blog.naver.com/awenbt/221781975194
2026-07-16 05:55:20,390 INFO Filtering out platform/blog search result: https://m.blog.naver.com/awenbt/221781975194
2026-07-16 05:57:03,771 ERROR render_and_extract_deep failed for https://www.adobe.com/kr/legal/terms.html: Page.goto: net::ERR_HTTP2_PROTOCOL_ERROR at https://www.adobe.com/kr/legal/terms.html
Call log:
  - navigating to "https://www.adobe.com/kr/legal/terms.html", waiting until "load"
Traceback (most recent call last):
  File "/smhrd2/FinePrint/jhc/tavily_test3-2.py", line 540, in render_and_extract_deep
    page.goto(url, timeout=30000)
    ~~~~~~~~~^^^^^^^^^^^^^^^^^^^^
  File "/root/miniconda3/envs/fineprint311/lib/python3.13/site-packages/playwright/sync_api/_generated.py", line 9770, in goto
    self._sync(
    ~~~~~~~~~~^
        self._impl_obj.goto(
        ^^^^^^^^^^^^^^^^^^^^
    ...<4 lines>...
        )
        ^
    )
    ^
  File "/root/miniconda3/envs/fineprint311/lib/python3.13/site-packages/playwright/_impl/_sync_base.py", line 115, in _sync
    return task.result()
           ~~~~~~~~~~~^^
  File "/root/miniconda3/envs/fineprint311/lib/python3.13/site-packages/playwright/_impl/_page.py", line 560, in goto
    return await self._main_frame.goto(**locals_to_params(locals()))
           ^^^^^^^^^^^^^^^^^^^^^^^^^^^^^^^^^^^^^^^^^^^^^^^^^^^^^^^^^
  File "/root/miniconda3/envs/fineprint311/lib/python3.13/site-packages/playwright/_impl/_frame.py", line 156, in goto
    await self._channel.send(
        "goto", self._navigation_timeout, locals_to_params(locals())
    )
  File "/root/miniconda3/envs/fineprint311/lib/python3.13/site-packages/playwright/_impl/_connection.py", line 69, in send
    return await self._connection.wrap_api_call(
           ^^^^^^^^^^^^^^^^^^^^^^^^^^^^^^^^^^^^^
    ...<3 lines>...
    )
    ^
  File "/root/miniconda3/envs/fineprint311/lib/python3.13/site-packages/playwright/_impl/_connection.py", line 563, in wrap_api_call
    raise rewrite_error(error, f"{parsed_st['apiName']}: {error}") from None
playwright._impl._errors.Error: Page.goto: net::ERR_HTTP2_PROTOCOL_ERROR at https://www.adobe.com/kr/legal/terms.html
Call log:
  - navigating to "https://www.adobe.com/kr/legal/terms.html", waiting until "load"

2026-07-16 05:57:52,553 INFO Filtering out platform/blog search result: https://play.google.com/store/apps/details?id=net.cj.cjhv.gs.tving&gl=nz&hl=en_nz
2026-07-16 06:11:27,681 INFO Filtering out platform/blog search result: https://m.blog.naver.com/rbs1234/222226305000
2026-07-16 06:12:21,888 INFO Filtering out platform/blog search result: https://m.blog.naver.com/rbs1234/222226305000
2026-07-16 06:16:26,502 INFO Filtering out platform/blog search result: https://m.blog.naver.com/rbs1234/222226305000
2026-07-16 06:16:47,888 INFO Filtering out platform/blog search result: https://m.blog.naver.com/rbs1234/222226305000
2026-07-16 06:24:19,093 INFO Filtering out platform/blog search result: https://m.blog.naver.com/rbs1234/222226305000
2026-07-16 06:25:35,644 INFO Filtering out platform/blog search result: https://m.blog.naver.com/rbs1234/222226305000
2026-07-16 06:26:17,888 INFO Filtering out platform/blog search result: https://m.blog.naver.com/rbs1234/222226305000
2026-07-20 00:12:25,325 INFO Filtering out platform/blog search result: https://m.blog.naver.com/bithumb_official/222047467253
2026-07-20 00:17:49,430 INFO Filtering out platform/blog search result: https://m.blog.naver.com/rbs1234/222226305000
2026-07-20 05:32:32,667 INFO Filtering out platform/blog search result: https://m.blog.naver.com/rbs1234/222226305000
2026-07-21 00:34:49,433 INFO Filtering out platform/blog search result: https://m.blog.naver.com/rbs1234/222226305000
2026-07-21 01:18:08,416 INFO Searching terms: 넷플릭스 이용약관
2026-07-21 01:18:13,787 INFO Searching terms: 넷플릭스 서비스 약관
2026-07-21 01:18:16,935 INFO Searching terms: 넷플릭스 terms of service
2026-07-21 01:18:20,778 INFO Searching privacy: 넷플릭스 개인정보 처리방침
2026-07-21 01:18:24,357 INFO Searching privacy: 넷플릭스 privacy policy
2026-07-21 01:18:28,651 INFO Searching refund_cancellation: 넷플릭스 환불 해지 정책
2026-07-21 01:18:32,417 INFO Searching refund_cancellation: 넷플릭스 환불정책 이용 해지
2026-07-21 01:18:35,882 INFO Searching refund_cancellation: 넷플릭스 refund cancellation policy
2026-07-21 01:18:37,709 INFO Searching billing_autorenewal: 넷플릭스 자동결제 정기결제 정책
2026-07-21 01:18:41,049 INFO Searching billing_autorenewal: 넷플릭스 결제 갱신 해지
2026-07-21 01:18:44,629 INFO Searching billing_autorenewal: 넷플릭스 billing auto renewal policy
2026-07-21 01:18:47,467 INFO Searching platform_refund: 넷플릭스 앱스토어 환불
2026-07-21 01:18:51,091 INFO Searching platform_refund: 넷플릭스 구글플레이 환불
2026-07-21 01:18:55,565 INFO Searching platform_refund: 넷플릭스 App Store Google Play refund
2026-07-21 01:19:15,525 ERROR Direct web extraction failed: https://www.netflix.shop/pages/terms-of-use
Traceback (most recent call last):
  File "/smhrd2/FinePrint/jhc/search_test.py", line 461, in extract_web_document
    response.raise_for_status()
    ~~~~~~~~~~~~~~~~~~~~~~~~~^^
  File "/root/miniconda3/envs/fineprint311/lib/python3.13/site-packages/requests/models.py", line 1167, in raise_for_status
    raise HTTPError(http_error_msg, response=self)
requests.exceptions.HTTPError: 503 Server Error: Service Unavailable for url: https://www.netflix.shop/pages/terms-of-use
2026-07-21 01:19:18,364 INFO Policy evidence is weak; skipping https://www.netflix.shop/pages/terms-of-use
2026-07-21 01:19:23,227 INFO Policy evidence is weak; skipping https://brand.netflix.com/en/terms
2026-07-21 01:19:24,064 INFO Policy evidence is weak; skipping https://github.com/OpenTermsArchive/contrib-versions/blob/main/Netflix/Privacy%20Policy.md
2026-07-21 01:19:29,667 INFO Policy evidence is weak; skipping https://help.netflix.com/legal/privacy/history
2026-07-21 01:19:30,655 INFO Policy evidence is weak; skipping https://hbr.org/2026/05/should-your-subscription-business-use-auto-renew
2026-07-21 01:19:31,384 INFO Policy evidence is weak; skipping https://help.netflixshopsupport.com/hc/en-us/articles/25574524085652-Do-I-get-a-full-refund-on-my-return
2026-07-21 01:19:32,853 INFO Policy evidence is weak; skipping https://support.google.com/googleplay/answer/15574908?hl=en
2026-07-21 01:19:34,247 INFO Policy evidence is weak; skipping https://support.google.com/googleplay/answer/2479637?hl=en
2026-07-21 01:19:36,357 INFO Policy evidence is weak; skipping https://support.google.com/googleplay/answer/15574897?hl=en
2026-07-21 01:34:49,920 INFO Searching terms: 넷플릭스 이용약관
2026-07-21 01:34:51,016 INFO Skipping blacklisted search result: https://m.blog.naver.com/rbs1234/222226305000
2026-07-21 01:34:51,016 INFO Skipping non-official search result: https://www.wannatalkaboutit.com/kr/privacy
2026-07-21 01:34:51,216 INFO Skipping blacklisted search result: https://www.reddit.com/r/cordcutters/comments/y9p6ld/netflix_terms_and_conditions?tl=ko
2026-07-21 01:34:51,816 INFO Skipping blacklisted search result: https://www.reddit.com/r/netflix/comments/4madfp/new_terms_and_conditions_what_changed_us?tl=ko
2026-07-21 01:34:51,916 INFO Searching terms: 넷플릭스 서비스 약관
2026-07-21 01:34:52,317 INFO Skipping blacklisted search result: https://m.blog.naver.com/rbs1234/222226305000
2026-07-21 01:34:52,317 INFO Skipping non-official search result: https://www.khan.co.kr/article/202510100600051
2026-07-21 01:34:52,415 INFO Skipping non-official search result: https://namu.wiki/w/%EB%84%B7%ED%94%8C%EB%A6%AD%EC%8A%A4
2026-07-21 01:34:52,416 INFO Skipping blacklisted search result: https://www.reddit.com/r/netflix/comments/4madfp/new_terms_and_conditions_what_changed_us?tl=ko
2026-07-21 01:34:52,516 INFO Searching terms: 넷플릭스 terms of service
2026-07-21 01:34:52,840 INFO Skipping non-official search result: https://tsandzzz.com/netflix-terms-of-use
2026-07-21 01:34:52,841 INFO Skipping non-official search result: https://cdn.ca9.uscourts.gov/datastore/library/2013/02/26/Nosal_Netflix.pdf
2026-07-21 01:34:52,916 INFO Skipping non-official search result: https://www.scribd.com/document/866248084/Netflix-Ts-Cs
2026-07-21 01:34:52,999 INFO Skipping non-official search result: https://www.netflix.shop/pages/terms-of-use
2026-07-21 01:34:53,116 INFO Skipping non-official search result: https://dx35vtwkllhj9.cloudfront.net/netflix/Netflix_US_MoviePlatform_PrivacyPolicy.pdf
2026-07-21 01:34:53,216 INFO Skipping non-official search result: https://www.hollywoodreporter.com/business/business-news/netflix-open-internet-rules-1235792212
2026-07-21 01:34:53,315 INFO Searching privacy: 넷플릭스 개인정보 처리방침
2026-07-21 01:34:53,616 INFO Skipping non-official search result: https://www.wannatalkaboutit.com/kr/privacy
2026-07-21 01:34:53,617 INFO Skipping blacklisted search result: https://www.reddit.com/r/netflix/comments/cohppd/is_netflix_just_a_huge_security_breach_to_my?tl=ko
2026-07-21 01:34:53,715 INFO Searching privacy: 넷플릭스 privacy policy
2026-07-21 01:34:54,016 INFO Skipping non-official search result: https://github.com/OpenTermsArchive/contrib-versions/blob/main/Netflix/Privacy%20Policy.md
2026-07-21 01:34:54,017 INFO Skipping non-official search result: https://www.netflixinyourneighbourhood.ca/privacy
2026-07-21 01:34:54,017 INFO Skipping non-official search result: https://www.netflix.shop/pages/privacy-statement
2026-07-21 01:34:54,116 INFO Skipping non-official search result: https://chromewebstore.google.com/detail/%EB%9E%AD%ED%94%8C%EB%A6%AD%EC%8A%A4-%EB%84%B7%ED%94%8C%EB%A6%AD%EC%8A%A4-%EC%9D%B4%EC%A4%91%EC%9E%90%EB%A7%89-ai-%EC%98%81%EC%96%B4-%ED%95%99%EC%8A%B5/eiflpppdaikieggdeojonknijogibjhh
2026-07-21 01:34:54,116 INFO Skipping non-official search result: https://namu.wiki/w/넷플릭스
2026-07-21 01:34:54,116 INFO Skipping non-official search result: https://d36.nicesongtoyou.com/tag/%EB%84%B7%ED%94%8C%EB%A6%AD%EC%8A%A4
2026-07-21 01:34:54,116 INFO Skipping non-official search result: https://d39.nicesongtoyou.com/tag/%EB%84%B7%ED%94%8C%EB%A6%AD%EC%8A%A4
2026-07-21 01:34:54,116 INFO Searching refund_cancellation: 넷플릭스 환불 해지 정책
2026-07-21 01:34:54,416 INFO Skipping blacklisted search result: https://m.blog.naver.com/ddihw/224159323355
2026-07-21 01:34:54,416 INFO Skipping blacklisted search result: https://m.blog.naver.com/cheeks00/224223998301
2026-07-21 01:34:54,426 INFO Skipping non-official search result: https://pickle.plus/blog/%EB%84%B7%ED%94%8C%EB%A6%AD%EC%8A%A4%EA%B5%AC%EB%8F%85%ED%95%B4%EC%A7%80-%EC%9E%90%EB%8F%99%EA%B2%B0%EC%A0%9C%ED%99%98%EB%B6%88%EB%B0%A9%EB%B2%95
2026-07-21 01:34:54,427 INFO Skipping blacklisted search result: https://m.blog.naver.com/uncledison/223207712850
2026-07-21 01:34:54,427 INFO Skipping blacklisted search result: https://miamiduri.tistory.com/133
2026-07-21 01:34:54,427 INFO Skipping non-official search result: https://www.youtube.com/shorts/Gv7hukokET4
2026-07-21 01:34:54,427 INFO Searching refund_cancellation: 넷플릭스 환불정책 이용 해지
2026-07-21 01:34:54,816 INFO Skipping blacklisted search result: https://m.blog.naver.com/ddihw/224159323355
2026-07-21 01:34:54,816 INFO Skipping blacklisted search result: https://m.blog.naver.com/flythfk2/223143778546
2026-07-21 01:34:54,816 INFO Skipping non-official search result: https://pickle.plus/blog/%EB%84%B7%ED%94%8C%EB%A6%AD%EC%8A%A4%EA%B5%AC%EB%8F%85%ED%95%B4%EC%A7%80-%EC%9E%90%EB%8F%99%EA%B2%B0%EC%A0%9C%ED%99%98%EB%B6%88%EB%B0%A9%EB%B2%95
2026-07-21 01:34:54,833 INFO Skipping blacklisted search result: https://m.blog.naver.com/uncledison/223207712850
2026-07-21 01:34:54,834 INFO Skipping blacklisted search result: https://www.reddit.com/r/netflix/comments/1sbpfqs/netflix_owes_refunds?tl=ko
2026-07-21 01:34:54,835 INFO Skipping non-official search result: https://m.joseilbo.com/news/view.htm?newsid=524218
2026-07-21 01:34:54,835 INFO Searching refund_cancellation: 넷플릭스 refund cancellation policy
2026-07-21 01:34:55,116 INFO Skipping non-official search result: https://www.learnwithnetflix.com/refund-policy
2026-07-21 01:34:55,116 INFO Skipping non-official search result: https://xpendy.com/us/blog/united-states-of-america-how-to-cancel-your-netflix-subscription-the-easy-way
2026-07-21 01:34:55,216 INFO Skipping non-official search result: https://www.engadget.com/entertainment/streaming/how-to-cancel-your-netflix-subscription-202230648.html
2026-07-21 01:34:55,235 INFO Skipping non-official search result: https://www.flixbus.com/service/change-cancel-a-booking/cancellation-policy
2026-07-21 01:34:55,315 INFO Searching billing_autorenewal: 넷플릭스 자동결제 정기결제 정책
2026-07-21 01:34:55,640 INFO Skipping blacklisted search result: https://issueoftv.tistory.com/3
2026-07-21 01:34:55,640 INFO Skipping non-official search result: https://www.youtube.com/watch?v=QOnmJnnoX1o
2026-07-21 01:34:55,641 INFO Skipping blacklisted search result: https://m.blog.naver.com/mysiteman/223431721152
2026-07-21 01:34:55,641 INFO Skipping non-official search result: https://www.banksalad.com/articles/%EB%84%B7%ED%94%8C%EB%A6%AD%EC%8A%A4-%EC%9A%94%EA%B8%88%EC%A0%9C%EC%99%80-%EA%B0%80%EA%B2%A9-%EA%B3%84%EC%A0%95-%EA%B3%B5%EC%9C%A0-%EA%B8%88%EC%A7%80%EA%B9%8C%EC%A7%80
2026-07-21 01:34:55,641 INFO Skipping non-official search result: https://support.google.com/googleplay/answer/7018481?hl=ko&co=GENIE.Platform%3DAndroid
2026-07-21 01:34:55,641 INFO Searching billing_autorenewal: 넷플릭스 결제 갱신 해지
2026-07-21 01:34:55,864 INFO Skipping blacklisted search result: https://issueoftv.tistory.com/3
2026-07-21 01:34:55,864 INFO Skipping non-official search result: https://pickle.plus/blog/%EB%84%B7%ED%94%8C%EB%A6%AD%EC%8A%A4%EA%B5%AC%EB%8F%85%ED%95%B4%EC%A7%80-%EC%9E%90%EB%8F%99%EA%B2%B0%EC%A0%9C%ED%99%98%EB%B6%88%EB%B0%A9%EB%B2%95
2026-07-21 01:34:55,864 INFO Skipping non-official search result: https://namu.wiki/w/%EB%84%B7%ED%94%8C%EB%A6%AD%EC%8A%A4
2026-07-21 01:34:55,865 INFO Skipping blacklisted search result: https://m.blog.naver.com/uncledison/223207712850
2026-07-21 01:34:55,865 INFO Searching billing_autorenewal: 넷플릭스 billing auto renewal policy
2026-07-21 01:34:56,089 INFO Skipping non-official search result: https://posh.vip/e/how-to-stop-netflix-automatic-payment-cancel-netflix-auto-renewal
2026-07-21 01:34:56,089 INFO Skipping non-official search result: https://www.shamisgentile.com/class-actions/auto-renewing-subscription
2026-07-21 01:34:56,089 INFO Skipping non-official search result: https://www.youtube.com/watch?v=tCSu9zS5hHc
2026-07-21 01:34:56,089 INFO Skipping non-official search result: https://www.facebook.com/groups/NetflixBangers/posts/2297005777353204
2026-07-21 01:34:56,089 INFO Skipping non-official search result: https://hbr.org/2026/05/should-your-subscription-business-use-auto-renew
2026-07-21 01:34:56,090 INFO Searching platform_refund: 넷플릭스 앱스토어 환불
2026-07-21 01:34:56,317 INFO Skipping blacklisted search result: https://m.blog.naver.com/uncledison/223207712850
2026-07-21 01:34:56,317 INFO Skipping non-official search result: https://apps.apple.com/kr/app/netflix/id363590051
2026-07-21 01:34:56,317 INFO Skipping blacklisted search result: https://gametapa.tistory.com/entry/%EB%84%B7%ED%94%8C%EB%A6%AD%EC%8A%A4-%EA%B2%B0%EC%A0%9C-%ED%95%B4%EC%A7%80-%EB%B0%8F-%ED%99%98%EB%B6%88-%EB%B0%A9%EB%B2%95-%EC%9E%90%EC%84%B8%ED%95%98%EA%B2%8C-%EC%95%8C%EC%95%84%EB%B3%B4%EA%B8%B0
2026-07-21 01:34:56,317 INFO Skipping non-official search result: https://play.google.com/store/apps/details?id=com.netflix.mediaclient&hl=ko
2026-07-21 01:34:56,317 INFO Skipping non-official search result: https://apps.apple.com/us/app/netflix/id363590051
2026-07-21 01:34:56,318 INFO Searching platform_refund: 넷플릭스 구글플레이 환불
2026-07-21 01:34:56,538 INFO Skipping non-official search result: https://namu.wiki/w/%EB%84%B7%ED%94%8C%EB%A6%AD%EC%8A%A4
2026-07-21 01:34:56,538 INFO Skipping blacklisted search result: https://sanefafa.tistory.com/277
2026-07-21 01:34:56,538 INFO Skipping blacklisted search result: https://anotherdifference.tistory.com/255
2026-07-21 01:34:56,538 INFO Skipping non-official search result: https://d58.nicesongtoyou.com/6218
2026-07-21 01:34:56,538 INFO Skipping non-official search result: https://play.google.com/store/apps/details?id=com.netflix.mediaclient&hl=ko
2026-07-21 01:34:56,539 INFO Skipping blacklisted search result: https://ko.wikipedia.org/wiki/%EB%84%B7%ED%94%8C%EB%A6%AD%EC%8A%A4
2026-07-21 01:34:56,539 INFO Searching platform_refund: 넷플릭스 App Store Google Play refund
2026-07-21 01:34:56,761 INFO Skipping non-official search result: https://www.learnwithnetflix.com/refund-policy
2026-07-21 01:34:56,761 INFO Skipping non-official search result: https://help.netflixshopsupport.com/hc/en-us/articles/25574524085652-Do-I-get-a-full-refund-on-my-return
2026-07-21 01:34:56,761 INFO Skipping non-official search result: https://www.androidpolice.com/google-play-store-get-refund
2026-07-21 01:34:56,776 INFO Skipping non-official search result: https://www.youtube.com/watch?v=0nc_CdPgfnk
2026-07-21 01:35:08,940 INFO Policy evidence is weak; skipping https://brand.netflix.com/en/terms
2026-07-21 01:35:09,828 INFO Policy evidence is weak; skipping https://help.netflix.com/legal/privacy/history
2026-07-21 01:35:13,634 INFO Policy evidence is weak; skipping https://support.google.com/googleplay/answer/15574908?hl=en
2026-07-21 01:35:15,836 INFO Policy evidence is weak; skipping https://support.google.com/googleplay/answer/2479637?hl=en
2026-07-21 01:35:17,527 INFO Policy evidence is weak; skipping https://support.google.com/googleplay/answer/15574897?hl=en
2026-07-21 01:35:21,228 INFO Policy evidence is weak; skipping https://help.netflix.com/ko/node/22
2026-07-21 01:35:22,815 INFO Policy evidence is weak; skipping https://help.netflix.com/ko/node/100637
2026-07-21 01:35:24,146 INFO Policy evidence is weak; skipping https://help.netflix.com/ko/node/113408
2026-07-21 01:35:25,827 INFO Policy evidence is weak; skipping https://help.netflix.com/ko/node/123277
2026-07-21 01:56:22,070 INFO Searching terms: 넷플릭스 이용약관
2026-07-21 01:56:26,333 INFO Skipping blacklisted search result: https://m.blog.naver.com/rbs1234/222226305000
2026-07-21 01:56:26,333 INFO Skipping non-official search result: http://www.sisamedia.kr/news/articleView.html?idxno=43871
2026-07-21 01:56:26,364 INFO Skipping non-official search result: https://www.youtube.com/watch?v=vjBo-FIvxGo
2026-07-21 01:56:26,401 INFO Skipping non-official search result: https://www.khan.co.kr/article/202510100600051
2026-07-21 01:56:26,410 INFO Skipping non-official search result: https://namu.wiki/w/%EB%84%B7%ED%94%8C%EB%A6%AD%EC%8A%A4
2026-07-21 01:56:26,410 INFO Skipping blacklisted search result: https://blog.naver.com/attorney_choi/222284254142?viewType=pc
2026-07-21 01:56:26,411 INFO Skipping blacklisted search result: https://ko.wikipedia.org/wiki/%EB%84%B7%ED%94%8C%EB%A6%AD%EC%8A%A4
2026-07-21 01:56:26,411 INFO Skipping blacklisted search result: https://blog.naver.com/htiger31/221774113391?viewType=pc
2026-07-21 01:56:26,411 INFO Searching terms: 넷플릭스 서비스 약관
2026-07-21 01:56:28,949 INFO Skipping blacklisted search result: https://m.blog.naver.com/rbs1234/222226305000
2026-07-21 01:56:28,949 INFO Skipping non-official search result: http://www.sisamedia.kr/news/articleView.html?idxno=43871
2026-07-21 01:56:28,981 INFO Skipping non-official search result: https://www.hankookilbo.com/news/article/202001151337047523
2026-07-21 01:56:28,981 INFO Skipping non-official search result: https://www.youtube.com/watch?v=vjBo-FIvxGo
2026-07-21 01:56:28,981 INFO Skipping non-official search result: https://www.khan.co.kr/article/202510100600051
2026-07-21 01:56:28,990 INFO Skipping non-official search result: https://news.einfomax.co.kr/news/articleView.html?idxno=4129444
2026-07-21 01:56:29,021 INFO Skipping non-official search result: https://namu.wiki/w/%EB%84%B7%ED%94%8C%EB%A6%AD%EC%8A%A4
2026-07-21 01:56:29,021 INFO Skipping non-official search result: https://www.korea.kr/briefing/policyBriefingView.do?newsId=156371174
2026-07-21 01:56:29,022 INFO Searching terms: 넷플릭스 terms of service
2026-07-21 01:56:32,656 INFO Skipping non-official search result: https://tsandzzz.com/netflix-terms-of-use
2026-07-21 01:56:32,656 INFO Skipping non-official search result: https://cdn.ca9.uscourts.gov/datastore/library/2013/02/26/Nosal_Netflix.pdf
2026-07-21 01:56:32,656 INFO Skipping blacklisted search result: https://terms.law/ToS-Watchdog/streaming-services/netflix
2026-07-21 01:56:32,676 INFO Skipping non-official search result: https://www.netflix.shop/pages/terms-of-use
2026-07-21 01:56:32,698 INFO Skipping non-official search result: https://www.scribd.com/document/476622930/termsofuse
2026-07-21 01:56:32,699 INFO Skipping non-official search result: https://mvk-cs-uploads.s3.us-east-1.amazonaws.com/Netflix%2C%20Inc.%20-%20netflix%20-%20influencer%20agreement.pdf
2026-07-21 01:56:32,699 INFO Skipping non-official search result: https://newsroom.kakaoent.com/terms-of-use
2026-07-21 01:56:32,700 INFO Searching privacy: 넷플릭스 개인정보 처리방침
2026-07-21 01:56:35,500 INFO Skipping non-official search result: https://v.daum.net/v/cyEn7wHJcW
2026-07-21 01:56:35,500 INFO Skipping blacklisted search result: https://brunch.co.kr/@manofpeace/326
2026-07-21 01:56:35,533 INFO Searching privacy: 넷플릭스 privacy policy
2026-07-21 01:56:39,255 INFO Skipping non-official search result: https://www.whats-on-netflix.com/privacy-policy
2026-07-21 01:56:39,256 INFO Skipping non-official search result: https://www.netflixinyourneighbourhood.ca/privacy
2026-07-21 01:56:39,256 INFO Skipping non-official search result: https://www.netflix.shop/pages/privacy-statement
2026-07-21 01:56:39,304 INFO Skipping non-official search result: https://www.scribd.com/document/484690445/Netflix-docx
2026-07-21 01:56:39,305 INFO Skipping non-official search result: https://github.com/OpenTermsArchive/contrib-versions/blob/main/Netflix/Privacy%20Policy.md
2026-07-21 01:56:39,306 INFO Skipping non-official search result: https://www.kakao.com/policy/privacy?lang=en
2026-07-21 01:56:39,307 INFO Skipping non-official search result: https://www.kakaocorp.com/policy/privacyPolicy/corporateSitePrivacyPolicy?lang=en
2026-07-21 01:56:39,307 INFO Searching refund_cancellation: 넷플릭스 환불 해지 정책
2026-07-21 01:56:43,161 INFO Skipping blacklisted search result: https://nohuo.tistory.com/entry/%EB%84%B7%ED%94%8C%EB%A6%AD%EC%8A%A4-%ED%95%B4%EC%A7%80-%ED%9B%84-%ED%99%98%EB%B6%88-%EA%B7%9C%EC%A0%95-%EC%99%84%EB%B2%BD-%EC%A0%95%EB%A6%AC
2026-07-21 01:56:43,161 INFO Skipping blacklisted search result: https://miamiduri.tistory.com/133
2026-07-21 01:56:43,174 INFO Skipping blacklisted search result: https://m.blog.naver.com/ddihw/224159323355
2026-07-21 01:56:43,174 INFO Skipping blacklisted search result: https://m.blog.naver.com/cheeks00/224223998301
2026-07-21 01:56:43,190 INFO Skipping non-official search result: https://pickle.plus/blog/%EB%84%B7%ED%94%8C%EB%A6%AD%EC%8A%A4%EA%B5%AC%EB%8F%85%ED%95%B4%EC%A7%80-%EC%9E%90%EB%8F%99%EA%B2%B0%EC%A0%9C%ED%99%98%EB%B6%88%EB%B0%A9%EB%B2%95
2026-07-21 01:56:43,191 INFO Skipping blacklisted search result: https://blog.naver.com/attorney_choi/222284254142?viewType=pc
2026-07-21 01:56:43,192 INFO Skipping blacklisted search result: https://yureka1822.tistory.com/entry/%EB%84%B7%ED%94%8C%EB%A6%AD%EC%8A%A4-%EB%A9%A4%EB%B2%84%EC%8B%AD-%ED%95%B4%EC%A7%80-%EB%B0%8F-%ED%99%98%EB%B6%88-%EA%B3%A0%EA%B0%9D%EC%84%BC%ED%84%B0-%EC%97%86%EC%9D%B4-%EB%B9%A0%EB%A5%B4%EA%B2%8C-%ED%99%98%EB%B6%88%EB%B0%9B%EC%9E%90
2026-07-21 01:56:43,192 INFO Skipping blacklisted search result: https://m.blog.naver.com/uncledison/223207712850
2026-07-21 01:56:43,192 INFO Searching refund_cancellation: 넷플릭스 환불정책 이용 해지
2026-07-21 01:56:46,324 INFO Skipping blacklisted search result: https://blog.naver.com/jhbd10004/223771525539?viewType=pc
2026-07-21 01:56:46,324 INFO Skipping blacklisted search result: https://miamiduri.tistory.com/133
2026-07-21 01:56:46,324 INFO Skipping blacklisted search result: https://blog.naver.com/supapa13/223428142784
2026-07-21 01:56:46,347 INFO Skipping blacklisted search result: https://nohuo.tistory.com/entry/%EB%84%B7%ED%94%8C%EB%A6%AD%EC%8A%A4-%ED%95%B4%EC%A7%80-%ED%9B%84-%ED%99%98%EB%B6%88-%EA%B7%9C%EC%A0%95-%EC%99%84%EB%B2%BD-%EC%A0%95%EB%A6%AC
2026-07-21 01:56:46,364 INFO Skipping blacklisted search result: https://m.blog.naver.com/ddihw/224159323355
2026-07-21 01:56:46,364 INFO Skipping blacklisted search result: https://brunch.co.kr/@f15874dad00f4e0/368
2026-07-21 01:56:46,382 INFO Skipping non-official search result: https://pickle.plus/blog/%EB%84%B7%ED%94%8C%EB%A6%AD%EC%8A%A4%EA%B5%AC%EB%8F%85%ED%95%B4%EC%A7%80-%EC%9E%90%EB%8F%99%EA%B2%B0%EC%A0%9C%ED%99%98%EB%B6%88%EB%B0%A9%EB%B2%95
2026-07-21 01:56:46,382 INFO Skipping blacklisted search result: https://yureka1822.tistory.com/entry/%EB%84%B7%ED%94%8C%EB%A6%AD%EC%8A%A4-%EB%A9%A4%EB%B2%84%EC%8B%AD-%ED%95%B4%EC%A7%80-%EB%B0%8F-%ED%99%98%EB%B6%88-%EA%B3%A0%EA%B0%9D%EC%84%BC%ED%84%B0-%EC%97%86%EC%9D%B4-%EB%B9%A0%EB%A5%B4%EA%B2%8C-%ED%99%98%EB%B6%88%EB%B0%9B%EC%9E%90
2026-07-21 01:56:46,382 INFO Searching refund_cancellation: 넷플릭스 refund cancellation policy
2026-07-21 01:56:47,987 INFO Skipping non-official search result: https://www.learnwithnetflix.com/refund-policy
2026-07-21 01:56:47,987 INFO Skipping blacklisted search result: https://blog.naver.com/attorney_choi/222284254142?viewType=pc
2026-07-21 01:56:48,010 INFO Skipping non-official search result: https://xpendy.com/us/blog/united-states-of-america-how-to-cancel-your-netflix-subscription-the-easy-way
2026-07-21 01:56:48,024 INFO Skipping non-official search result: https://www.engadget.com/entertainment/streaming/how-to-cancel-your-netflix-subscription-202230648.html
2026-07-21 01:56:48,033 INFO Skipping non-official search result: https://www.netflix.shop/pages/return-policy
2026-07-21 01:56:48,033 INFO Skipping blacklisted search result: https://sanefafa.tistory.com/277
2026-07-21 01:56:48,033 INFO Searching billing_autorenewal: 넷플릭스 자동결제 정기결제 정책
2026-07-21 01:56:51,087 INFO Skipping non-official search result: https://m.site.naver.com/1ZTHF
2026-07-21 01:56:51,087 INFO Skipping blacklisted search result: https://issueoftv.tistory.com/3
2026-07-21 01:56:51,087 INFO Skipping non-official search result: https://pickle.plus/blog/%EB%84%B7%ED%94%8C%EB%A6%AD%EC%8A%A4%EA%B5%AC%EB%8F%85%ED%95%B4%EC%A7%80-%EC%9E%90%EB%8F%99%EA%B2%B0%EC%A0%9C%ED%99%98%EB%B6%88%EB%B0%A9%EB%B2%95
2026-07-21 01:56:51,117 INFO Skipping blacklisted search result: https://m.blog.naver.com/djusti/223674688875
2026-07-21 01:56:51,127 INFO Skipping blacklisted search result: https://m.blog.naver.com/mysiteman/223431721152
2026-07-21 01:56:51,139 INFO Skipping non-official search result: https://www.eyesmag.com/posts/132894/subscription-economy-payment
2026-07-21 01:56:51,139 INFO Searching billing_autorenewal: 넷플릭스 결제 갱신 해지
2026-07-21 01:56:54,674 INFO Skipping non-official search result: https://www.gamsgo.com/ko/blog/how-to-renew-your-netflix-subscription
2026-07-21 01:56:54,675 INFO Skipping non-official search result: https://pickle.plus/blog/%EB%84%B7%ED%94%8C%EB%A6%AD%EC%8A%A4%EA%B5%AC%EB%8F%85%ED%95%B4%EC%A7%80-%EC%9E%90%EB%8F%99%EA%B2%B0%EC%A0%9C%ED%99%98%EB%B6%88%EB%B0%A9%EB%B2%95
2026-07-21 01:56:54,696 INFO Skipping non-official search result: https://namu.wiki/w/%EB%84%B7%ED%94%8C%EB%A6%AD%EC%8A%A4
2026-07-21 01:56:54,696 INFO Skipping blacklisted search result: https://m.blog.naver.com/dmsgp361/223416001078
2026-07-21 01:56:54,713 INFO Skipping blacklisted search result: https://m.blog.naver.com/uncledison/223207712850
2026-07-21 01:56:54,730 INFO Searching billing_autorenewal: 넷플릭스 billing auto renewal policy
2026-07-21 01:56:58,680 INFO Skipping non-official search result: https://www.youtube.com/watch?v=tCSu9zS5hHc
2026-07-21 01:56:58,680 INFO Skipping non-official search result: https://www.youtube.com/watch?v=ymeL6kSvoRs
2026-07-21 01:56:58,696 INFO Skipping non-official search result: https://thelyonfirm.com/class-action/auto-renewal-deceptive-billing-practices
2026-07-21 01:56:58,697 INFO Skipping non-official search result: https://www.youtube.com/watch?v=fIAarVDZt8M
2026-07-21 01:56:58,709 INFO Skipping non-official search result: https://docs.byteplus.com/en/docs/byteplus-platform/docs-auto-renewal-billing-date
2026-07-21 01:56:58,720 INFO Searching platform_refund: 넷플릭스 앱스토어 환불
2026-07-21 01:57:01,901 INFO Skipping blacklisted search result: https://m.blog.naver.com/cheeks00/224223998301
2026-07-21 01:57:01,901 INFO Skipping blacklisted search result: https://hanseokhyeon.tistory.com/entry/2020917-%EB%84%B7%ED%94%8C%EB%A6%AD%EC%8A%A4-%ED%99%98%EB%B6%88-%ED%9B%84%EA%B8%B0-%EC%95%84%EC%9D%B4%ED%8F%B0-or-%EC%95%84%EC%9D%B4%ED%8C%A8%EB%93%9C%EB%A1%9C
2026-07-21 01:57:01,930 INFO Skipping blacklisted search result: https://m.blog.naver.com/uncledison/223207712850
2026-07-21 01:57:01,930 INFO Skipping non-official search result: https://apps.apple.com/kr/app/netflix/id363590051
2026-07-21 01:57:01,950 INFO Skipping non-official search result: https://play.google.com/store/apps/details?id=com.netflix.mediaclient&hl=ko
2026-07-21 01:57:01,951 INFO Skipping non-official search result: https://www.eyesmag.com/posts/132894/subscription-economy-payment
2026-07-21 01:57:01,952 INFO Skipping non-official search result: https://apps.apple.com/us/app/netflix/id363590051
2026-07-21 01:57:01,952 INFO Searching platform_refund: 넷플릭스 구글플레이 환불
2026-07-21 01:57:05,231 INFO Skipping non-official search result: https://namu.wiki/w/%EB%84%B7%ED%94%8C%EB%A6%AD%EC%8A%A4
2026-07-21 01:57:05,231 INFO Skipping blacklisted search result: https://m.blog.naver.com/shuming061/223088953029
2026-07-21 01:57:05,302 INFO Skipping non-official search result: https://play.google.com/store/apps/details?id=com.netflix.mediaclient&hl=ko
2026-07-21 01:57:05,303 INFO Skipping blacklisted search result: https://gametapa.tistory.com/entry/%EB%84%B7%ED%94%8C%EB%A6%AD%EC%8A%A4-%EA%B2%B0%EC%A0%9C-%ED%95%B4%EC%A7%80-%EB%B0%8F-%ED%99%98%EB%B6%88-%EB%B0%A9%EB%B2%95-%EC%9E%90%EC%84%B8%ED%95%98%EA%B2%8C-%EC%95%8C%EC%95%84%EB%B3%B4%EA%B8%B0
2026-07-21 01:57:05,331 INFO Searching platform_refund: 넷플릭스 App Store Google Play refund
2026-07-21 01:57:09,814 INFO Skipping non-official search result: https://play.google.com/store/apps/details?id=com.netflix.mediaclient&hl=ko
2026-07-21 01:57:09,815 INFO Skipping non-official search result: https://www.netflix.shop/pages/return-policy
2026-07-21 01:57:09,852 INFO Skipping non-official search result: https://www.learnwithnetflix.com/refund-policy
2026-07-21 01:57:09,852 INFO Skipping non-official search result: https://help.netflixshopsupport.com/hc/en-us/articles/25574524085652-Do-I-get-a-full-refund-on-my-return
2026-07-21 01:57:09,869 INFO Skipping non-official search result: https://www.digitaltrends.com/phones/how-to-google-play-store-refund
2026-07-21 01:57:09,869 INFO Skipping non-official search result: https://www.androidpolice.com/google-play-store-get-refund
2026-07-21 01:57:13,518 INFO Policy evidence is weak; skipping https://help.netflix.com/legal/privacy/history
2026-07-21 01:57:22,318 INFO Policy evidence is weak; skipping https://help.netflix.com/ko/node/22
2026-07-21 01:57:23,801 INFO Policy evidence is weak; skipping https://help.netflix.com/ko/node/134233
2026-07-21 01:57:24,676 INFO Policy evidence is weak; skipping https://help.netflix.com/ko/node/113408
2026-07-21 01:57:26,042 INFO Policy evidence is weak; skipping https://support.google.com/googleplay/answer/15574897?hl=en
2026-07-21 01:57:27,485 INFO Policy evidence is weak; skipping https://help.netflix.com/en/node/24926
2026-07-21 01:57:28,347 INFO Policy evidence is weak; skipping https://help.netflix.com/ko/node/100624
2026-07-21 01:57:29,222 INFO Policy evidence is weak; skipping https://help.netflix.com/ko/node/100637
2026-07-21 01:58:04,661 WARNING Could not confidently discover official domain for 디즈니 플러스
2026-07-21 01:58:33,849 INFO Discovered official domain for disney plus: disneyplus.com (125)
2026-07-21 01:58:33,849 INFO Searching terms: disney plus 이용약관
2026-07-21 01:58:37,169 INFO Skipping non-official search result: https://disneytermsofuse.com/korean
2026-07-21 01:58:37,169 INFO Skipping non-official search result: https://namu.wiki/w/%EB%94%94%EC%A6%88%EB%8B%88%2B
2026-07-21 01:58:37,190 INFO Searching terms: disney plus 서비스 약관
2026-07-21 01:58:40,815 INFO Skipping non-official search result: https://disneytermsofuse.com/korean
2026-07-21 01:58:40,815 INFO Skipping non-official search result: https://namu.wiki/w/%EB%94%94%EC%A6%88%EB%8B%88%2B
2026-07-21 01:58:40,815 INFO Searching terms: disney plus terms of service
2026-07-21 01:58:44,128 INFO Skipping non-official search result: https://ballsandstrikes.org/legal-culture/disney-plus-lawsuit-terms-of-service
2026-07-21 01:58:44,128 INFO Skipping blacklisted search result: https://www.reddit.com/r/DisneyPlus/comments/1f4efvr/a_colorcoded_summary_of_the_disney_terms_of
2026-07-21 01:58:44,140 INFO Skipping non-official search result: https://www.facebook.com/disneytips/posts/-disney-just-updated-their-terms-of-service-heres-what-to-know/1316105707220868
2026-07-21 01:58:44,140 INFO Skipping non-official search result: https://disneytermsofuse.com/english
2026-07-21 01:58:44,140 INFO Skipping non-official search result: https://hls.harvard.edu/today/does-signing-up-for-disney-mean-you-can-never-sue-the-walt-disney-company
2026-07-21 01:58:44,140 INFO Searching privacy: disney plus 개인정보 처리방침
2026-07-21 01:58:49,065 INFO Skipping non-official search result: https://privacy.thewaltdisneycompany.com/ko/current-privacy-policy-ko-kr
2026-07-21 01:58:49,065 INFO Skipping non-official search result: https://privacy.thewaltdisneycompany.com/ko
2026-07-21 01:58:49,066 INFO Skipping non-official search result: https://www.hollywoodreporter.com/business/digital/netflix-disney-data-privacy-ads-1235234652
2026-07-21 01:58:49,094 INFO Skipping non-official search result: https://privacy.thewaltdisneycompany.com/ko/supplemental-privacy-policy-for-republic-of-korea
2026-07-21 01:58:49,094 INFO Searching privacy: disney plus privacy policy
2026-07-21 01:58:51,633 INFO Skipping non-official search result: https://whatsondisneyplus.com/privacy-policy-2
2026-07-21 01:58:51,633 INFO Skipping non-official search result: https://privacy.thewaltdisneycompany.com/en
2026-07-21 01:58:51,633 INFO Skipping non-official search result: https://privacy.thewaltdisneycompany.com/en/current-privacy-policy/your-us-state-privacy-rights
2026-07-21 01:58:51,676 INFO Skipping non-official search result: https://privacy.thewaltdisneycompany.com/en/dnssmpi
2026-07-21 01:58:51,676 INFO Skipping non-official search result: https://www.hollywoodreporter.com/business/digital/netflix-disney-data-privacy-ads-1235234652
2026-07-21 01:58:51,676 INFO Skipping non-official search result: https://certpro.com/disney-data-privacy-violations
2026-07-21 01:58:51,676 INFO Skipping non-official search result: https://vinciworks.com/blog/disneys-2-75-million-data-privacy-wake-up-call
2026-07-21 01:58:51,758 INFO Searching refund_cancellation: disney plus 환불 해지 정책
2026-07-21 01:58:55,245 INFO Skipping blacklisted search result: https://m.blog.naver.com/zencstory/223222324676
2026-07-21 01:58:55,245 INFO Skipping blacklisted search result: https://blog.naver.com/psc813/223880851775?fromRss=true&trackingCode=rss
2026-07-21 01:58:55,267 INFO Skipping non-official search result: https://m.kin.naver.com/qna/dirs/410/docs/450830647?qb=a&qnaDetailTrackingCode=end_similar_list
2026-07-21 01:58:55,267 INFO Skipping non-official search result: https://www.subdelete.com/ko/us/cancel-subscription/disney-plus
2026-07-21 01:58:55,267 INFO Searching refund_cancellation: disney plus 환불정책 이용 해지
2026-07-21 01:58:59,164 INFO Skipping blacklisted search result: https://m.blog.naver.com/zencstory/223222324676
2026-07-21 01:58:59,164 INFO Skipping blacklisted search result: https://linkinfoma.tistory.com/m/471
2026-07-21 01:58:59,164 INFO Skipping blacklisted search result: https://blog.naver.com/gdvisual/223164912660
2026-07-21 01:58:59,175 INFO Skipping blacklisted search result: https://blog.naver.com/psc813/223880851775?fromRss=true&trackingCode=rss
2026-07-21 01:58:59,179 INFO Skipping blacklisted search result: https://www.reddit.com/r/DisneyPlus/comments/1gthtd2/impossible_to_cancel_the_annual_subscription_and?tl=ko
2026-07-21 01:58:59,179 INFO Skipping blacklisted search result: https://www.reddit.com/r/DisneyPlus/comments/duvy8h/what_happens_if_you_cancel_and_you_paid_for_a_year?tl=ko
2026-07-21 01:58:59,180 INFO Searching refund_cancellation: disney plus refund cancellation policy
2026-07-21 01:59:02,861 INFO Skipping non-official search result: https://www.justanswer.com/email/ku9jz-want-cancel-disney-plus-refund.html
2026-07-21 01:59:02,861 INFO Skipping blacklisted search result: https://www.reddit.com/r/DisneyPlus/comments/1bmhp1s/cancelled_and_received_a_refund_after_renewal
2026-07-21 01:59:02,971 INFO Skipping non-official search result: https://www.tiktok.com/discover/does-disney-plus-give-you-your-money-back-when-you-cancel-your-subscription
2026-07-21 01:59:03,043 INFO Searching billing_autorenewal: disney plus 자동결제 정기결제 정책
2026-07-21 01:59:06,374 INFO Skipping blacklisted search result: https://www.reddit.com/r/DisneyPlus/comments/f7c8a2/disney_plus_not_a_recurring_bill?tl=ko
2026-07-21 01:59:06,374 INFO Searching billing_autorenewal: disney plus 결제 갱신 해지
2026-07-21 01:59:09,302 INFO Skipping blacklisted search result: https://m.blog.naver.com/zencstory/223222324676
2026-07-21 01:59:09,302 INFO Skipping blacklisted search result: https://blog.naver.com/handrer/223964411385
2026-07-21 01:59:09,302 INFO Skipping blacklisted search result: https://blog.naver.com/winsweet/223566736077
2026-07-21 01:59:09,331 INFO Skipping non-official search result: https://www.subdelete.com/ko/br/cancel-subscription/disney-plus
2026-07-21 01:59:09,345 INFO Skipping non-official search result: https://www.subdelete.com/ko/py/cancel-subscription/disney-plus
2026-07-21 01:59:09,362 INFO Skipping non-official search result: https://www.subdelete.com/ko/us/cancel-subscription/disney-plus
2026-07-21 01:59:09,379 INFO Searching billing_autorenewal: disney plus billing auto renewal policy
2026-07-21 01:59:11,862 INFO Skipping non-official search result: https://github.com/nime0708/other/issues/2
2026-07-21 01:59:11,862 INFO Skipping blacklisted search result: https://www.reddit.com/r/DisneyPlus/comments/18fdqc5/does_disney_not_send_an_email_notice_when_its
2026-07-21 01:59:11,887 INFO Skipping non-official search result: https://support.google.com/googleplay/thread/271125009/how-can-i-cancel-the-auto-renewal-on-my-subscription-on-disney?hl=en
2026-07-21 01:59:11,895 INFO Searching platform_refund: disney plus 앱스토어 환불
2026-07-21 01:59:14,689 INFO Skipping blacklisted search result: https://hiosds.tistory.com/208
2026-07-21 01:59:14,689 INFO Skipping non-official search result: https://resubs.app/ko/resources/how-to-cancel-disney-plus
2026-07-21 01:59:14,706 INFO Skipping blacklisted search result: https://www.reddit.com/r/cordcutters/comments/dysqyo/disney_refund?tl=ko
2026-07-21 01:59:14,707 INFO Skipping non-official search result: https://www.disney.com
2026-07-21 01:59:14,707 INFO Searching platform_refund: disney plus 구글플레이 환불
2026-07-21 01:59:18,944 INFO Skipping blacklisted search result: https://hiosds.tistory.com/208
2026-07-21 01:59:18,944 INFO Skipping blacklisted search result: http://blog.naver.com/yukihana96/222633438869
2026-07-21 01:59:18,977 INFO Skipping blacklisted search result: https://m.blog.naver.com/zencstory/223222324676
2026-07-21 01:59:18,977 INFO Skipping blacklisted search result: https://m.blog.naver.com/shuming061/223088953029
2026-07-21 01:59:18,994 INFO Searching platform_refund: disney plus App Store Google Play refund
2026-07-21 01:59:23,766 INFO Skipping non-official search result: https://www.digitaltrends.com/phones/how-to-google-play-store-refund
2026-07-21 01:59:23,766 INFO Skipping non-official search result: https://mjtsai.com/blog/2024/12/20/why-disney-stopped-subscriptions-on-the-app-store
2026-07-21 01:59:26,807 WARNING discarding data: None
2026-07-21 01:59:30,348 INFO Policy evidence is weak; skipping https://www.disneyplus.com/legal/privacy-policy
2026-07-21 01:59:32,374 WARNING discarding data: None
2026-07-21 01:59:35,558 INFO Policy evidence is weak; skipping https://www.disneyplus.com/legal/**%EA%B0%9C%EC%9D%B8%EC%A0%95%EB%B3%B4-%EC%B2%98%EB%A6%AC%EB%B0%A9%EC%B9%A8-%EB%B6%80%EC%86%8D%EC%84%9C**
2026-07-21 01:59:36,041 WARNING discarding data: None
2026-07-21 01:59:39,518 INFO Policy evidence is weak; skipping https://help.disneyplus.com/ko/article/disneyplus-view-charges
2026-07-21 01:59:42,308 INFO Policy evidence is weak; skipping https://support.google.com/googleplay/answer/2479637?hl=en
2026-07-21 01:59:43,023 INFO Policy evidence is weak; skipping https://www.apps.disneyplus.com/my/terms-of-use
2026-07-21 01:59:46,935 WARNING discarding data: None
2026-07-21 01:59:50,084 INFO Policy evidence is weak; skipping https://www.disneyplus.com/ko-kr/legal/**%EA%B0%9C%EC%9D%B8%EC%A0%95%EB%B3%B4-%EC%B2%98%EB%A6%AC%EB%B0%A9%EC%B9%A8**
2026-07-21 01:59:50,706 WARNING discarding data: None
2026-07-21 01:59:54,531 INFO Policy evidence is weak; skipping https://help.disneyplus.com/en-GB/article/disneyplus-en-au-view-charges
2026-07-21 01:59:54,955 WARNING discarding data: None
2026-07-21 01:59:57,687 INFO Policy evidence is weak; skipping https://help.disneyplus.com/article/disneyplus-en-ca-view-charges
2026-07-21 01:59:58,105 WARNING discarding data: None
2026-07-21 02:00:01,135 INFO Policy evidence is weak; skipping https://help.disneyplus.com/ko/article/disneyplus-automatic-payments
2026-07-21 02:00:02,604 INFO Policy evidence is weak; skipping https://support.google.com/googleplay/answer/15574897?hl=en
2026-07-21 02:00:02,803 INFO Policy evidence is weak; skipping https://www.disneyplus.com/ko-kr
2026-07-21 02:00:03,186 WARNING discarding data: None
2026-07-21 02:00:06,340 INFO Policy evidence is weak; skipping https://www.disneyplus.com/legal/subscriber-agreement
2026-07-21 02:00:09,920 INFO Policy evidence is weak; skipping https://www.disneyplus.com/ko-kr/cancel-contract
2026-07-21 02:03:31,322 INFO Discovered official domain for 티빙: instagram.com (67)
2026-07-21 02:03:31,322 INFO Searching terms: 티빙 이용약관
2026-07-21 02:03:35,633 INFO Skipping blacklisted search result: https://infos.tistory.com/3489
2026-07-21 02:03:35,715 INFO Skipping non-official search result: https://v.daum.net/v/20260519151513981
2026-07-21 02:03:35,737 INFO Skipping non-official search result: https://www.tving.com/policy/pay-terms
2026-07-21 02:03:35,749 INFO Skipping non-official search result: https://www.tving.com/policy/terms
2026-07-21 02:03:35,759 INFO Skipping non-official search result: https://www.khan.co.kr/article/202504221504001
2026-07-21 02:03:35,759 INFO Skipping non-official search result: https://www.tving.com
2026-07-21 02:03:35,771 INFO Skipping non-official search result: https://www.newstomato.com/readnews.aspx?no=1301389
2026-07-21 02:03:35,771 INFO Searching terms: 티빙 서비스 약관
2026-07-21 02:03:39,716 INFO Skipping blacklisted search result: https://infos.tistory.com/3489
2026-07-21 02:03:39,716 INFO Skipping non-official search result: https://v.daum.net/v/20260519151513981
2026-07-21 02:03:39,716 INFO Skipping non-official search result: https://www.khan.co.kr/article/202504221504001
2026-07-21 02:03:39,729 INFO Skipping non-official search result: https://www.tving.com/policy/terms
2026-07-21 02:03:39,815 INFO Skipping non-official search result: https://biz.sbs.co.kr/article/20000311350
2026-07-21 02:03:39,916 INFO Skipping non-official search result: https://www.threads.com/@iboss_official/post/DYinfzfCQmH/7-%ED%8B%B0%EB%B9%99%EC%9D%B4-26%EC%9D%BC%EB%B6%80%ED%84%B0-%EA%B0%9C%EC%A0%95-%EC%95%BD%EA%B4%80%EC%97%90-%EA%B4%91%EA%B3%A0-%EA%B8%B0%EB%B0%98-%EB%AC%B4%EB%A3%8C-%EC%84%9C%EB%B9%84%EC%8A%A4%EB%A5%BC-%EB%AA%85%EC%8B%9C%ED%95%B4-%EB%A1%9C%EA%B7%B8%EC%9D%B8-%EC%97%86%EC%9D%B4-%EB%B3%B4%EB%8A%94-%EC%88%8F%ED%8F%BC-%EC%BD%94%EB%AF%B8%EB%94%94-%EB%93%B1-%EB%AC%B4%EB%A3%8C-%EC%BD%98%ED%85%90%EC%B8%A0%EB%A1%9C-%EC%9D%B4%EC%9A%A9%EC%9E%90%EB%A5%BC-%EB%84%93%ED%9E%88%EA%B3%A0-1%EB%B6%84%EA%B8%B0-353?hl=ko
2026-07-21 02:03:39,916 INFO Skipping non-official search result: https://www.tving.com
2026-07-21 02:03:39,916 INFO Skipping non-official search result: https://www.newstomato.com/readnews.aspx?no=1301389
2026-07-21 02:03:39,916 INFO Searching terms: 티빙 terms of service
2026-07-21 02:03:45,985 INFO Skipping non-official search result: https://legal.twitch.com/en/legal/terms-of-service
2026-07-21 02:03:45,985 INFO Skipping non-official search result: https://www.twilio.com/en-us/legal/tos
2026-07-21 02:03:45,992 INFO Skipping blacklisted search result: https://www.koreajoongangdaily.com/business/streaming-services-ordered-to-change-refund-terms/11360612
2026-07-21 02:03:45,994 INFO Skipping non-official search result: https://www.ting.com/terms-of-service
2026-07-21 02:03:45,995 INFO Skipping blacklisted search result: https://en.wikipedia.org/wiki/Terms_of_service
2026-07-21 02:03:45,995 INFO Skipping non-official search result: https://www.tencent.com/en-us/service-agreement.html
2026-07-21 02:03:45,995 INFO Skipping blacklisted search result: https://teletobi-bbo.tistory.com/entry/%ED%8B%B0%EB%B9%99-%EA%B3%A0%EA%B0%9D%EC%84%BC%ED%84%B0-%EC%83%81%EB%8B%B4%EC%82%AC%EC%97%B0%EA%B2%B0
2026-07-21 02:03:45,995 INFO Skipping blacklisted search result: https://www.chosun.com/english/sports-en/2025/11/18/VKETXBYPNZFYXGIWOWU5ASG6EQ
2026-07-21 02:03:45,996 INFO Searching privacy: 티빙 개인정보 처리방침
2026-07-21 02:03:52,460 INFO Skipping non-official search result: https://www.tving.com/policy/privacy
2026-07-21 02:03:52,460 INFO Skipping non-official search result: https://namu.wiki/w/TVING%20%EA%B0%9C%EC%9D%B8%EC%A0%95%EB%B3%B4%20%EC%9C%A0%EC%B6%9C%20%EC%82%AC%EA%B1%B4
2026-07-21 02:03:52,460 INFO Skipping non-official search result: https://v.daum.net/v/BCSvYnAiOU?f=p
2026-07-21 02:03:52,515 INFO Skipping non-official search result: https://it.donga.com/109054
2026-07-21 02:03:52,525 INFO Skipping blacklisted search result: https://m.blog.naver.com/notefactory-/224313829655
2026-07-21 02:03:52,525 INFO Skipping blacklisted search result: https://blog.naver.com/sooheenam/224304580561
2026-07-21 02:03:52,529 INFO Skipping non-official search result: https://www.tving.com/info-check
2026-07-21 02:03:52,529 INFO Searching privacy: 티빙 privacy policy
2026-07-21 02:03:59,218 INFO Skipping non-official search result: https://www.tving.com/policy/privacy
2026-07-21 02:03:59,218 INFO Skipping non-official search result: https://linkedin.com/posts/hs-kang-98362312_위기에-처한-리더에게-딴지를-거는-레드팀이-꼭-필요한-이유-강함수의-activity-6833521565079085057-ZA6O
2026-07-21 02:03:59,315 INFO Skipping blacklisted search result: https://blog.naver.com/sooheenam/224304580561
2026-07-21 02:03:59,316 INFO Skipping non-official search result: https://www.tving.com
2026-07-21 02:03:59,316 INFO Skipping non-official search result: https://www.klog.kr/info/티빙-홈페이지-바로가기
2026-07-21 02:03:59,316 INFO Skipping non-official search result: https://cjnews.cj.net/tag/%ED%8B%B0%EB%B9%99
2026-07-21 02:03:59,316 INFO Skipping blacklisted search result: https://teletobi-bbo.tistory.com/entry/%ED%8B%B0%EB%B9%99-%EA%B3%A0%EA%B0%9D%EC%84%BC%ED%84%B0-%EC%83%81%EB%8B%B4%EC%82%AC%EC%97%B0%EA%B2%B0
2026-07-21 02:03:59,316 INFO Skipping non-official search result: https://www.tiktok.com/discover/%ED%8B%B0%EB%B9%99-2025-%EC%83%81%EB%B0%98%EA%B8%B0%EB%93%9C%EB%9D%BC%EB%A7%88
2026-07-21 02:03:59,316 INFO Searching refund_cancellation: 티빙 환불 해지 정책
2026-07-21 02:04:03,335 INFO Skipping blacklisted search result: https://m.blog.naver.com/rywls92/223648353911
2026-07-21 02:04:03,335 INFO Skipping non-official search result: https://namu.wiki/w/TVING
2026-07-21 02:04:03,346 INFO Skipping blacklisted search result: https://mobile-rate.tistory.com/517
2026-07-21 02:04:03,346 INFO Skipping blacklisted search result: https://m.blog.naver.com/winsweet/223675144883
2026-07-21 02:04:03,346 INFO Skipping blacklisted search result: https://blog.naver.com/shark959/222397510446
2026-07-21 02:04:03,346 INFO Skipping non-official search result: https://www.tving.com/bill/subscription/plan?tab=plus
2026-07-21 02:04:03,353 INFO Skipping non-official search result: https://blog.whatssub.co/post/tving-cancel
2026-07-21 02:04:03,353 INFO Skipping non-official search result: https://m.kin.naver.com/qna/dirs/10905/docs/449986415
2026-07-21 02:04:03,353 INFO Searching refund_cancellation: 티빙 환불정책 이용 해지
2026-07-21 02:04:12,716 INFO Skipping blacklisted search result: https://m.blog.naver.com/rywls92/223648353911
2026-07-21 02:04:12,716 INFO Skipping blacklisted search result: https://conifer.tistory.com/entry/%ED%8B%B0%EB%B9%99-%ED%95%B4%EC%A7%80-%EB%B0%A9%EB%B2%95-%ED%99%98%EB%B6%88%EA%B9%8C%EC%A7%80-%EC%99%84%EB%A3%8C-%ED%9B%84%EA%B8%B0
2026-07-21 02:04:12,716 INFO Skipping blacklisted search result: https://americano1900.tistory.com/entry/TVING-%ED%8B%B0%EB%B9%99-%EC%9D%B4%EC%9A%A9%EA%B6%8C-%ED%99%98%EB%B6%88-%EB%B0%8F-%EC%A0%95%EA%B8%B0%EA%B2%B0%EC%A0%9C-%ED%95%B4%EC%A7%80-%EB%B0%A9%EB%B2%95
2026-07-21 02:04:12,718 INFO Skipping blacklisted search result: https://m.blog.naver.com/winsweet/223675144883
2026-07-21 02:04:12,718 INFO Skipping blacklisted search result: https://blog.naver.com/shark959/222397510446
2026-07-21 02:04:12,718 INFO Skipping blacklisted search result: https://blog.naver.com/psc813/223880842138?viewType=pc
2026-07-21 02:04:12,726 INFO Skipping non-official search result: https://blog.whatssub.co/post/tving-cancel
2026-07-21 02:04:12,726 INFO Skipping non-official search result: https://m.kin.naver.com/qna/dirs/10905/docs/449986415
2026-07-21 02:04:12,726 INFO Searching refund_cancellation: 티빙 refund cancellation policy
2026-07-21 02:04:14,816 INFO Skipping blacklisted search result: https://www.koreajoongangdaily.com/business/streaming-services-ordered-to-change-refund-terms/11360612
2026-07-21 02:04:14,816 INFO Skipping blacklisted search result: https://m.blog.naver.com/winsweet/223675144883
2026-07-21 02:04:14,816 INFO Skipping blacklisted search result: https://conifer.tistory.com/entry/%ED%8B%B0%EB%B9%99-%ED%95%B4%EC%A7%80-%EB%B0%A9%EB%B2%95-%ED%99%98%EB%B6%88%EA%B9%8C%EC%A7%80-%EC%99%84%EB%A3%8C-%ED%9B%84%EA%B8%B0
2026-07-21 02:04:14,915 INFO Skipping blacklisted search result: https://blog.naver.com/shark959/222397510446
2026-07-21 02:04:14,916 INFO Skipping non-official search result: https://help.turo.com/en_us/refund-timing-rkyN44gEc
2026-07-21 02:04:15,015 INFO Skipping non-official search result: https://developers.booking.com/demand/docs/orders-api/cancellation-policies
2026-07-21 02:04:15,030 INFO Skipping non-official search result: https://www.tving.com
2026-07-21 02:04:15,031 INFO Skipping non-official search result: https://support.nordvpn.com/hc/en-us/articles/19476991311121-What-is-your-refund-policy
2026-07-21 02:04:15,031 INFO Searching billing_autorenewal: 티빙 자동결제 정기결제 정책
2026-07-21 02:04:18,818 INFO Skipping blacklisted search result: https://beautiful-sky.tistory.com/837
2026-07-21 02:04:18,818 INFO Skipping blacklisted search result: https://m.blog.naver.com/rywls92/223648353911
2026-07-21 02:04:18,819 INFO Skipping blacklisted search result: https://m.blog.naver.com/bank_news/224246936121?rvid=D2E8DCA7110CC92F963BE4B66703BDB3CCE5&targetKeyword=%EC%A0%95%EA%B8%B0%EA%B2%B0%EC%A0%9C%ED%95%B4%EC%A7%80
2026-07-21 02:04:18,844 INFO Skipping blacklisted search result: https://americano1900.tistory.com/entry/TVING-%ED%8B%B0%EB%B9%99-%EC%9D%B4%EC%9A%A9%EA%B6%8C-%ED%99%98%EB%B6%88-%EB%B0%8F-%EC%A0%95%EA%B8%B0%EA%B2%B0%EC%A0%9C-%ED%95%B4%EC%A7%80-%EB%B0%A9%EB%B2%95
2026-07-21 02:04:18,845 INFO Skipping blacklisted search result: https://m.blog.naver.com/rudtjq131313/224044877918
2026-07-21 02:04:18,845 INFO Skipping blacklisted search result: https://haeyum2417.tistory.com/entry/%ED%8B%B0%EB%B9%99-%EC%A0%95%EA%B8%B0%EA%B2%B0%EC%A0%9C-%ED%95%B4%EC%A7%80-%EB%B3%80%EA%B2%BD%EB%B0%A9%EB%B2%95-%ED%8B%B0%EB%B9%99-%EA%B2%B0%EC%A0%9C%EC%88%98%EB%8B%A8-%EB%B3%80%EA%B2%BD%EB%B0%A9%EB%B2%95
2026-07-21 02:04:18,845 INFO Skipping blacklisted search result: https://classytip.tistory.com/213
2026-07-21 02:04:18,845 INFO Skipping non-official search result: https://www.tving.com/bill/subscription/plan?tab=plus
2026-07-21 02:04:18,845 INFO Searching billing_autorenewal: 티빙 결제 갱신 해지
2026-07-21 02:04:20,938 INFO Skipping blacklisted search result: https://red-fruit.tistory.com/864
2026-07-21 02:04:20,938 INFO Skipping blacklisted search result: https://m.blog.naver.com/rywls92/223648353911
2026-07-21 02:04:20,938 INFO Skipping non-official search result: https://spiralmans.com/entry/%ED%8B%B0%EB%B9%99-%EC%9A%94%EA%B8%88%EC%A0%9C-%ED%95%B4%EC%A7%80%EB%B0%A9%EB%B2%95-%EC%9E%90%EB%8F%99%EA%B2%B0%EC%A0%9C-%EC%A4%91%EB%8B%A8%EB%B6%80%ED%84%B0-%ED%95%B4%EC%A7%80-%ED%83%80%EC%9D%B4%EB%B0%8D%EA%B9%8C%EC%A7%80-%EC%A0%95%ED%99%95%ED%95%98%EA%B2%8C-%EC%A0%95%EB%A6%AC
2026-07-21 02:04:21,015 INFO Skipping non-official search result: https://slowlynote.com/126
2026-07-21 02:04:21,023 INFO Skipping non-official search result: https://namu.wiki/w/TVING
2026-07-21 02:04:21,038 INFO Skipping non-official search result: https://v.daum.net/v/20251018085150050
2026-07-21 02:04:21,038 INFO Skipping non-official search result: https://www.tving.com
2026-07-21 02:04:21,038 INFO Skipping non-official search result: https://product.kt.com/wDic/productDetail.do?ItemCode=1547
2026-07-21 02:04:21,038 INFO Searching billing_autorenewal: 티빙 billing auto renewal policy
2026-07-21 02:04:27,939 INFO Skipping non-official search result: https://www.lawinsider.com/clause/auto-renewal
2026-07-21 02:04:27,939 INFO Skipping non-official search result: https://namu.wiki/w/TVING
2026-07-21 02:04:27,939 INFO Skipping non-official search result: https://www.contractken.com/glossary/renewal
2026-07-21 02:04:28,016 INFO Skipping non-official search result: https://www.bclplaw.com/en-US/events-insights-news/subscription-based-business-models-an-overview-of-auto-renewal-regulations.html
2026-07-21 02:04:28,016 INFO Skipping non-official search result: https://www.tving.com
2026-07-21 02:04:28,115 INFO Skipping non-official search result: https://www.gtlaw.com/en/insights/2023/2/stricter-standards-emerging-for-subscription-style-services-that-renew-automatically
2026-07-21 02:04:28,131 INFO Skipping non-official search result: https://www.kaplancollectionagency.com/credit-policies/99-of-b2b-auto-renewals-are-no-longer-enforceable-as-written
2026-07-21 02:04:28,215 INFO Skipping non-official search result: https://www.mofo.com/resources/insights/220113-recent-auto-renewal-law-changes
2026-07-21 02:04:28,225 INFO Searching platform_refund: 티빙 앱스토어 환불
2026-07-21 02:04:31,916 INFO Skipping blacklisted search result: https://beautiful-sky.tistory.com/849
2026-07-21 02:04:31,917 INFO Skipping blacklisted search result: https://mobile-rate.tistory.com/517
2026-07-21 02:04:31,917 INFO Skipping non-official search result: https://slowlynote.com/126
2026-07-21 02:04:31,932 INFO Skipping non-official search result: https://cl2033.com/entry/%ED%8B%B0%EB%B9%99-%ED%95%B4%EC%A7%80-%ED%99%98%EB%B6%88-%EC%9D%B4%EC%9A%A9%EA%B6%8C-%EA%B5%AC%EB%8F%85-%EC%B7%A8%EC%86%8C-%EB%B0%A9%EB%B2%95-%EB%AA%A8%EB%B0%94%EC%9D%BC-PC-%EA%B5%AC%EA%B8%80-%EC%95%84%EC%9D%B4%ED%8F%B0-%EC%95%B1%EC%8A%A4%ED%86%A0%EC%96%B4
2026-07-21 02:04:31,944 INFO Skipping blacklisted search result: https://handongmoa.tistory.com/entry/%ED%8B%B0%EB%B9%99-%EC%9E%90%EB%8F%99%EA%B2%B0%EC%A0%9C-%ED%95%B4%EC%A7%80-%EB%B0%8F-%ED%99%98%EB%B6%88-%EB%B0%A9%EB%B2%95-2025%EB%85%84-%EC%99%84%EC%A0%84-%EC%A0%95%EB%A6%AC
2026-07-21 02:04:32,015 INFO Skipping non-official search result: https://m.kin.naver.com/qna/dirs/10905/docs/492160160?qb=7J&qnaDetailTrackingCode=end_similar_list
2026-07-21 02:04:32,016 INFO Skipping blacklisted search result: https://m.blog.naver.com/rudtjq131313/224044877918
2026-07-21 02:04:32,016 INFO Skipping non-official search result: https://tving.appstor.io
2026-07-21 02:04:32,016 INFO Searching platform_refund: 티빙 구글플레이 환불
2026-07-21 02:04:40,999 INFO Skipping blacklisted search result: https://mobile-rate.tistory.com/517
2026-07-21 02:04:41,000 INFO Skipping non-official search result: https://m.kin.naver.com/qna/dirs/10905/docs/473711423
2026-07-21 02:04:41,024 INFO Skipping non-official search result: https://play.google.com/store/apps/details?id=net.cj.cjhv.gs.tving&hl=ko
2026-07-21 02:04:41,116 INFO Skipping non-official search result: https://m.kin.naver.com/qna/dirs/10905/docs/483897429
2026-07-21 02:04:41,129 INFO Skipping blacklisted search result: https://blog.naver.com/psc813/223880842138?viewType=pc
2026-07-21 02:04:41,129 INFO Searching platform_refund: 티빙 App Store Google Play refund
2026-07-21 02:04:47,051 INFO Skipping non-official search result: https://play.google.com/store/apps/dev?id=5411404617533446121&hl=en_NZ
2026-07-21 02:04:47,051 INFO Skipping non-official search result: https://tms-outsource.com/blog/posts/how-to-get-a-refund-from-the-google-play-store
2026-07-21 02:04:47,051 INFO Skipping non-official search result: https://www.androidpolice.com/google-play-store-get-refund
2026-07-21 02:04:47,051 INFO Skipping non-official search result: https://androidpolice.com/google-play-store-get-refund
2026-07-21 02:04:47,051 INFO Skipping blacklisted search result: https://6myo6a.tistory.com/entry/%ED%8B%B0%EB%B9%99-%EA%B5%AC%EB%8F%85-%ED%95%B4%EC%A7%80-%ED%99%98%EB%B6%88%ED%95%98%EA%B8%B0-with-%ED%8B%B0%EB%B9%99%EC%95%B1-%EC%95%A0%ED%94%8C%EC%84%9C%EB%B9%84%EC%8A%A4
2026-07-21 02:04:47,051 INFO Skipping non-official search result: https://apps.apple.com/kr/story/id1543355540?l=en-GB
2026-07-21 02:04:54,427 INFO Policy evidence is weak; skipping https://support.google.com/googleplay/answer/15574908?hl=en
2026-07-21 02:04:56,829 INFO Policy evidence is weak; skipping https://www.instagram.com/reel/DW0_lkOyw1f
2026-07-21 02:04:57,529 WARNING discarding data: None
2026-07-21 02:05:46,817 INFO Discovered official domain for 티빙: instagram.com (67)
2026-07-21 02:05:46,818 INFO Searching terms: 티빙 이용약관
2026-07-21 02:05:47,216 INFO Skipping blacklisted search result: https://infos.tistory.com/3489
2026-07-21 02:05:47,216 INFO Skipping non-official search result: https://v.daum.net/v/20260519151513981
2026-07-21 02:05:47,234 INFO Skipping non-official search result: https://www.tving.com/policy/pay-terms
2026-07-21 02:05:47,316 INFO Skipping non-official search result: https://www.tving.com/policy/terms
2026-07-21 02:05:47,415 INFO Skipping non-official search result: https://www.khan.co.kr/article/202504221504001
2026-07-21 02:05:47,416 INFO Skipping non-official search result: https://www.tving.com
2026-07-21 02:05:47,416 INFO Skipping non-official search result: https://www.newstomato.com/readnews.aspx?no=1301389
2026-07-21 02:05:47,426 INFO Searching terms: 티빙 서비스 약관
2026-07-21 02:05:47,654 INFO Skipping blacklisted search result: https://infos.tistory.com/3489
2026-07-21 02:05:47,654 INFO Skipping non-official search result: https://v.daum.net/v/20260519151513981
2026-07-21 02:05:47,654 INFO Skipping non-official search result: https://www.khan.co.kr/article/202504221504001
2026-07-21 02:05:47,654 INFO Skipping non-official search result: https://www.tving.com/policy/terms
2026-07-21 02:05:47,654 INFO Skipping non-official search result: https://biz.sbs.co.kr/article/20000311350
2026-07-21 02:05:47,654 INFO Skipping non-official search result: https://www.threads.com/@iboss_official/post/DYinfzfCQmH/7-%ED%8B%B0%EB%B9%99%EC%9D%B4-26%EC%9D%BC%EB%B6%80%ED%84%B0-%EA%B0%9C%EC%A0%95-%EC%95%BD%EA%B4%80%EC%97%90-%EA%B4%91%EA%B3%A0-%EA%B8%B0%EB%B0%98-%EB%AC%B4%EB%A3%8C-%EC%84%9C%EB%B9%84%EC%8A%A4%EB%A5%BC-%EB%AA%85%EC%8B%9C%ED%95%B4-%EB%A1%9C%EA%B7%B8%EC%9D%B8-%EC%97%86%EC%9D%B4-%EB%B3%B4%EB%8A%94-%EC%88%8F%ED%8F%BC-%EC%BD%94%EB%AF%B8%EB%94%94-%EB%93%B1-%EB%AC%B4%EB%A3%8C-%EC%BD%98%ED%85%90%EC%B8%A0%EB%A1%9C-%EC%9D%B4%EC%9A%A9%EC%9E%90%EB%A5%BC-%EB%84%93%ED%9E%88%EA%B3%A0-1%EB%B6%84%EA%B8%B0-353?hl=ko
2026-07-21 02:05:47,654 INFO Skipping non-official search result: https://www.tving.com
2026-07-21 02:05:47,654 INFO Skipping non-official search result: https://www.newstomato.com/readnews.aspx?no=1301389
2026-07-21 02:05:47,654 INFO Searching terms: 티빙 terms of service
2026-07-21 02:05:47,881 INFO Skipping non-official search result: https://legal.twitch.com/en/legal/terms-of-service
2026-07-21 02:05:47,881 INFO Skipping non-official search result: https://www.twilio.com/en-us/legal/tos
2026-07-21 02:05:47,881 INFO Skipping blacklisted search result: https://www.koreajoongangdaily.com/business/streaming-services-ordered-to-change-refund-terms/11360612
2026-07-21 02:05:47,895 INFO Skipping non-official search result: https://www.ting.com/terms-of-service
2026-07-21 02:05:47,895 INFO Skipping blacklisted search result: https://en.wikipedia.org/wiki/Terms_of_service
2026-07-21 02:05:47,896 INFO Skipping non-official search result: https://www.tencent.com/en-us/service-agreement.html
2026-07-21 02:05:47,896 INFO Skipping blacklisted search result: https://teletobi-bbo.tistory.com/entry/%ED%8B%B0%EB%B9%99-%EA%B3%A0%EA%B0%9D%EC%84%BC%ED%84%B0-%EC%83%81%EB%8B%B4%EC%82%AC%EC%97%B0%EA%B2%B0
2026-07-21 02:05:47,896 INFO Skipping blacklisted search result: https://www.chosun.com/english/sports-en/2025/11/18/VKETXBYPNZFYXGIWOWU5ASG6EQ
2026-07-21 02:05:47,896 INFO Searching privacy: 티빙 개인정보 처리방침
2026-07-21 02:05:48,121 INFO Skipping non-official search result: https://www.tving.com/policy/privacy
2026-07-21 02:05:48,121 INFO Skipping non-official search result: https://namu.wiki/w/TVING%20%EA%B0%9C%EC%9D%B8%EC%A0%95%EB%B3%B4%20%EC%9C%A0%EC%B6%9C%20%EC%82%AC%EA%B1%B4
2026-07-21 02:05:48,121 INFO Skipping non-official search result: https://v.daum.net/v/BCSvYnAiOU?f=p
2026-07-21 02:05:48,121 INFO Skipping non-official search result: https://it.donga.com/109054
2026-07-21 02:05:48,121 INFO Skipping blacklisted search result: https://m.blog.naver.com/notefactory-/224313829655
2026-07-21 02:05:48,122 INFO Skipping blacklisted search result: https://blog.naver.com/sooheenam/224304580561
2026-07-21 02:05:48,122 INFO Skipping non-official search result: https://www.tving.com/info-check
2026-07-21 02:05:48,122 INFO Searching privacy: 티빙 privacy policy
2026-07-21 02:05:48,348 INFO Skipping non-official search result: https://www.tving.com/policy/privacy
2026-07-21 02:05:48,348 INFO Skipping non-official search result: https://linkedin.com/posts/hs-kang-98362312_위기에-처한-리더에게-딴지를-거는-레드팀이-꼭-필요한-이유-강함수의-activity-6833521565079085057-ZA6O
2026-07-21 02:05:48,349 INFO Skipping blacklisted search result: https://blog.naver.com/sooheenam/224304580561
2026-07-21 02:05:48,349 INFO Skipping non-official search result: https://www.tving.com
2026-07-21 02:05:48,349 INFO Skipping non-official search result: https://www.klog.kr/info/티빙-홈페이지-바로가기
2026-07-21 02:05:48,389 INFO Skipping non-official search result: https://cjnews.cj.net/tag/%ED%8B%B0%EB%B9%99
2026-07-21 02:05:48,389 INFO Skipping blacklisted search result: https://teletobi-bbo.tistory.com/entry/%ED%8B%B0%EB%B9%99-%EA%B3%A0%EA%B0%9D%EC%84%BC%ED%84%B0-%EC%83%81%EB%8B%B4%EC%82%AC%EC%97%B0%EA%B2%B0
2026-07-21 02:05:48,389 INFO Skipping non-official search result: https://www.tiktok.com/discover/%ED%8B%B0%EB%B9%99-2025-%EC%83%81%EB%B0%98%EA%B8%B0%EB%93%9C%EB%9D%BC%EB%A7%88
2026-07-21 02:05:48,389 INFO Searching refund_cancellation: 티빙 환불 해지 정책
2026-07-21 02:05:48,623 INFO Skipping blacklisted search result: https://m.blog.naver.com/rywls92/223648353911
2026-07-21 02:05:48,623 INFO Skipping non-official search result: https://namu.wiki/w/TVING
2026-07-21 02:05:48,623 INFO Skipping blacklisted search result: https://mobile-rate.tistory.com/517
2026-07-21 02:05:48,623 INFO Skipping blacklisted search result: https://m.blog.naver.com/winsweet/223675144883
2026-07-21 02:05:48,623 INFO Skipping blacklisted search result: https://blog.naver.com/shark959/222397510446
2026-07-21 02:05:48,623 INFO Skipping non-official search result: https://www.tving.com/bill/subscription/plan?tab=plus
2026-07-21 02:05:48,623 INFO Skipping non-official search result: https://blog.whatssub.co/post/tving-cancel
2026-07-21 02:05:48,623 INFO Skipping non-official search result: https://m.kin.naver.com/qna/dirs/10905/docs/449986415
2026-07-21 02:05:48,623 INFO Searching refund_cancellation: 티빙 환불정책 이용 해지
2026-07-21 02:05:48,845 INFO Skipping blacklisted search result: https://m.blog.naver.com/rywls92/223648353911
2026-07-21 02:05:48,845 INFO Skipping blacklisted search result: https://conifer.tistory.com/entry/%ED%8B%B0%EB%B9%99-%ED%95%B4%EC%A7%80-%EB%B0%A9%EB%B2%95-%ED%99%98%EB%B6%88%EA%B9%8C%EC%A7%80-%EC%99%84%EB%A3%8C-%ED%9B%84%EA%B8%B0
2026-07-21 02:05:48,845 INFO Skipping blacklisted search result: https://americano1900.tistory.com/entry/TVING-%ED%8B%B0%EB%B9%99-%EC%9D%B4%EC%9A%A9%EA%B6%8C-%ED%99%98%EB%B6%88-%EB%B0%8F-%EC%A0%95%EA%B8%B0%EA%B2%B0%EC%A0%9C-%ED%95%B4%EC%A7%80-%EB%B0%A9%EB%B2%95
2026-07-21 02:05:48,845 INFO Skipping blacklisted search result: https://m.blog.naver.com/winsweet/223675144883
2026-07-21 02:05:48,845 INFO Skipping blacklisted search result: https://blog.naver.com/shark959/222397510446
2026-07-21 02:05:48,845 INFO Skipping blacklisted search result: https://blog.naver.com/psc813/223880842138?viewType=pc
2026-07-21 02:05:48,845 INFO Skipping non-official search result: https://blog.whatssub.co/post/tving-cancel
2026-07-21 02:05:48,845 INFO Skipping non-official search result: https://m.kin.naver.com/qna/dirs/10905/docs/449986415
2026-07-21 02:05:48,845 INFO Searching refund_cancellation: 티빙 refund cancellation policy
2026-07-21 02:05:49,069 INFO Skipping blacklisted search result: https://www.koreajoongangdaily.com/business/streaming-services-ordered-to-change-refund-terms/11360612
2026-07-21 02:05:49,069 INFO Skipping blacklisted search result: https://m.blog.naver.com/winsweet/223675144883
2026-07-21 02:05:49,069 INFO Skipping blacklisted search result: https://conifer.tistory.com/entry/%ED%8B%B0%EB%B9%99-%ED%95%B4%EC%A7%80-%EB%B0%A9%EB%B2%95-%ED%99%98%EB%B6%88%EA%B9%8C%EC%A7%80-%EC%99%84%EB%A3%8C-%ED%9B%84%EA%B8%B0
2026-07-21 02:05:49,069 INFO Skipping blacklisted search result: https://blog.naver.com/shark959/222397510446
2026-07-21 02:05:49,069 INFO Skipping non-official search result: https://help.turo.com/en_us/refund-timing-rkyN44gEc
2026-07-21 02:05:49,069 INFO Skipping non-official search result: https://developers.booking.com/demand/docs/orders-api/cancellation-policies
2026-07-21 02:05:49,069 INFO Skipping non-official search result: https://www.tving.com
2026-07-21 02:05:49,069 INFO Skipping non-official search result: https://support.nordvpn.com/hc/en-us/articles/19476991311121-What-is-your-refund-policy
2026-07-21 02:05:49,069 INFO Searching billing_autorenewal: 티빙 자동결제 정기결제 정책
2026-07-21 02:05:49,290 INFO Skipping blacklisted search result: https://beautiful-sky.tistory.com/837
2026-07-21 02:05:49,290 INFO Skipping blacklisted search result: https://m.blog.naver.com/rywls92/223648353911
2026-07-21 02:05:49,306 INFO Skipping blacklisted search result: https://m.blog.naver.com/bank_news/224246936121?rvid=D2E8DCA7110CC92F963BE4B66703BDB3CCE5&targetKeyword=%EC%A0%95%EA%B8%B0%EA%B2%B0%EC%A0%9C%ED%95%B4%EC%A7%80
2026-07-21 02:05:49,313 INFO Skipping blacklisted search result: https://americano1900.tistory.com/entry/TVING-%ED%8B%B0%EB%B9%99-%EC%9D%B4%EC%9A%A9%EA%B6%8C-%ED%99%98%EB%B6%88-%EB%B0%8F-%EC%A0%95%EA%B8%B0%EA%B2%B0%EC%A0%9C-%ED%95%B4%EC%A7%80-%EB%B0%A9%EB%B2%95
2026-07-21 02:05:49,313 INFO Skipping blacklisted search result: https://m.blog.naver.com/rudtjq131313/224044877918
2026-07-21 02:05:49,313 INFO Skipping blacklisted search result: https://haeyum2417.tistory.com/entry/%ED%8B%B0%EB%B9%99-%EC%A0%95%EA%B8%B0%EA%B2%B0%EC%A0%9C-%ED%95%B4%EC%A7%80-%EB%B3%80%EA%B2%BD%EB%B0%A9%EB%B2%95-%ED%8B%B0%EB%B9%99-%EA%B2%B0%EC%A0%9C%EC%88%98%EB%8B%A8-%EB%B3%80%EA%B2%BD%EB%B0%A9%EB%B2%95
2026-07-21 02:05:49,325 INFO Skipping blacklisted search result: https://classytip.tistory.com/213
2026-07-21 02:05:49,325 INFO Skipping non-official search result: https://www.tving.com/bill/subscription/plan?tab=plus
2026-07-21 02:05:49,325 INFO Searching billing_autorenewal: 티빙 결제 갱신 해지
2026-07-21 02:05:49,617 INFO Skipping blacklisted search result: https://red-fruit.tistory.com/864
2026-07-21 02:05:49,617 INFO Skipping blacklisted search result: https://m.blog.naver.com/rywls92/223648353911
2026-07-21 02:05:49,617 INFO Skipping non-official search result: https://spiralmans.com/entry/%ED%8B%B0%EB%B9%99-%EC%9A%94%EA%B8%88%EC%A0%9C-%ED%95%B4%EC%A7%80%EB%B0%A9%EB%B2%95-%EC%9E%90%EB%8F%99%EA%B2%B0%EC%A0%9C-%EC%A4%91%EB%8B%A8%EB%B6%80%ED%84%B0-%ED%95%B4%EC%A7%80-%ED%83%80%EC%9D%B4%EB%B0%8D%EA%B9%8C%EC%A7%80-%EC%A0%95%ED%99%95%ED%95%98%EA%B2%8C-%EC%A0%95%EB%A6%AC
2026-07-21 02:05:49,628 INFO Skipping non-official search result: https://slowlynote.com/126
2026-07-21 02:05:49,628 INFO Skipping non-official search result: https://namu.wiki/w/TVING
2026-07-21 02:05:49,628 INFO Skipping non-official search result: https://v.daum.net/v/20251018085150050
2026-07-21 02:05:49,639 INFO Skipping non-official search result: https://www.tving.com
2026-07-21 02:05:49,651 INFO Skipping non-official search result: https://product.kt.com/wDic/productDetail.do?ItemCode=1547
2026-07-21 02:05:49,678 INFO Searching billing_autorenewal: 티빙 billing auto renewal policy
2026-07-21 02:05:49,916 INFO Skipping non-official search result: https://www.lawinsider.com/clause/auto-renewal
2026-07-21 02:05:49,916 INFO Skipping non-official search result: https://namu.wiki/w/TVING
2026-07-21 02:05:49,916 INFO Skipping non-official search result: https://www.contractken.com/glossary/renewal
2026-07-21 02:05:50,018 INFO Skipping non-official search result: https://www.bclplaw.com/en-US/events-insights-news/subscription-based-business-models-an-overview-of-auto-renewal-regulations.html
2026-07-21 02:05:50,117 INFO Skipping non-official search result: https://www.tving.com
2026-07-21 02:05:50,160 INFO Skipping non-official search result: https://www.gtlaw.com/en/insights/2023/2/stricter-standards-emerging-for-subscription-style-services-that-renew-automatically
2026-07-21 02:05:50,160 INFO Skipping non-official search result: https://www.kaplancollectionagency.com/credit-policies/99-of-b2b-auto-renewals-are-no-longer-enforceable-as-written
2026-07-21 02:05:50,160 INFO Skipping non-official search result: https://www.mofo.com/resources/insights/220113-recent-auto-renewal-law-changes
2026-07-21 02:05:50,160 INFO Searching platform_refund: 티빙 앱스토어 환불
2026-07-21 02:05:50,416 INFO Skipping blacklisted search result: https://beautiful-sky.tistory.com/849
2026-07-21 02:05:50,416 INFO Skipping blacklisted search result: https://mobile-rate.tistory.com/517
2026-07-21 02:05:50,430 INFO Skipping non-official search result: https://slowlynote.com/126
2026-07-21 02:05:50,430 INFO Skipping non-official search result: https://cl2033.com/entry/%ED%8B%B0%EB%B9%99-%ED%95%B4%EC%A7%80-%ED%99%98%EB%B6%88-%EC%9D%B4%EC%9A%A9%EA%B6%8C-%EA%B5%AC%EB%8F%85-%EC%B7%A8%EC%86%8C-%EB%B0%A9%EB%B2%95-%EB%AA%A8%EB%B0%94%EC%9D%BC-PC-%EA%B5%AC%EA%B8%80-%EC%95%84%EC%9D%B4%ED%8F%B0-%EC%95%B1%EC%8A%A4%ED%86%A0%EC%96%B4
2026-07-21 02:05:50,430 INFO Skipping blacklisted search result: https://handongmoa.tistory.com/entry/%ED%8B%B0%EB%B9%99-%EC%9E%90%EB%8F%99%EA%B2%B0%EC%A0%9C-%ED%95%B4%EC%A7%80-%EB%B0%8F-%ED%99%98%EB%B6%88-%EB%B0%A9%EB%B2%95-2025%EB%85%84-%EC%99%84%EC%A0%84-%EC%A0%95%EB%A6%AC
2026-07-21 02:05:50,430 INFO Skipping non-official search result: https://m.kin.naver.com/qna/dirs/10905/docs/492160160?qb=7J&qnaDetailTrackingCode=end_similar_list
2026-07-21 02:05:50,516 INFO Skipping blacklisted search result: https://m.blog.naver.com/rudtjq131313/224044877918
2026-07-21 02:05:50,516 INFO Skipping non-official search result: https://tving.appstor.io
2026-07-21 02:05:50,525 INFO Searching platform_refund: 티빙 구글플레이 환불
2026-07-21 02:05:50,816 INFO Skipping blacklisted search result: https://mobile-rate.tistory.com/517
2026-07-21 02:05:50,816 INFO Skipping non-official search result: https://m.kin.naver.com/qna/dirs/10905/docs/473711423
2026-07-21 02:05:50,825 INFO Skipping non-official search result: https://play.google.com/store/apps/details?id=net.cj.cjhv.gs.tving&hl=ko
2026-07-21 02:05:50,827 INFO Skipping non-official search result: https://m.kin.naver.com/qna/dirs/10905/docs/483897429
2026-07-21 02:05:50,828 INFO Skipping blacklisted search result: https://blog.naver.com/psc813/223880842138?viewType=pc
2026-07-21 02:05:50,829 INFO Searching platform_refund: 티빙 App Store Google Play refund
2026-07-21 02:05:51,118 INFO Skipping non-official search result: https://play.google.com/store/apps/dev?id=5411404617533446121&hl=en_NZ
2026-07-21 02:05:51,118 INFO Skipping non-official search result: https://tms-outsource.com/blog/posts/how-to-get-a-refund-from-the-google-play-store
2026-07-21 02:05:51,134 INFO Skipping non-official search result: https://www.androidpolice.com/google-play-store-get-refund
2026-07-21 02:05:51,134 INFO Skipping non-official search result: https://androidpolice.com/google-play-store-get-refund
2026-07-21 02:05:51,134 INFO Skipping blacklisted search result: https://6myo6a.tistory.com/entry/%ED%8B%B0%EB%B9%99-%EA%B5%AC%EB%8F%85-%ED%95%B4%EC%A7%80-%ED%99%98%EB%B6%88%ED%95%98%EA%B8%B0-with-%ED%8B%B0%EB%B9%99%EC%95%B1-%EC%95%A0%ED%94%8C%EC%84%9C%EB%B9%84%EC%8A%A4
2026-07-21 02:05:51,216 INFO Skipping non-official search result: https://apps.apple.com/kr/story/id1543355540?l=en-GB
2026-07-21 02:06:00,242 INFO Policy evidence is weak; skipping https://support.google.com/googleplay/answer/15574908?hl=en
2026-07-21 02:06:02,817 INFO Policy evidence is weak; skipping https://www.instagram.com/reel/DW0_lkOyw1f
2026-07-21 02:06:03,724 INFO Policy evidence is weak; skipping https://www.instagram.com/p/DZmeavhieTs
2026-07-21 02:18:53,856 INFO Searching terms: 티빙 이용약관
2026-07-21 02:18:54,781 INFO Skipping blacklisted search result: https://infos.tistory.com/3489
2026-07-21 02:18:54,781 INFO Skipping non-official search result: https://v.daum.net/v/20260519151513981
2026-07-21 02:18:54,782 INFO Skipping non-official search result: https://www.khan.co.kr/article/202504221504001
2026-07-21 02:18:54,795 INFO Skipping non-official search result: https://www.newstomato.com/readnews.aspx?no=1301389
2026-07-21 02:18:54,796 INFO Skipping non-official search result: https://www.instagram.com/reel/DW0_lkOyw1f
2026-07-21 02:18:54,796 INFO Searching terms: 티빙 서비스 약관
2026-07-21 02:18:55,015 INFO Skipping blacklisted search result: https://infos.tistory.com/3489
2026-07-21 02:18:55,015 INFO Skipping non-official search result: https://v.daum.net/v/20260519151513981
2026-07-21 02:18:55,021 INFO Skipping non-official search result: https://www.khan.co.kr/article/202504221504001
2026-07-21 02:18:55,021 INFO Skipping non-official search result: https://biz.sbs.co.kr/article/20000311350
2026-07-21 02:18:55,022 INFO Skipping non-official search result: https://www.threads.com/@iboss_official/post/DYinfzfCQmH/7-%ED%8B%B0%EB%B9%99%EC%9D%B4-26%EC%9D%BC%EB%B6%80%ED%84%B0-%EA%B0%9C%EC%A0%95-%EC%95%BD%EA%B4%80%EC%97%90-%EA%B4%91%EA%B3%A0-%EA%B8%B0%EB%B0%98-%EB%AC%B4%EB%A3%8C-%EC%84%9C%EB%B9%84%EC%8A%A4%EB%A5%BC-%EB%AA%85%EC%8B%9C%ED%95%B4-%EB%A1%9C%EA%B7%B8%EC%9D%B8-%EC%97%86%EC%9D%B4-%EB%B3%B4%EB%8A%94-%EC%88%8F%ED%8F%BC-%EC%BD%94%EB%AF%B8%EB%94%94-%EB%93%B1-%EB%AC%B4%EB%A3%8C-%EC%BD%98%ED%85%90%EC%B8%A0%EB%A1%9C-%EC%9D%B4%EC%9A%A9%EC%9E%90%EB%A5%BC-%EB%84%93%ED%9E%88%EA%B3%A0-1%EB%B6%84%EA%B8%B0-353?hl=ko
2026-07-21 02:18:55,023 INFO Skipping non-official search result: https://www.newstomato.com/readnews.aspx?no=1301389
2026-07-21 02:18:55,024 INFO Searching terms: 티빙 terms of service
2026-07-21 02:18:55,249 INFO Skipping non-official search result: https://legal.twitch.com/en/legal/terms-of-service
2026-07-21 02:18:55,249 INFO Skipping non-official search result: https://www.twilio.com/en-us/legal/tos
2026-07-21 02:18:55,269 INFO Skipping blacklisted search result: https://www.koreajoongangdaily.com/business/streaming-services-ordered-to-change-refund-terms/11360612
2026-07-21 02:18:55,269 INFO Skipping non-official search result: https://www.ting.com/terms-of-service
2026-07-21 02:18:55,270 INFO Skipping blacklisted search result: https://en.wikipedia.org/wiki/Terms_of_service
2026-07-21 02:18:55,270 INFO Skipping non-official search result: https://www.tencent.com/en-us/service-agreement.html
2026-07-21 02:18:55,271 INFO Skipping blacklisted search result: https://teletobi-bbo.tistory.com/entry/%ED%8B%B0%EB%B9%99-%EA%B3%A0%EA%B0%9D%EC%84%BC%ED%84%B0-%EC%83%81%EB%8B%B4%EC%82%AC%EC%97%B0%EA%B2%B0
2026-07-21 02:18:55,271 INFO Skipping blacklisted search result: https://www.chosun.com/english/sports-en/2025/11/18/VKETXBYPNZFYXGIWOWU5ASG6EQ
2026-07-21 02:18:55,271 INFO Searching privacy: 티빙 개인정보 처리방침
2026-07-21 02:18:55,490 INFO Skipping non-official search result: https://namu.wiki/w/TVING%20%EA%B0%9C%EC%9D%B8%EC%A0%95%EB%B3%B4%20%EC%9C%A0%EC%B6%9C%20%EC%82%AC%EA%B1%B4
2026-07-21 02:18:55,490 INFO Skipping non-official search result: https://v.daum.net/v/BCSvYnAiOU?f=p
2026-07-21 02:18:55,509 INFO Skipping non-official search result: https://it.donga.com/109054
2026-07-21 02:18:55,509 INFO Skipping blacklisted search result: https://m.blog.naver.com/notefactory-/224313829655
2026-07-21 02:18:55,509 INFO Skipping non-official search result: https://www.instagram.com/p/DZmeavhieTs
2026-07-21 02:18:55,527 INFO Skipping blacklisted search result: https://blog.naver.com/sooheenam/224304580561
2026-07-21 02:18:55,527 INFO Searching privacy: 티빙 privacy policy
2026-07-21 02:18:55,756 INFO Skipping non-official search result: https://linkedin.com/posts/hs-kang-98362312_위기에-처한-리더에게-딴지를-거는-레드팀이-꼭-필요한-이유-강함수의-activity-6833521565079085057-ZA6O
2026-07-21 02:18:55,756 INFO Skipping blacklisted search result: https://blog.naver.com/sooheenam/224304580561
2026-07-21 02:18:55,756 INFO Skipping non-official search result: https://www.klog.kr/info/티빙-홈페이지-바로가기
2026-07-21 02:18:55,772 INFO Skipping non-official search result: https://cjnews.cj.net/tag/%ED%8B%B0%EB%B9%99
2026-07-21 02:18:55,772 INFO Skipping blacklisted search result: https://teletobi-bbo.tistory.com/entry/%ED%8B%B0%EB%B9%99-%EA%B3%A0%EA%B0%9D%EC%84%BC%ED%84%B0-%EC%83%81%EB%8B%B4%EC%82%AC%EC%97%B0%EA%B2%B0
2026-07-21 02:18:55,772 INFO Skipping non-official search result: https://www.tiktok.com/discover/%ED%8B%B0%EB%B9%99-2025-%EC%83%81%EB%B0%98%EA%B8%B0%EB%93%9C%EB%9D%BC%EB%A7%88
2026-07-21 02:18:55,784 INFO Searching refund_cancellation: 티빙 환불 해지 정책
2026-07-21 02:18:56,009 INFO Skipping blacklisted search result: https://m.blog.naver.com/rywls92/223648353911
2026-07-21 02:18:56,010 INFO Skipping non-official search result: https://namu.wiki/w/TVING
2026-07-21 02:18:56,010 INFO Skipping blacklisted search result: https://mobile-rate.tistory.com/517
2026-07-21 02:18:56,024 INFO Skipping blacklisted search result: https://m.blog.naver.com/winsweet/223675144883
2026-07-21 02:18:56,041 INFO Skipping blacklisted search result: https://blog.naver.com/shark959/222397510446
2026-07-21 02:18:56,042 INFO Skipping non-official search result: https://blog.whatssub.co/post/tving-cancel
2026-07-21 02:18:56,070 INFO Skipping non-official search result: https://m.kin.naver.com/qna/dirs/10905/docs/449986415
2026-07-21 02:18:56,070 INFO Searching refund_cancellation: 티빙 환불정책 이용 해지
2026-07-21 02:18:56,312 INFO Skipping blacklisted search result: https://m.blog.naver.com/rywls92/223648353911
2026-07-21 02:18:56,312 INFO Skipping blacklisted search result: https://conifer.tistory.com/entry/%ED%8B%B0%EB%B9%99-%ED%95%B4%EC%A7%80-%EB%B0%A9%EB%B2%95-%ED%99%98%EB%B6%88%EA%B9%8C%EC%A7%80-%EC%99%84%EB%A3%8C-%ED%9B%84%EA%B8%B0
2026-07-21 02:18:56,326 INFO Skipping blacklisted search result: https://americano1900.tistory.com/entry/TVING-%ED%8B%B0%EB%B9%99-%EC%9D%B4%EC%9A%A9%EA%B6%8C-%ED%99%98%EB%B6%88-%EB%B0%8F-%EC%A0%95%EA%B8%B0%EA%B2%B0%EC%A0%9C-%ED%95%B4%EC%A7%80-%EB%B0%A9%EB%B2%95
2026-07-21 02:18:56,343 INFO Skipping blacklisted search result: https://m.blog.naver.com/winsweet/223675144883
2026-07-21 02:18:56,343 INFO Skipping blacklisted search result: https://blog.naver.com/shark959/222397510446
2026-07-21 02:18:56,343 INFO Skipping blacklisted search result: https://blog.naver.com/psc813/223880842138?viewType=pc
2026-07-21 02:18:56,383 INFO Skipping non-official search result: https://blog.whatssub.co/post/tving-cancel
2026-07-21 02:18:56,383 INFO Skipping non-official search result: https://m.kin.naver.com/qna/dirs/10905/docs/449986415
2026-07-21 02:18:56,383 INFO Searching refund_cancellation: 티빙 refund cancellation policy
2026-07-21 02:18:56,606 INFO Skipping blacklisted search result: https://www.koreajoongangdaily.com/business/streaming-services-ordered-to-change-refund-terms/11360612
2026-07-21 02:18:56,607 INFO Skipping blacklisted search result: https://m.blog.naver.com/winsweet/223675144883
2026-07-21 02:18:56,607 INFO Skipping blacklisted search result: https://conifer.tistory.com/entry/%ED%8B%B0%EB%B9%99-%ED%95%B4%EC%A7%80-%EB%B0%A9%EB%B2%95-%ED%99%98%EB%B6%88%EA%B9%8C%EC%A7%80-%EC%99%84%EB%A3%8C-%ED%9B%84%EA%B8%B0
2026-07-21 02:18:56,637 INFO Skipping blacklisted search result: https://blog.naver.com/shark959/222397510446
2026-07-21 02:18:56,637 INFO Skipping non-official search result: https://help.turo.com/en_us/refund-timing-rkyN44gEc
2026-07-21 02:18:56,652 INFO Skipping non-official search result: https://developers.booking.com/demand/docs/orders-api/cancellation-policies
2026-07-21 02:18:56,652 INFO Skipping non-official search result: https://support.nordvpn.com/hc/en-us/articles/19476991311121-What-is-your-refund-policy
2026-07-21 02:18:56,669 INFO Searching billing_autorenewal: 티빙 자동결제 정기결제 정책
2026-07-21 02:18:56,891 INFO Skipping blacklisted search result: https://beautiful-sky.tistory.com/837
2026-07-21 02:18:56,891 INFO Skipping blacklisted search result: https://m.blog.naver.com/rywls92/223648353911
2026-07-21 02:18:56,892 INFO Skipping blacklisted search result: https://m.blog.naver.com/bank_news/224246936121?rvid=D2E8DCA7110CC92F963BE4B66703BDB3CCE5&targetKeyword=%EC%A0%95%EA%B8%B0%EA%B2%B0%EC%A0%9C%ED%95%B4%EC%A7%80
2026-07-21 02:18:56,910 INFO Skipping blacklisted search result: https://americano1900.tistory.com/entry/TVING-%ED%8B%B0%EB%B9%99-%EC%9D%B4%EC%9A%A9%EA%B6%8C-%ED%99%98%EB%B6%88-%EB%B0%8F-%EC%A0%95%EA%B8%B0%EA%B2%B0%EC%A0%9C-%ED%95%B4%EC%A7%80-%EB%B0%A9%EB%B2%95
2026-07-21 02:18:56,910 INFO Skipping blacklisted search result: https://m.blog.naver.com/rudtjq131313/224044877918
2026-07-21 02:18:56,910 INFO Skipping blacklisted search result: https://haeyum2417.tistory.com/entry/%ED%8B%B0%EB%B9%99-%EC%A0%95%EA%B8%B0%EA%B2%B0%EC%A0%9C-%ED%95%B4%EC%A7%80-%EB%B3%80%EA%B2%BD%EB%B0%A9%EB%B2%95-%ED%8B%B0%EB%B9%99-%EA%B2%B0%EC%A0%9C%EC%88%98%EB%8B%A8-%EB%B3%80%EA%B2%BD%EB%B0%A9%EB%B2%95
2026-07-21 02:18:56,927 INFO Skipping blacklisted search result: https://classytip.tistory.com/213
2026-07-21 02:18:56,944 INFO Searching billing_autorenewal: 티빙 결제 갱신 해지
2026-07-21 02:18:57,176 INFO Skipping blacklisted search result: https://red-fruit.tistory.com/864
2026-07-21 02:18:57,176 INFO Skipping blacklisted search result: https://m.blog.naver.com/rywls92/223648353911
2026-07-21 02:18:57,176 INFO Skipping non-official search result: https://spiralmans.com/entry/%ED%8B%B0%EB%B9%99-%EC%9A%94%EA%B8%88%EC%A0%9C-%ED%95%B4%EC%A7%80%EB%B0%A9%EB%B2%95-%EC%9E%90%EB%8F%99%EA%B2%B0%EC%A0%9C-%EC%A4%91%EB%8B%A8%EB%B6%80%ED%84%B0-%ED%95%B4%EC%A7%80-%ED%83%80%EC%9D%B4%EB%B0%8D%EA%B9%8C%EC%A7%80-%EC%A0%95%ED%99%95%ED%95%98%EA%B2%8C-%EC%A0%95%EB%A6%AC
2026-07-21 02:18:57,209 INFO Skipping non-official search result: https://slowlynote.com/126
2026-07-21 02:18:57,209 INFO Skipping non-official search result: https://namu.wiki/w/TVING
2026-07-21 02:18:57,209 INFO Skipping non-official search result: https://v.daum.net/v/20251018085150050
2026-07-21 02:18:57,209 INFO Skipping non-official search result: https://product.kt.com/wDic/productDetail.do?ItemCode=1547
2026-07-21 02:18:57,219 INFO Searching billing_autorenewal: 티빙 billing auto renewal policy
2026-07-21 02:18:57,440 INFO Skipping non-official search result: https://www.lawinsider.com/clause/auto-renewal
2026-07-21 02:18:57,440 INFO Skipping non-official search result: https://namu.wiki/w/TVING
2026-07-21 02:18:57,440 INFO Skipping non-official search result: https://www.contractken.com/glossary/renewal
2026-07-21 02:18:57,454 INFO Skipping non-official search result: https://www.bclplaw.com/en-US/events-insights-news/subscription-based-business-models-an-overview-of-auto-renewal-regulations.html
2026-07-21 02:18:57,455 INFO Skipping non-official search result: https://www.gtlaw.com/en/insights/2023/2/stricter-standards-emerging-for-subscription-style-services-that-renew-automatically
2026-07-21 02:18:57,465 INFO Skipping non-official search result: https://www.kaplancollectionagency.com/credit-policies/99-of-b2b-auto-renewals-are-no-longer-enforceable-as-written
2026-07-21 02:18:57,466 INFO Skipping non-official search result: https://www.mofo.com/resources/insights/220113-recent-auto-renewal-law-changes
2026-07-21 02:18:57,475 INFO Searching platform_refund: 티빙 앱스토어 환불
2026-07-21 02:18:57,701 INFO Skipping blacklisted search result: https://beautiful-sky.tistory.com/849
2026-07-21 02:18:57,702 INFO Skipping blacklisted search result: https://mobile-rate.tistory.com/517
2026-07-21 02:18:57,702 INFO Skipping non-official search result: https://slowlynote.com/126
2026-07-21 02:18:57,712 INFO Skipping non-official search result: https://cl2033.com/entry/%ED%8B%B0%EB%B9%99-%ED%95%B4%EC%A7%80-%ED%99%98%EB%B6%88-%EC%9D%B4%EC%9A%A9%EA%B6%8C-%EA%B5%AC%EB%8F%85-%EC%B7%A8%EC%86%8C-%EB%B0%A9%EB%B2%95-%EB%AA%A8%EB%B0%94%EC%9D%BC-PC-%EA%B5%AC%EA%B8%80-%EC%95%84%EC%9D%B4%ED%8F%B0-%EC%95%B1%EC%8A%A4%ED%86%A0%EC%96%B4
2026-07-21 02:18:57,712 INFO Skipping blacklisted search result: https://handongmoa.tistory.com/entry/%ED%8B%B0%EB%B9%99-%EC%9E%90%EB%8F%99%EA%B2%B0%EC%A0%9C-%ED%95%B4%EC%A7%80-%EB%B0%8F-%ED%99%98%EB%B6%88-%EB%B0%A9%EB%B2%95-2025%EB%85%84-%EC%99%84%EC%A0%84-%EC%A0%95%EB%A6%AC
2026-07-21 02:18:57,712 INFO Skipping non-official search result: https://m.kin.naver.com/qna/dirs/10905/docs/492160160?qb=7J&qnaDetailTrackingCode=end_similar_list
2026-07-21 02:18:57,712 INFO Skipping blacklisted search result: https://m.blog.naver.com/rudtjq131313/224044877918
2026-07-21 02:18:57,712 INFO Skipping non-official search result: https://tving.appstor.io
2026-07-21 02:18:57,727 INFO Searching platform_refund: 티빙 구글플레이 환불
2026-07-21 02:18:57,966 INFO Skipping blacklisted search result: https://mobile-rate.tistory.com/517
2026-07-21 02:18:57,966 INFO Skipping non-official search result: https://m.kin.naver.com/qna/dirs/10905/docs/473711423
2026-07-21 02:18:57,978 INFO Skipping non-official search result: https://play.google.com/store/apps/details?id=net.cj.cjhv.gs.tving&hl=ko
2026-07-21 02:18:57,996 INFO Skipping non-official search result: https://m.kin.naver.com/qna/dirs/10905/docs/483897429
2026-07-21 02:18:58,014 INFO Skipping blacklisted search result: https://blog.naver.com/psc813/223880842138?viewType=pc
2026-07-21 02:18:58,025 INFO Searching platform_refund: 티빙 App Store Google Play refund
2026-07-21 02:18:58,249 INFO Skipping non-official search result: https://play.google.com/store/apps/dev?id=5411404617533446121&hl=en_NZ
2026-07-21 02:18:58,249 INFO Skipping non-official search result: https://tms-outsource.com/blog/posts/how-to-get-a-refund-from-the-google-play-store
2026-07-21 02:18:58,276 INFO Skipping non-official search result: https://www.androidpolice.com/google-play-store-get-refund
2026-07-21 02:18:58,276 INFO Skipping non-official search result: https://androidpolice.com/google-play-store-get-refund
2026-07-21 02:18:58,276 INFO Skipping blacklisted search result: https://6myo6a.tistory.com/entry/%ED%8B%B0%EB%B9%99-%EA%B5%AC%EB%8F%85-%ED%95%B4%EC%A7%80-%ED%99%98%EB%B6%88%ED%95%98%EA%B8%B0-with-%ED%8B%B0%EB%B9%99%EC%95%B1-%EC%95%A0%ED%94%8C%EC%84%9C%EB%B9%84%EC%8A%A4
2026-07-21 02:18:58,283 INFO Skipping non-official search result: https://apps.apple.com/kr/story/id1543355540?l=en-GB
2026-07-21 02:19:09,320 INFO Skipping undated terms page: https://www.tving.com/policy/pay-terms
2026-07-21 02:19:15,594 INFO Policy evidence is weak; skipping https://support.google.com/googleplay/answer/15574908?hl=en
2026-07-21 02:19:20,540 WARNING discarding data: None
2026-07-21 02:19:22,701 INFO Policy evidence is weak; skipping https://www.tving.com/info-check
2026-07-21 02:19:27,925 INFO Policy evidence is weak; skipping https://www.tving.com
2026-07-21 02:20:09,900 WARNING Could not confidently discover official domain for 네이버 멤버쉽
2026-07-21 02:20:27,634 WARNING Could not confidently discover official domain for naver membership
2026-07-21 02:21:02,730 INFO Discovered official domain for 네이버: navercorp.com (61)
2026-07-21 02:21:02,730 INFO Searching terms: 네이버 이용약관
2026-07-21 02:21:07,918 INFO Skipping non-official search result: https://policy.naver.com/rules/service_pre_20070629.html
2026-07-21 02:21:07,918 INFO Skipping non-official search result: https://policy.naver.com/rules/service_pre_20240328.html
2026-07-21 02:21:07,934 INFO Skipping non-official search result: https://policy.naver.com
2026-07-21 02:21:07,945 INFO Skipping non-official search result: https://policy.naver.com/policy/service_paid.html
2026-07-21 02:21:07,957 INFO Skipping non-official search result: https://member.webtoon.naver.com/html/mobile_terms.html
2026-07-21 02:21:07,957 INFO Skipping non-official search result: https://notice.naver.com/api/v1/file/download/72
2026-07-21 02:21:07,957 INFO Skipping non-official search result: https://policy.naver.com/rules/service_pre_20180430.html
2026-07-21 02:21:07,968 INFO Skipping non-official search result: https://ads.naver.com/adguide/terms
2026-07-21 02:21:07,980 INFO Searching terms: 네이버 서비스 약관
2026-07-21 02:21:12,450 INFO Skipping non-official search result: https://policy.naver.com
2026-07-21 02:21:12,450 INFO Skipping non-official search result: https://policy.naver.com/rules/service_pre_20240328.html
2026-07-21 02:21:12,478 INFO Skipping non-official search result: https://developers.naver.com/products/terms
2026-07-21 02:21:12,478 INFO Skipping non-official search result: https://policy.naver.com/rules/service_pre_20070629.html
2026-07-21 02:21:12,492 INFO Skipping non-official search result: https://notice.naver.com/api/v1/file/download/72
2026-07-21 02:21:12,492 INFO Skipping non-official search result: https://policy.naver.com/policy/service_paid.html
2026-07-21 02:21:12,492 INFO Skipping non-official search result: https://help.naver.com
2026-07-21 02:21:12,509 INFO Skipping non-official search result: https://www.naver.com/more.html
2026-07-21 02:21:12,509 INFO Searching terms: 네이버 terms of service
2026-07-21 02:21:17,990 INFO Skipping non-official search result: https://policy.naver.com/policy/service_en.html
2026-07-21 02:21:17,990 INFO Skipping non-official search result: https://policy.naver.com
2026-07-21 02:21:17,990 INFO Skipping non-official search result: https://ag.ny.gov/sites/default/files/social-media-policy-report/2025-q3-naver-corporation-policy.pdf
2026-07-21 02:21:18,013 INFO Skipping non-official search result: https://policy.naver.com/policy/service_paid.html
2026-07-21 02:21:18,025 INFO Skipping non-official search result: https://tools.naver.com/rules/agreement.html
2026-07-21 02:21:18,025 INFO Skipping non-official search result: https://policy.naver.com/policy/privacy_en.html
2026-07-21 02:21:18,035 INFO Skipping non-official search result: https://developers.naver.com/products/terms
2026-07-21 02:21:18,035 INFO Skipping non-official search result: https://privacy.navercloudcorp.com/en/PrivacyPolicy/ncs
2026-07-21 02:21:18,047 INFO Searching privacy: 네이버 개인정보 처리방침
2026-07-21 02:21:22,434 INFO Skipping non-official search result: https://business.naver.com/privacy/privacy.html
2026-07-21 02:21:22,435 INFO Skipping non-official search result: https://xv-ncloud.pstatic.net/images/provision/%5BKO%5D%E1%84%80%E1%85%A2%E1%84%8B%E1%85%B5%E1%86%AB%E1%84%8C%E1%85%A5%E1%86%BC%E1%84%87%E1%85%A9%E1%84%8E%E1%85%A5%E1%84%85%E1%85%B5%E1%84%87%E1%85%A1%E1%86%BC%E1%84%8E%E1%85%B5%E1%86%B7_230105_1672909600261.pdf
2026-07-21 02:21:22,435 INFO Skipping non-official search result: https://privacy.naver.com/policy/principle/privacy-policy
2026-07-21 02:21:22,453 INFO Skipping non-official search result: https://policy.naver.com/rules/privacy.html
2026-07-21 02:21:22,454 INFO Skipping non-official search result: https://policy.naver.com/rules/privacy_v98.html
2026-07-21 02:21:22,464 INFO Skipping non-official search result: https://policy.naver.com/rules/privacy_v94.html
2026-07-21 02:21:22,464 INFO Skipping non-official search result: https://privacy.naver.com
2026-07-21 02:21:22,464 INFO Skipping non-official search result: https://www.navercloudcorp.com/ko/privacy
2026-07-21 02:21:22,475 INFO Searching privacy: 네이버 privacy policy
2026-07-21 02:21:27,092 INFO Skipping non-official search result: https://policy.naver.com/policy/privacy_en.html
2026-07-21 02:21:27,092 INFO Skipping non-official search result: https://policy.naver.com
2026-07-21 02:21:27,092 INFO Skipping blacklisted search result: https://blog.naver.com/PostView.naver?blogId=gjcka1234&logNo=222287761906&categoryNo=7&parentCategoryNo=0&currentPage=1&postListTopCurrentPage=1&from=postView
2026-07-21 02:21:27,147 INFO Skipping non-official search result: https://privacy.naver.com
2026-07-21 02:21:27,161 INFO Skipping non-official search result: https://www.linkedin.com/posts/sukho-song-1959a738_%EB%84%A4%EC%9D%B4%EB%B2%84-%EB%94%94%EC%9E%90%EC%9D%B8-%EC%BD%9C%EB%A1%9C%ED%82%A4%EC%9B%80-22-activity-7001402537065005056-WKO-
2026-07-21 02:21:27,170 INFO Skipping non-official search result: https://www.linkedin.com/posts/sukho-song-1959a738_%EB%84%A4%EC%9D%B4%EB%B2%84-%EA%B8%B0%EC%88%A0-%EC%A7%81%EA%B5%B0-%EC%8B%A0%EC%9E%85-%EC%B1%84%EC%9A%A9-track%EA%B3%B5%EC%B1%84-activity-6943504360047792128-024J
2026-07-21 02:21:27,183 INFO Skipping non-official search result: https://namu.wiki/w/%EB%84%A4%EC%9D%B4%EB%B2%84%20%ED%86%A1%ED%86%A1
2026-07-21 02:21:27,185 INFO Skipping non-official search result: https://c.appstory.co.kr/login?joinmode=app&ver=3&callback=appCallback
2026-07-21 02:21:27,186 INFO Searching refund_cancellation: 네이버 환불 해지 정책
2026-07-21 02:21:31,702 INFO Skipping non-official search result: https://help.naver.com/service/11712/contents/7824?lang=ko
2026-07-21 02:21:31,702 INFO Skipping non-official search result: https://help.naver.com/service/23168/contents/20281?lang=ko
2026-07-21 02:21:31,705 INFO Skipping non-official search result: https://help.naver.com/service/23168/contents/13774?lang=ko
2026-07-21 02:21:31,705 INFO Skipping non-official search result: https://m.help.pay.naver.com/faq/list.help?rootCategoryId=10994
2026-07-21 02:21:31,718 INFO Skipping non-official search result: https://m.help.pay.naver.com/faq/list.help?rootCategoryId=all
2026-07-21 02:21:31,720 INFO Searching refund_cancellation: 네이버 환불정책 이용 해지
2026-07-21 02:21:35,928 INFO Skipping non-official search result: https://help.naver.com/service/11712/contents/7824?lang=ko
2026-07-21 02:21:35,928 INFO Skipping non-official search result: https://help.naver.com/service/23168/contents/20281?lang=ko
2026-07-21 02:21:35,928 INFO Skipping non-official search result: https://help.naver.com/service/23168/contents/13774?lang=ko
2026-07-21 02:21:35,947 INFO Skipping non-official search result: https://help.pay.naver.com/faq/content.help?faqId=11721
2026-07-21 02:21:35,961 INFO Skipping non-official search result: https://m.help.pay.naver.com/faq/list.help?rootCategoryId=10520&faqId=14733&keyword=%ED%99%98%EA%B8%89
2026-07-21 02:21:35,973 INFO Skipping non-official search result: https://m.help.pay.naver.com/faq/list.help?rootCategoryId=10994
2026-07-21 02:21:35,973 INFO Skipping non-official search result: https://www.rsupport.com/ko-kr/refund-policy
2026-07-21 02:21:35,973 INFO Skipping non-official search result: https://m.kin.naver.com/qna/dirs/1060115/docs/467378058
2026-07-21 02:21:35,984 INFO Searching refund_cancellation: 네이버 refund cancellation policy
2026-07-21 02:21:40,159 INFO Skipping non-official search result: https://www.clien.net/service/board/use/15280824
2026-07-21 02:21:40,159 INFO Skipping non-official search result: https://help.pay.naver.com/faq/content.help?faqId=11721
2026-07-21 02:21:40,160 INFO Skipping non-official search result: https://help.naver.com/service/11712/contents/7824?lang=ko
2026-07-21 02:21:40,179 INFO Skipping non-official search result: https://policy.naver.com
2026-07-21 02:21:40,179 INFO Skipping non-official search result: https://help.naver.com
2026-07-21 02:21:40,179 INFO Skipping non-official search result: https://help.naver.com/alias/en.booking/7059.naver
2026-07-21 02:21:40,182 INFO Skipping non-official search result: https://help.naver.com/service/11713/contents/24253?lang=en
2026-07-21 02:21:40,182 INFO Skipping non-official search result: https://help.naver.com/alias/en.booking/24256.naver
2026-07-21 02:21:40,182 INFO Searching billing_autorenewal: 네이버 자동결제 정기결제 정책
2026-07-21 02:21:47,513 INFO Skipping non-official search result: https://it.dategom.com/%EB%84%A4%EC%9D%B4%EB%B2%84%ED%8E%98%EC%9D%B4-%EC%A0%95%EA%B8%B0-%EC%9E%90%EB%8F%99%EA%B2%B0%EC%A0%9C-%EA%B5%AC%EB%8F%85-%ED%95%B4%EC%A7%80
2026-07-21 02:21:47,513 INFO Skipping blacklisted search result: https://allaboutit.tistory.com/entry/%EB%84%A4%EC%9D%B4%EB%B2%84-%EC%9E%90%EB%8F%99%EA%B2%B0%EC%A0%9C-%ED%95%B4%EC%A7%80-%EB%B0%A9%EB%B2%95-%EA%BF%80%ED%8C%81-%EC%A0%95%EA%B8%B0%EA%B2%B0%EC%A0%9C-%ED%99%95%EC%9D%B8-%EB%A9%A4%EB%B2%84%EC%8B%AD-%EC%9E%90%EB%8F%99%EC%B6%A9%EC%A0%84-%ED%95%B4%EC%A7%80
2026-07-21 02:21:47,513 INFO Skipping non-official search result: https://m.help.pay.naver.com/faq/list.help?rootCategoryId=10853&faqId=12139&keyword=%ED%8F%90%EA%B8%B0
2026-07-21 02:21:47,577 INFO Skipping non-official search result: https://m.kin.naver.com/qna/dirs/1060115/docs/485532566
2026-07-21 02:21:47,594 INFO Skipping non-official search result: https://m.help.pay.naver.com/faq/list.help?rootCategoryId=10853&faqId=17597
2026-07-21 02:21:47,595 INFO Skipping non-official search result: https://help.naver.com/service/23168/contents/13775
2026-07-21 02:21:47,612 INFO Skipping non-official search result: https://help.naver.com/service/22027/contents/22335?lang=ko&osType=COMMONOS
2026-07-21 02:21:47,612 INFO Skipping non-official search result: https://kin.naver.com/tag/tagDetail.naver?tag=%EA%B5%AC%EA%B8%80%EC%9E%90%EB%8F%99%EA%B2%B0%EC%A0%9C
2026-07-21 02:21:47,629 INFO Searching billing_autorenewal: 네이버 결제 갱신 해지
2026-07-21 02:21:53,088 INFO Skipping blacklisted search result: https://allaboutit.tistory.com/entry/%EB%84%A4%EC%9D%B4%EB%B2%84-%EC%9E%90%EB%8F%99%EA%B2%B0%EC%A0%9C-%ED%95%B4%EC%A7%80-%EB%B0%A9%EB%B2%95-%EA%BF%80%ED%8C%81-%EC%A0%95%EA%B8%B0%EA%B2%B0%EC%A0%9C-%ED%99%95%EC%9D%B8-%EB%A9%A4%EB%B2%84%EC%8B%AD-%EC%9E%90%EB%8F%99%EC%B6%A9%EC%A0%84-%ED%95%B4%EC%A7%80
2026-07-21 02:21:53,088 INFO Skipping non-official search result: https://help.naver.com/service/23168/contents/13775
2026-07-21 02:21:53,088 INFO Skipping non-official search result: https://m.kin.naver.com/qna/dirs/1060115/docs/419536149?d1id=1&qb=7Yq47JyE7LmY&enc=utf8&section=kin.qna&rank=127&search_sort=2&spq=0
2026-07-21 02:21:53,118 INFO Skipping non-official search result: https://help.pay.naver.com/faq/content.help?faqId=12013
2026-07-21 02:21:53,118 INFO Skipping non-official search result: https://help.naver.com/service/23168/contents/13774?lang=ko
2026-07-21 02:21:53,135 INFO Skipping non-official search result: https://help.naver.com/service/23168/contents/20281?lang=ko
2026-07-21 02:21:53,135 INFO Skipping non-official search result: https://help.naver.com/service/23168/contents/24769?lang=ko&osType=COMMONOS
2026-07-21 02:21:53,152 INFO Skipping non-official search result: https://support.google.com/android/thread/284933704/%EB%84%A4%EC%9D%B4%EB%B2%84-%ED%8E%98%EC%9D%B4-%EA%B3%84%EC%A2%8C-%ED%95%B4%EC%A7%80?hl=ko
2026-07-21 02:21:53,152 INFO Searching billing_autorenewal: 네이버 billing auto renewal policy
2026-07-21 02:21:57,997 INFO Skipping non-official search result: https://www.checkout.com/blog/auto-renewal-payments
2026-07-21 02:21:57,997 INFO Skipping non-official search result: https://policy.naver.com/policy/service_en.html
2026-07-21 02:21:57,997 INFO Skipping non-official search result: https://policy.naver.com/policy/service_group_en.html
2026-07-21 02:21:58,015 INFO Skipping non-official search result: https://www.creditcards.com/education/how-to-cancel-auto-renewal
2026-07-21 02:21:58,015 INFO Skipping non-official search result: https://business.gov.nl/regulations/automatic-renewal-subscription
2026-07-21 02:21:58,015 INFO Skipping non-official search result: https://help.naver.com
2026-07-21 02:21:58,015 INFO Skipping non-official search result: https://play.google.com/store/apps/details?id=com.nhn.android.search&hl=ko
2026-07-21 02:21:58,032 INFO Searching platform_refund: 네이버 앱스토어 환불
2026-07-21 02:22:02,551 INFO Skipping non-official search result: https://m.kin.naver.com/qna/dirs/1060110/docs/469071659
2026-07-21 02:22:02,552 INFO Skipping non-official search result: https://m.help.pay.naver.com/faq/list.help?rootCategoryId=10994
2026-07-21 02:22:02,552 INFO Skipping non-official search result: https://m.kin.naver.com/qna/dirs/1060110/docs/438992340
2026-07-21 02:22:02,581 INFO Skipping non-official search result: https://apps.apple.com/td/app/%EB%84%A4%EC%9D%B4%EB%B2%84-naver/id393499958
2026-07-21 02:22:02,598 INFO Skipping non-official search result: https://play.google.com/store/apps/details?id=com.nhn.android.search&hl=ko
2026-07-21 02:22:02,618 INFO Skipping non-official search result: https://namu.wiki/w/%EB%84%A4%EC%9D%B4%EB%B2%84%20%EC%95%B1%EC%8A%A4%ED%86%A0%EC%96%B4
2026-07-21 02:22:02,624 INFO Skipping non-official search result: https://m.site.naver.com/1OdnD
2026-07-21 02:22:02,636 INFO Searching platform_refund: 네이버 구글플레이 환불
2026-07-21 02:22:06,847 INFO Skipping blacklisted search result: https://blog.naver.com/pyodawoon/223936966107
2026-07-21 02:22:06,848 INFO Skipping non-official search result: https://m.kin.naver.com/qna/dirs/1060115/docs/473772103
2026-07-21 02:22:06,848 INFO Skipping blacklisted search result: https://m.blog.naver.com/shuming061/223088953029
2026-07-21 02:22:06,897 INFO Skipping non-official search result: https://namu.wiki/w/Google%20Play
2026-07-21 02:22:06,909 INFO Skipping non-official search result: https://play.google.com/store/apps/details?id=com.navercorp.navershopping&hl=ko
2026-07-21 02:22:06,909 INFO Searching platform_refund: 네이버 App Store Google Play refund
2026-07-21 02:22:09,020 INFO Skipping non-official search result: https://play.google.com/store/apps/details?id=com.navercorp.navershopping
2026-07-21 02:22:09,020 INFO Skipping non-official search result: https://tms-outsource.com/blog/posts/how-to-get-a-refund-from-the-google-play-store
2026-07-21 02:22:09,035 INFO Skipping non-official search result: https://www.youtube.com/watch?v=CyQgvq4xecE
2026-07-21 02:22:09,068 INFO Skipping non-official search result: https://policy.naver.com/policy/service_en.html
2026-07-21 02:22:09,100 INFO Skipping non-official search result: https://www.naver.com
2026-07-21 02:22:15,860 INFO Policy evidence is weak; skipping https://support.google.com/googleplay/answer/15574908?hl=en
2026-07-21 02:22:18,815 INFO Policy evidence is weak; skipping https://support.google.com/googleplay/answer/15574897?hl=en
2026-07-21 02:22:19,246 INFO Skipping news-like content: https://www.navercorp.com/main
2026-07-21 02:23:14,571 WARNING Could not confidently discover official domain for 네이버플러스 멤버십
2026-07-21 02:31:04,574 INFO Searching terms: 넷플릭스 이용약관
2026-07-21 02:31:08,451 INFO Skipping blacklisted search result: https://m.blog.naver.com/rbs1234/222226305000
2026-07-21 02:31:08,451 INFO Skipping non-official search result: https://www.youtube.com/watch?v=vjBo-FIvxGo
2026-07-21 02:31:08,477 INFO Skipping non-official search result: https://www.korea.kr/briefing/policyBriefingView.do?newsId=156371174
2026-07-21 02:31:08,493 INFO Skipping non-official search result: https://www.khan.co.kr/article/202510100600051
2026-07-21 02:31:08,493 INFO Skipping non-official search result: https://namu.wiki/w/%EB%84%B7%ED%94%8C%EB%A6%AD%EC%8A%A4
2026-07-21 02:31:08,493 INFO Skipping non-official search result: https://play.google.com/store/apps/details?id=com.netflix.mediaclient&hl=ko
2026-07-21 02:31:08,528 INFO Skipping blacklisted search result: https://blog.naver.com/htiger31/221774113391?viewType=pc
2026-07-21 02:31:08,544 INFO Searching terms: 넷플릭스 서비스 약관
2026-07-21 02:31:13,240 INFO Skipping blacklisted search result: https://m.blog.naver.com/rbs1234/222226305000
2026-07-21 02:31:13,240 INFO Skipping non-official search result: http://www.sisamedia.kr/news/articleView.html?idxno=43871
2026-07-21 02:31:13,255 INFO Skipping non-official search result: https://www.youtube.com/watch?v=vjBo-FIvxGo
2026-07-21 02:31:13,255 INFO Skipping non-official search result: https://www.khan.co.kr/article/202510100600051
2026-07-21 02:31:13,256 INFO Skipping non-official search result: https://www.korea.kr/briefing/policyBriefingView.do?newsId=156371174
2026-07-21 02:31:13,256 INFO Skipping non-official search result: https://namu.wiki/w/%EB%84%B7%ED%94%8C%EB%A6%AD%EC%8A%A4
2026-07-21 02:31:13,266 INFO Skipping non-official search result: https://play.google.com/store/apps/details?id=com.netflix.mediaclient&hl=ko
2026-07-21 02:31:13,267 INFO Skipping blacklisted search result: https://blog.naver.com/attorney_choi/222284254142?viewType=pc
2026-07-21 02:31:13,267 INFO Searching terms: 넷플릭스 terms of service
2026-07-21 02:31:17,145 INFO Skipping non-official search result: https://tsandzzz.com/netflix-terms-of-use
2026-07-21 02:31:17,145 INFO Skipping non-official search result: https://cdn.ca9.uscourts.gov/datastore/library/2013/02/26/Nosal_Netflix.pdf
2026-07-21 02:31:17,145 INFO Skipping non-official search result: https://www.scribd.com/document/866248084/Netflix-Ts-Cs
2026-07-21 02:31:17,164 INFO Skipping blacklisted search result: https://terms.law/ToS-Watchdog/streaming-services/netflix
2026-07-21 02:31:17,164 INFO Skipping non-official search result: https://www.netflix.shop/pages/terms-of-use
2026-07-21 02:31:17,164 INFO Skipping non-official search result: https://finance.yahoo.com/news/netflix-more-subscription-services-updating-140015885.html
2026-07-21 02:31:17,164 INFO Skipping non-official search result: https://mvk-cs-uploads.s3.us-east-1.amazonaws.com/Netflix%2C%20Inc.%20-%20netflix%20-%20influencer%20agreement.pdf
2026-07-21 02:31:17,175 INFO Skipping non-official search result: https://newsroom.kakaoent.com/terms-of-use
2026-07-21 02:31:17,175 INFO Searching privacy: 넷플릭스 개인정보 처리방침
2026-07-21 02:31:20,540 INFO Skipping non-official search result: https://v.daum.net/v/cyEn7wHJcW
2026-07-21 02:31:20,541 INFO Skipping non-official search result: https://m.kin.naver.com/qna/dirs/10905/docs/452608888?qb=6
2026-07-21 02:31:20,560 INFO Skipping non-official search result: https://www.yna.co.kr/view/AKR20210825115251530
2026-07-21 02:31:20,575 INFO Searching privacy: 넷플릭스 privacy policy
2026-07-21 02:31:23,719 INFO Skipping non-official search result: https://github.com/OpenTermsArchive/contrib-versions/blob/main/Netflix/Privacy%20Policy.md
2026-07-21 02:31:23,719 INFO Skipping non-official search result: https://www.netflixinyourneighbourhood.ca/privacy
2026-07-21 02:31:23,720 INFO Skipping non-official search result: https://www.netflix.shop/pages/privacy-statement
2026-07-21 02:31:23,742 INFO Skipping non-official search result: https://www.youtube.com/watch?v=_A-DTR41_Zo
2026-07-21 02:31:23,742 INFO Skipping non-official search result: https://chromewebstore.google.com/detail/%EB%9E%AD%ED%94%8C%EB%A6%AD%EC%8A%A4-%EB%84%B7%ED%94%8C%EB%A6%AD%EC%8A%A4-%EC%9D%B4%EC%A4%91%EC%9E%90%EB%A7%89-ai-%EC%98%81%EC%96%B4-%ED%95%99%EC%8A%B5/eiflpppdaikieggdeojonknijogibjhh
2026-07-21 02:31:23,742 INFO Skipping non-official search result: https://orionpolicy.org/lawsuit-filed-against-netflix-over-data-privacy
2026-07-21 02:31:23,759 INFO Skipping non-official search result: https://namu.wiki/w/넷플릭스
2026-07-21 02:31:23,776 INFO Searching refund_cancellation: 넷플릭스 환불 해지 정책
2026-07-21 02:31:28,482 INFO Skipping blacklisted search result: https://nohuo.tistory.com/entry/%EB%84%B7%ED%94%8C%EB%A6%AD%EC%8A%A4-%ED%95%B4%EC%A7%80-%ED%9B%84-%ED%99%98%EB%B6%88-%EA%B7%9C%EC%A0%95-%EC%99%84%EB%B2%BD-%EC%A0%95%EB%A6%AC
2026-07-21 02:31:28,482 INFO Skipping blacklisted search result: https://miamiduri.tistory.com/133
2026-07-21 02:31:28,482 INFO Skipping blacklisted search result: https://m.blog.naver.com/ddihw/224159323355
2026-07-21 02:31:28,496 INFO Skipping non-official search result: https://pickle.plus/blog/%EB%84%B7%ED%94%8C%EB%A6%AD%EC%8A%A4%EA%B5%AC%EB%8F%85%ED%95%B4%EC%A7%80-%EC%9E%90%EB%8F%99%EA%B2%B0%EC%A0%9C%ED%99%98%EB%B6%88%EB%B0%A9%EB%B2%95
2026-07-21 02:31:28,496 INFO Skipping blacklisted search result: https://blog.naver.com/attorney_choi/222284254142?viewType=pc
2026-07-21 02:31:28,496 INFO Skipping blacklisted search result: https://blog.naver.com/ddihw/224113975262
2026-07-21 02:31:28,496 INFO Skipping blacklisted search result: https://yureka1822.tistory.com/entry/%EB%84%B7%ED%94%8C%EB%A6%AD%EC%8A%A4-%EB%A9%A4%EB%B2%84%EC%8B%AD-%ED%95%B4%EC%A7%80-%EB%B0%8F-%ED%99%98%EB%B6%88-%EA%B3%A0%EA%B0%9D%EC%84%BC%ED%84%B0-%EC%97%86%EC%9D%B4-%EB%B9%A0%EB%A5%B4%EA%B2%8C-%ED%99%98%EB%B6%88%EB%B0%9B%EC%9E%90
2026-07-21 02:31:28,517 INFO Searching refund_cancellation: 넷플릭스 환불정책 이용 해지
2026-07-21 02:31:34,088 INFO Skipping blacklisted search result: https://miamiduri.tistory.com/133
2026-07-21 02:31:34,088 INFO Skipping non-official search result: https://d58.nicesongtoyou.com/6218
2026-07-21 02:31:34,102 INFO Skipping blacklisted search result: https://m.blog.naver.com/ddihw/224159323355
2026-07-21 02:31:34,102 INFO Skipping blacklisted search result: https://m.blog.naver.com/cheeks00/224223998301
2026-07-21 02:31:34,102 INFO Skipping non-official search result: https://m.site.naver.com/1ZTHF
2026-07-21 02:31:34,102 INFO Skipping blacklisted search result: https://brunch.co.kr/@f15874dad00f4e0/368
2026-07-21 02:31:34,102 INFO Skipping blacklisted search result: https://blog.naver.com/ddihw/224113975262
2026-07-21 02:31:34,136 INFO Skipping non-official search result: https://pickle.plus/blog/%EB%84%B7%ED%94%8C%EB%A6%AD%EC%8A%A4%EA%B5%AC%EB%8F%85%ED%95%B4%EC%A7%80-%EC%9E%90%EB%8F%99%EA%B2%B0%EC%A0%9C%ED%99%98%EB%B6%88%EB%B0%A9%EB%B2%95
2026-07-21 02:31:34,136 INFO Searching refund_cancellation: 넷플릭스 refund cancellation policy
2026-07-21 02:31:36,830 INFO Skipping non-official search result: https://www.learnwithnetflix.com/refund-policy
2026-07-21 02:31:36,830 INFO Skipping non-official search result: https://www.youtube.com/watch?v=trL0PO7NiTU
2026-07-21 02:31:36,846 INFO Skipping blacklisted search result: https://m.blog.naver.com/ddihw/224159323355
2026-07-21 02:31:36,846 INFO Skipping non-official search result: https://www.engadget.com/entertainment/streaming/how-to-cancel-your-netflix-subscription-202230648.html
2026-07-21 02:31:36,846 INFO Skipping non-official search result: https://www.netflix.shop/pages/return-policy
2026-07-21 02:31:36,857 INFO Skipping non-official search result: https://help.netflixshopsupport.com/hc/en-us/articles/25574524085652-Do-I-get-a-full-refund-on-my-return
2026-07-21 02:31:36,858 INFO Searching billing_autorenewal: 넷플릭스 자동결제 정기결제 정책
2026-07-21 02:31:40,646 INFO Skipping non-official search result: https://m.site.naver.com/1ZTHF
2026-07-21 02:31:40,646 INFO Skipping blacklisted search result: https://issueoftv.tistory.com/3
2026-07-21 02:31:40,646 INFO Skipping non-official search result: https://pickle.plus/blog/%EB%84%B7%ED%94%8C%EB%A6%AD%EC%8A%A4%EA%B5%AC%EB%8F%85%ED%95%B4%EC%A7%80-%EC%9E%90%EB%8F%99%EA%B2%B0%EC%A0%9C%ED%99%98%EB%B6%88%EB%B0%A9%EB%B2%95
2026-07-21 02:31:40,667 INFO Skipping blacklisted search result: https://m.blog.naver.com/djusti/223674688875
2026-07-21 02:31:40,667 INFO Skipping blacklisted search result: https://m.blog.naver.com/smhcow/222328669797
2026-07-21 02:31:40,667 INFO Skipping non-official search result: https://www.eyesmag.com/posts/132894/subscription-economy-payment
2026-07-21 02:31:40,679 INFO Searching billing_autorenewal: 넷플릭스 결제 갱신 해지
2026-07-21 02:31:46,689 INFO Skipping blacklisted search result: https://issueoftv.tistory.com/3
2026-07-21 02:31:46,689 INFO Skipping non-official search result: https://namu.wiki/w/%EB%84%B7%ED%94%8C%EB%A6%AD%EC%8A%A4
2026-07-21 02:31:46,709 INFO Skipping non-official search result: https://a7.sinsa.net/%EB%84%B7%ED%94%8C%EB%A6%AD%EC%8A%A4-%EB%8B%B9%EC%9D%BC-%ED%95%B4%EC%A7%80-%EB%B0%8F-%ED%99%98%EB%B6%88-%EB%B0%9B%EB%8A%94-%EB%B0%A9%EB%B2%95-%EC%95%8C%EC%95%84%EB%B3%B4%EC%9E%90
2026-07-21 02:31:46,711 INFO Skipping blacklisted search result: https://rollingasset.tistory.com/entry/%EC%9C%A0%EB%A3%8C-%EA%B5%AC%EB%8F%85-%EC%84%9C%EB%B9%84%EC%8A%A4-%EC%9E%90%EB%8F%99-%EA%B2%B0%EC%A0%9C-%ED%95%B4%EC%A7%80-%EC%8B%9C-%EC%9C%84%EC%95%BD%EA%B8%88%EC%9D%B4-%EB%B0%9C%EC%83%9D%ED%95%A0%EA%B9%8C
2026-07-21 02:31:46,712 INFO Skipping blacklisted search result: https://m.blog.naver.com/dmsgp361/223416001078
2026-07-21 02:31:46,712 INFO Skipping blacklisted search result: https://m.blog.naver.com/uncledison/223207712850
2026-07-21 02:31:46,712 INFO Searching billing_autorenewal: 넷플릭스 billing auto renewal policy
2026-07-21 02:31:50,031 INFO Skipping non-official search result: https://www.shamisgentile.com/class-actions/auto-renewing-subscription
2026-07-21 02:31:50,031 INFO Skipping non-official search result: https://www.learnwithnetflix.com/refund-policy
2026-07-21 02:31:50,064 INFO Skipping non-official search result: https://usishield.com/39317/opinion/netflix-and-bill-what-the-new-streaming-policy-means-for-the-future
2026-07-21 02:31:50,088 INFO Skipping non-official search result: https://www.kedglobal.com/regulations/newsView/ked202408220017
2026-07-21 02:31:50,098 INFO Searching platform_refund: 넷플릭스 앱스토어 환불
2026-07-21 02:31:52,928 INFO Skipping blacklisted search result: https://m.blog.naver.com/dragonjskim/221324690363
2026-07-21 02:31:52,928 INFO Skipping blacklisted search result: https://m.blog.naver.com/cheeks00/224223998301
2026-07-21 02:31:52,928 INFO Skipping blacklisted search result: https://hanseokhyeon.tistory.com/entry/2020917-%EB%84%B7%ED%94%8C%EB%A6%AD%EC%8A%A4-%ED%99%98%EB%B6%88-%ED%9B%84%EA%B8%B0-%EC%95%84%EC%9D%B4%ED%8F%B0-or-%EC%95%84%EC%9D%B4%ED%8C%A8%EB%93%9C%EB%A1%9C
2026-07-21 02:31:52,947 INFO Skipping blacklisted search result: https://m.blog.naver.com/uncledison/223207712850
2026-07-21 02:31:52,959 INFO Skipping non-official search result: https://www.instagram.com/p/Datp5XLE3OO
2026-07-21 02:31:52,970 INFO Skipping blacklisted search result: https://gametapa.tistory.com/entry/%EB%84%B7%ED%94%8C%EB%A6%AD%EC%8A%A4-%EA%B2%B0%EC%A0%9C-%ED%95%B4%EC%A7%80-%EB%B0%8F-%ED%99%98%EB%B6%88-%EB%B0%A9%EB%B2%95-%EC%9E%90%EC%84%B8%ED%95%98%EA%B2%8C-%EC%95%8C%EC%95%84%EB%B3%B4%EA%B8%B0
2026-07-21 02:31:52,985 INFO Skipping non-official search result: https://play.google.com/store/apps/details?id=com.netflix.mediaclient&hl=ko
2026-07-21 02:31:52,985 INFO Searching platform_refund: 넷플릭스 구글플레이 환불
2026-07-21 02:31:57,175 INFO Skipping non-official search result: https://namu.wiki/w/%EB%84%B7%ED%94%8C%EB%A6%AD%EC%8A%A4
2026-07-21 02:31:57,175 INFO Skipping non-official search result: https://play.google.com/store/apps/details?id=com.netflix.ninja&hl=ko
2026-07-21 02:31:57,228 INFO Skipping blacklisted search result: https://m.blog.naver.com/cheeks00/224223998301
2026-07-21 02:31:57,229 INFO Skipping non-official search result: https://www.instagram.com/p/Datp5XLE3OO
2026-07-21 02:31:57,273 INFO Skipping non-official search result: https://play.google.com/store/apps/details?id=com.netflix.mediaclient&hl=ko
2026-07-21 02:31:57,289 INFO Skipping blacklisted search result: https://m.blog.naver.com/uncledison/223207712850
2026-07-21 02:31:57,289 INFO Skipping blacklisted search result: https://gametapa.tistory.com/entry/%EB%84%B7%ED%94%8C%EB%A6%AD%EC%8A%A4-%EA%B2%B0%EC%A0%9C-%ED%95%B4%EC%A7%80-%EB%B0%8F-%ED%99%98%EB%B6%88-%EB%B0%A9%EB%B2%95-%EC%9E%90%EC%84%B8%ED%95%98%EA%B2%8C-%EC%95%8C%EC%95%84%EB%B3%B4%EA%B8%B0
2026-07-21 02:31:57,307 INFO Searching platform_refund: 넷플릭스 App Store Google Play refund
2026-07-21 02:32:01,681 INFO Skipping non-official search result: https://www.netflix.shop/pages/return-policy
2026-07-21 02:32:01,682 INFO Skipping non-official search result: https://www.youtube.com/watch?v=K6976wo0Hho
2026-07-21 02:32:01,703 INFO Skipping non-official search result: https://www.androidpolice.com/google-play-store-get-refund
2026-07-21 02:32:01,703 INFO Skipping blacklisted search result: https://m.blog.naver.com/keeproo/221506350337
2026-07-21 02:32:07,738 INFO Policy evidence is weak; skipping https://support.google.com/googleplay/answer/2479637?hl=en
2026-07-21 02:32:09,076 INFO Policy evidence is weak; skipping https://support.google.com/googleplay/answer/15576615?hl=en
2026-07-21 02:32:14,141 INFO Policy evidence is weak; skipping https://help.netflix.com/ko/node/134233
2026-07-21 02:32:14,999 INFO Policy evidence is weak; skipping https://help.netflix.com/ko/node/113408
2026-07-21 02:32:16,048 INFO Policy evidence is weak; skipping https://help.netflix.com/en/node/54896
2026-07-21 02:32:17,470 INFO Policy evidence is weak; skipping https://support.google.com/googleplay/answer/15574897?hl=en
2026-07-21 02:32:19,041 INFO Policy evidence is weak; skipping https://help.netflix.com/ko/node/123277
2026-07-21 02:32:20,258 INFO Policy evidence is weak; skipping https://help.netflix.com/ko/node/100637
2026-07-21 02:32:21,126 INFO Policy evidence is weak; skipping https://help.netflix.com/en/node/407
2026-07-21 02:33:14,569 INFO Searching terms: 티빙 이용약관
2026-07-21 02:33:15,501 INFO Skipping blacklisted search result: https://infos.tistory.com/3489
2026-07-21 02:33:15,501 INFO Skipping non-official search result: https://v.daum.net/v/20260519151513981
2026-07-21 02:33:15,527 INFO Skipping non-official search result: https://www.khan.co.kr/article/202504221504001
2026-07-21 02:33:15,541 INFO Skipping non-official search result: https://www.newstomato.com/readnews.aspx?no=1301389
2026-07-21 02:33:15,586 INFO Skipping non-official search result: https://www.instagram.com/reel/DW0_lkOyw1f
2026-07-21 02:33:15,603 INFO Searching terms: 티빙 서비스 약관
2026-07-21 02:33:15,826 INFO Skipping blacklisted search result: https://infos.tistory.com/3489
2026-07-21 02:33:15,826 INFO Skipping non-official search result: https://v.daum.net/v/20260519151513981
2026-07-21 02:33:15,839 INFO Skipping non-official search result: https://www.khan.co.kr/article/202504221504001
2026-07-21 02:33:15,840 INFO Skipping non-official search result: https://biz.sbs.co.kr/article/20000311350
2026-07-21 02:33:15,840 INFO Skipping non-official search result: https://www.threads.com/@iboss_official/post/DYinfzfCQmH/7-%ED%8B%B0%EB%B9%99%EC%9D%B4-26%EC%9D%BC%EB%B6%80%ED%84%B0-%EA%B0%9C%EC%A0%95-%EC%95%BD%EA%B4%80%EC%97%90-%EA%B4%91%EA%B3%A0-%EA%B8%B0%EB%B0%98-%EB%AC%B4%EB%A3%8C-%EC%84%9C%EB%B9%84%EC%8A%A4%EB%A5%BC-%EB%AA%85%EC%8B%9C%ED%95%B4-%EB%A1%9C%EA%B7%B8%EC%9D%B8-%EC%97%86%EC%9D%B4-%EB%B3%B4%EB%8A%94-%EC%88%8F%ED%8F%BC-%EC%BD%94%EB%AF%B8%EB%94%94-%EB%93%B1-%EB%AC%B4%EB%A3%8C-%EC%BD%98%ED%85%90%EC%B8%A0%EB%A1%9C-%EC%9D%B4%EC%9A%A9%EC%9E%90%EB%A5%BC-%EB%84%93%ED%9E%88%EA%B3%A0-1%EB%B6%84%EA%B8%B0-353?hl=ko
2026-07-21 02:33:15,841 INFO Skipping non-official search result: https://www.newstomato.com/readnews.aspx?no=1301389
2026-07-21 02:33:15,841 INFO Searching terms: 티빙 terms of service
2026-07-21 02:33:16,072 INFO Skipping non-official search result: https://legal.twitch.com/en/legal/terms-of-service
2026-07-21 02:33:16,072 INFO Skipping non-official search result: https://www.twilio.com/en-us/legal/tos
2026-07-21 02:33:16,086 INFO Skipping blacklisted search result: https://www.koreajoongangdaily.com/business/streaming-services-ordered-to-change-refund-terms/11360612
2026-07-21 02:33:16,087 INFO Skipping non-official search result: https://www.ting.com/terms-of-service
2026-07-21 02:33:16,104 INFO Skipping blacklisted search result: https://en.wikipedia.org/wiki/Terms_of_service
2026-07-21 02:33:16,104 INFO Skipping non-official search result: https://www.tencent.com/en-us/service-agreement.html
2026-07-21 02:33:16,104 INFO Skipping blacklisted search result: https://teletobi-bbo.tistory.com/entry/%ED%8B%B0%EB%B9%99-%EA%B3%A0%EA%B0%9D%EC%84%BC%ED%84%B0-%EC%83%81%EB%8B%B4%EC%82%AC%EC%97%B0%EA%B2%B0
2026-07-21 02:33:16,121 INFO Skipping blacklisted search result: https://www.chosun.com/english/sports-en/2025/11/18/VKETXBYPNZFYXGIWOWU5ASG6EQ
2026-07-21 02:33:16,138 INFO Searching privacy: 티빙 개인정보 처리방침
2026-07-21 02:33:16,368 INFO Skipping non-official search result: https://namu.wiki/w/TVING%20%EA%B0%9C%EC%9D%B8%EC%A0%95%EB%B3%B4%20%EC%9C%A0%EC%B6%9C%20%EC%82%AC%EA%B1%B4
2026-07-21 02:33:16,369 INFO Skipping non-official search result: https://v.daum.net/v/BCSvYnAiOU?f=p
2026-07-21 02:33:16,395 INFO Skipping non-official search result: https://it.donga.com/109054
2026-07-21 02:33:16,395 INFO Skipping blacklisted search result: https://m.blog.naver.com/notefactory-/224313829655
2026-07-21 02:33:16,395 INFO Skipping non-official search result: https://www.instagram.com/p/DZmeavhieTs
2026-07-21 02:33:16,407 INFO Skipping blacklisted search result: https://blog.naver.com/sooheenam/224304580561
2026-07-21 02:33:16,407 INFO Searching privacy: 티빙 privacy policy
2026-07-21 02:33:16,643 INFO Skipping non-official search result: https://linkedin.com/posts/hs-kang-98362312_위기에-처한-리더에게-딴지를-거는-레드팀이-꼭-필요한-이유-강함수의-activity-6833521565079085057-ZA6O
2026-07-21 02:33:16,643 INFO Skipping blacklisted search result: https://blog.naver.com/sooheenam/224304580561
2026-07-21 02:33:16,643 INFO Skipping non-official search result: https://www.klog.kr/info/티빙-홈페이지-바로가기
2026-07-21 02:33:16,661 INFO Skipping non-official search result: https://cjnews.cj.net/tag/%ED%8B%B0%EB%B9%99
2026-07-21 02:33:16,661 INFO Skipping blacklisted search result: https://teletobi-bbo.tistory.com/entry/%ED%8B%B0%EB%B9%99-%EA%B3%A0%EA%B0%9D%EC%84%BC%ED%84%B0-%EC%83%81%EB%8B%B4%EC%82%AC%EC%97%B0%EA%B2%B0
2026-07-21 02:33:16,661 INFO Skipping non-official search result: https://www.tiktok.com/discover/%ED%8B%B0%EB%B9%99-2025-%EC%83%81%EB%B0%98%EA%B8%B0%EB%93%9C%EB%9D%BC%EB%A7%88
2026-07-21 02:33:16,676 INFO Searching refund_cancellation: 티빙 환불 해지 정책
2026-07-21 02:33:16,906 INFO Skipping blacklisted search result: https://m.blog.naver.com/rywls92/223648353911
2026-07-21 02:33:16,906 INFO Skipping non-official search result: https://namu.wiki/w/TVING
2026-07-21 02:33:16,906 INFO Skipping blacklisted search result: https://mobile-rate.tistory.com/517
2026-07-21 02:33:16,927 INFO Skipping blacklisted search result: https://m.blog.naver.com/winsweet/223675144883
2026-07-21 02:33:16,927 INFO Skipping blacklisted search result: https://blog.naver.com/shark959/222397510446
2026-07-21 02:33:16,927 INFO Skipping non-official search result: https://blog.whatssub.co/post/tving-cancel
2026-07-21 02:33:16,944 INFO Skipping non-official search result: https://m.kin.naver.com/qna/dirs/10905/docs/449986415
2026-07-21 02:33:16,944 INFO Searching refund_cancellation: 티빙 환불정책 이용 해지
2026-07-21 02:33:17,170 INFO Skipping blacklisted search result: https://m.blog.naver.com/rywls92/223648353911
2026-07-21 02:33:17,170 INFO Skipping blacklisted search result: https://conifer.tistory.com/entry/%ED%8B%B0%EB%B9%99-%ED%95%B4%EC%A7%80-%EB%B0%A9%EB%B2%95-%ED%99%98%EB%B6%88%EA%B9%8C%EC%A7%80-%EC%99%84%EB%A3%8C-%ED%9B%84%EA%B8%B0
2026-07-21 02:33:17,183 INFO Skipping blacklisted search result: https://americano1900.tistory.com/entry/TVING-%ED%8B%B0%EB%B9%99-%EC%9D%B4%EC%9A%A9%EA%B6%8C-%ED%99%98%EB%B6%88-%EB%B0%8F-%EC%A0%95%EA%B8%B0%EA%B2%B0%EC%A0%9C-%ED%95%B4%EC%A7%80-%EB%B0%A9%EB%B2%95
2026-07-21 02:33:17,183 INFO Skipping blacklisted search result: https://m.blog.naver.com/winsweet/223675144883
2026-07-21 02:33:17,183 INFO Skipping blacklisted search result: https://blog.naver.com/shark959/222397510446
2026-07-21 02:33:17,196 INFO Skipping blacklisted search result: https://blog.naver.com/psc813/223880842138?viewType=pc
2026-07-21 02:33:17,196 INFO Skipping non-official search result: https://blog.whatssub.co/post/tving-cancel
2026-07-21 02:33:17,196 INFO Skipping non-official search result: https://m.kin.naver.com/qna/dirs/10905/docs/449986415
2026-07-21 02:33:17,218 INFO Searching refund_cancellation: 티빙 refund cancellation policy
2026-07-21 02:33:17,445 INFO Skipping blacklisted search result: https://www.koreajoongangdaily.com/business/streaming-services-ordered-to-change-refund-terms/11360612
2026-07-21 02:33:17,445 INFO Skipping blacklisted search result: https://m.blog.naver.com/winsweet/223675144883
2026-07-21 02:33:17,445 INFO Skipping blacklisted search result: https://conifer.tistory.com/entry/%ED%8B%B0%EB%B9%99-%ED%95%B4%EC%A7%80-%EB%B0%A9%EB%B2%95-%ED%99%98%EB%B6%88%EA%B9%8C%EC%A7%80-%EC%99%84%EB%A3%8C-%ED%9B%84%EA%B8%B0
2026-07-21 02:33:17,461 INFO Skipping blacklisted search result: https://blog.naver.com/shark959/222397510446
2026-07-21 02:33:17,462 INFO Skipping non-official search result: https://help.turo.com/en_us/refund-timing-rkyN44gEc
2026-07-21 02:33:17,462 INFO Skipping non-official search result: https://developers.booking.com/demand/docs/orders-api/cancellation-policies
2026-07-21 02:33:17,462 INFO Skipping non-official search result: https://support.nordvpn.com/hc/en-us/articles/19476991311121-What-is-your-refund-policy
2026-07-21 02:33:17,479 INFO Searching billing_autorenewal: 티빙 자동결제 정기결제 정책
2026-07-21 02:33:17,707 INFO Skipping blacklisted search result: https://beautiful-sky.tistory.com/837
2026-07-21 02:33:17,707 INFO Skipping blacklisted search result: https://m.blog.naver.com/rywls92/223648353911
2026-07-21 02:33:17,707 INFO Skipping blacklisted search result: https://m.blog.naver.com/bank_news/224246936121?rvid=D2E8DCA7110CC92F963BE4B66703BDB3CCE5&targetKeyword=%EC%A0%95%EA%B8%B0%EA%B2%B0%EC%A0%9C%ED%95%B4%EC%A7%80
2026-07-21 02:33:17,713 INFO Skipping blacklisted search result: https://americano1900.tistory.com/entry/TVING-%ED%8B%B0%EB%B9%99-%EC%9D%B4%EC%9A%A9%EA%B6%8C-%ED%99%98%EB%B6%88-%EB%B0%8F-%EC%A0%95%EA%B8%B0%EA%B2%B0%EC%A0%9C-%ED%95%B4%EC%A7%80-%EB%B0%A9%EB%B2%95
2026-07-21 02:33:17,713 INFO Skipping blacklisted search result: https://m.blog.naver.com/rudtjq131313/224044877918
2026-07-21 02:33:17,713 INFO Skipping blacklisted search result: https://haeyum2417.tistory.com/entry/%ED%8B%B0%EB%B9%99-%EC%A0%95%EA%B8%B0%EA%B2%B0%EC%A0%9C-%ED%95%B4%EC%A7%80-%EB%B3%80%EA%B2%BD%EB%B0%A9%EB%B2%95-%ED%8B%B0%EB%B9%99-%EA%B2%B0%EC%A0%9C%EC%88%98%EB%8B%A8-%EB%B3%80%EA%B2%BD%EB%B0%A9%EB%B2%95
2026-07-21 02:33:17,748 INFO Skipping blacklisted search result: https://classytip.tistory.com/213
2026-07-21 02:33:17,748 INFO Searching billing_autorenewal: 티빙 결제 갱신 해지
2026-07-21 02:33:17,982 INFO Skipping blacklisted search result: https://red-fruit.tistory.com/864
2026-07-21 02:33:17,982 INFO Skipping blacklisted search result: https://m.blog.naver.com/rywls92/223648353911
2026-07-21 02:33:17,982 INFO Skipping non-official search result: https://spiralmans.com/entry/%ED%8B%B0%EB%B9%99-%EC%9A%94%EA%B8%88%EC%A0%9C-%ED%95%B4%EC%A7%80%EB%B0%A9%EB%B2%95-%EC%9E%90%EB%8F%99%EA%B2%B0%EC%A0%9C-%EC%A4%91%EB%8B%A8%EB%B6%80%ED%84%B0-%ED%95%B4%EC%A7%80-%ED%83%80%EC%9D%B4%EB%B0%8D%EA%B9%8C%EC%A7%80-%EC%A0%95%ED%99%95%ED%95%98%EA%B2%8C-%EC%A0%95%EB%A6%AC
2026-07-21 02:33:17,997 INFO Skipping non-official search result: https://slowlynote.com/126
2026-07-21 02:33:17,997 INFO Skipping non-official search result: https://namu.wiki/w/TVING
2026-07-21 02:33:17,997 INFO Skipping non-official search result: https://v.daum.net/v/20251018085150050
2026-07-21 02:33:17,997 INFO Skipping non-official search result: https://product.kt.com/wDic/productDetail.do?ItemCode=1547
2026-07-21 02:33:18,000 INFO Searching billing_autorenewal: 티빙 billing auto renewal policy
2026-07-21 02:33:18,224 INFO Skipping non-official search result: https://www.lawinsider.com/clause/auto-renewal
2026-07-21 02:33:18,224 INFO Skipping non-official search result: https://namu.wiki/w/TVING
2026-07-21 02:33:18,236 INFO Skipping non-official search result: https://www.contractken.com/glossary/renewal
2026-07-21 02:33:18,236 INFO Skipping non-official search result: https://www.bclplaw.com/en-US/events-insights-news/subscription-based-business-models-an-overview-of-auto-renewal-regulations.html
2026-07-21 02:33:18,237 INFO Skipping non-official search result: https://www.gtlaw.com/en/insights/2023/2/stricter-standards-emerging-for-subscription-style-services-that-renew-automatically
2026-07-21 02:33:18,245 INFO Skipping non-official search result: https://www.kaplancollectionagency.com/credit-policies/99-of-b2b-auto-renewals-are-no-longer-enforceable-as-written
2026-07-21 02:33:18,245 INFO Skipping non-official search result: https://www.mofo.com/resources/insights/220113-recent-auto-renewal-law-changes
2026-07-21 02:33:18,245 INFO Searching platform_refund: 티빙 앱스토어 환불
2026-07-21 02:33:18,522 INFO Skipping blacklisted search result: https://beautiful-sky.tistory.com/849
2026-07-21 02:33:18,522 INFO Skipping blacklisted search result: https://mobile-rate.tistory.com/517
2026-07-21 02:33:18,523 INFO Skipping non-official search result: https://slowlynote.com/126
2026-07-21 02:33:18,545 INFO Skipping non-official search result: https://cl2033.com/entry/%ED%8B%B0%EB%B9%99-%ED%95%B4%EC%A7%80-%ED%99%98%EB%B6%88-%EC%9D%B4%EC%9A%A9%EA%B6%8C-%EA%B5%AC%EB%8F%85-%EC%B7%A8%EC%86%8C-%EB%B0%A9%EB%B2%95-%EB%AA%A8%EB%B0%94%EC%9D%BC-PC-%EA%B5%AC%EA%B8%80-%EC%95%84%EC%9D%B4%ED%8F%B0-%EC%95%B1%EC%8A%A4%ED%86%A0%EC%96%B4
2026-07-21 02:33:18,545 INFO Skipping blacklisted search result: https://handongmoa.tistory.com/entry/%ED%8B%B0%EB%B9%99-%EC%9E%90%EB%8F%99%EA%B2%B0%EC%A0%9C-%ED%95%B4%EC%A7%80-%EB%B0%8F-%ED%99%98%EB%B6%88-%EB%B0%A9%EB%B2%95-2025%EB%85%84-%EC%99%84%EC%A0%84-%EC%A0%95%EB%A6%AC
2026-07-21 02:33:18,545 INFO Skipping non-official search result: https://m.kin.naver.com/qna/dirs/10905/docs/492160160?qb=7J&qnaDetailTrackingCode=end_similar_list
2026-07-21 02:33:18,559 INFO Skipping blacklisted search result: https://m.blog.naver.com/rudtjq131313/224044877918
2026-07-21 02:33:18,559 INFO Skipping non-official search result: https://tving.appstor.io
2026-07-21 02:33:18,559 INFO Searching platform_refund: 티빙 구글플레이 환불
2026-07-21 02:33:18,781 INFO Skipping blacklisted search result: https://mobile-rate.tistory.com/517
2026-07-21 02:33:18,782 INFO Skipping non-official search result: https://m.kin.naver.com/qna/dirs/10905/docs/473711423
2026-07-21 02:33:18,803 INFO Skipping non-official search result: https://play.google.com/store/apps/details?id=net.cj.cjhv.gs.tving&hl=ko
2026-07-21 02:33:18,820 INFO Skipping non-official search result: https://m.kin.naver.com/qna/dirs/10905/docs/483897429
2026-07-21 02:33:18,831 INFO Skipping blacklisted search result: https://blog.naver.com/psc813/223880842138?viewType=pc
2026-07-21 02:33:18,842 INFO Searching platform_refund: 티빙 App Store Google Play refund
2026-07-21 02:33:19,066 INFO Skipping non-official search result: https://play.google.com/store/apps/dev?id=5411404617533446121&hl=en_NZ
2026-07-21 02:33:19,066 INFO Skipping non-official search result: https://tms-outsource.com/blog/posts/how-to-get-a-refund-from-the-google-play-store
2026-07-21 02:33:19,067 INFO Skipping non-official search result: https://www.androidpolice.com/google-play-store-get-refund
2026-07-21 02:33:19,098 INFO Skipping non-official search result: https://androidpolice.com/google-play-store-get-refund
2026-07-21 02:33:19,098 INFO Skipping blacklisted search result: https://6myo6a.tistory.com/entry/%ED%8B%B0%EB%B9%99-%EA%B5%AC%EB%8F%85-%ED%95%B4%EC%A7%80-%ED%99%98%EB%B6%88%ED%95%98%EA%B8%B0-with-%ED%8B%B0%EB%B9%99%EC%95%B1-%EC%95%A0%ED%94%8C%EC%84%9C%EB%B9%84%EC%8A%A4
2026-07-21 02:33:19,108 INFO Skipping non-official search result: https://apps.apple.com/kr/story/id1543355540?l=en-GB
2026-07-21 02:33:28,725 INFO Skipping undated terms page: https://www.tving.com/policy/pay-terms
2026-07-21 02:33:35,126 INFO Policy evidence is weak; skipping https://support.google.com/googleplay/answer/15574908?hl=en
2026-07-21 02:33:40,061 WARNING discarding data: None
2026-07-21 02:33:42,294 INFO Policy evidence is weak; skipping https://www.tving.com/info-check
2026-07-21 02:33:45,636 INFO Policy evidence is weak; skipping https://www.tving.com
2026-07-21 02:34:02,930 WARNING Could not confidently discover official domain for 디즈니 플러스
2026-07-21 02:34:11,281 INFO Searching terms: 넷플릭스 이용약관
2026-07-21 02:34:12,112 INFO Skipping blacklisted search result: https://m.blog.naver.com/rbs1234/222226305000
2026-07-21 02:34:12,113 INFO Skipping non-official search result: https://www.youtube.com/watch?v=vjBo-FIvxGo
2026-07-21 02:34:12,131 INFO Skipping non-official search result: https://www.korea.kr/briefing/policyBriefingView.do?newsId=156371174
2026-07-21 02:34:12,131 INFO Skipping non-official search result: https://www.khan.co.kr/article/202510100600051
2026-07-21 02:34:12,131 INFO Skipping non-official search result: https://namu.wiki/w/%EB%84%B7%ED%94%8C%EB%A6%AD%EC%8A%A4
2026-07-21 02:34:12,131 INFO Skipping non-official search result: https://play.google.com/store/apps/details?id=com.netflix.mediaclient&hl=ko
2026-07-21 02:34:12,155 INFO Skipping blacklisted search result: https://blog.naver.com/htiger31/221774113391?viewType=pc
2026-07-21 02:34:12,166 INFO Searching terms: 넷플릭스 서비스 약관
2026-07-21 02:34:12,376 INFO Skipping blacklisted search result: https://m.blog.naver.com/rbs1234/222226305000
2026-07-21 02:34:12,377 INFO Skipping non-official search result: http://www.sisamedia.kr/news/articleView.html?idxno=43871
2026-07-21 02:34:12,394 INFO Skipping non-official search result: https://www.youtube.com/watch?v=vjBo-FIvxGo
2026-07-21 02:34:12,394 INFO Skipping non-official search result: https://www.khan.co.kr/article/202510100600051
2026-07-21 02:34:12,406 INFO Skipping non-official search result: https://www.korea.kr/briefing/policyBriefingView.do?newsId=156371174
2026-07-21 02:34:12,433 INFO Skipping non-official search result: https://namu.wiki/w/%EB%84%B7%ED%94%8C%EB%A6%AD%EC%8A%A4
2026-07-21 02:34:12,452 INFO Skipping non-official search result: https://play.google.com/store/apps/details?id=com.netflix.mediaclient&hl=ko
2026-07-21 02:34:12,452 INFO Skipping blacklisted search result: https://blog.naver.com/attorney_choi/222284254142?viewType=pc
2026-07-21 02:34:12,452 INFO Searching terms: 넷플릭스 terms of service
2026-07-21 02:34:12,660 INFO Skipping non-official search result: https://tsandzzz.com/netflix-terms-of-use
2026-07-21 02:34:12,660 INFO Skipping non-official search result: https://cdn.ca9.uscourts.gov/datastore/library/2013/02/26/Nosal_Netflix.pdf
2026-07-21 02:34:12,685 INFO Skipping non-official search result: https://www.scribd.com/document/866248084/Netflix-Ts-Cs
2026-07-21 02:34:12,698 INFO Skipping blacklisted search result: https://terms.law/ToS-Watchdog/streaming-services/netflix
2026-07-21 02:34:12,709 INFO Skipping non-official search result: https://www.netflix.shop/pages/terms-of-use
2026-07-21 02:34:12,709 INFO Skipping non-official search result: https://finance.yahoo.com/news/netflix-more-subscription-services-updating-140015885.html
2026-07-21 02:34:12,709 INFO Skipping non-official search result: https://mvk-cs-uploads.s3.us-east-1.amazonaws.com/Netflix%2C%20Inc.%20-%20netflix%20-%20influencer%20agreement.pdf
2026-07-21 02:34:12,715 INFO Skipping non-official search result: https://newsroom.kakaoent.com/terms-of-use
2026-07-21 02:34:12,715 INFO Searching privacy: 넷플릭스 개인정보 처리방침
2026-07-21 02:34:12,926 INFO Skipping non-official search result: https://v.daum.net/v/cyEn7wHJcW
2026-07-21 02:34:12,926 INFO Skipping non-official search result: https://m.kin.naver.com/qna/dirs/10905/docs/452608888?qb=6
2026-07-21 02:34:12,944 INFO Skipping non-official search result: https://www.yna.co.kr/view/AKR20210825115251530
2026-07-21 02:34:12,960 INFO Searching privacy: 넷플릭스 privacy policy
2026-07-21 02:34:13,177 INFO Skipping non-official search result: https://github.com/OpenTermsArchive/contrib-versions/blob/main/Netflix/Privacy%20Policy.md
2026-07-21 02:34:13,177 INFO Skipping non-official search result: https://www.netflixinyourneighbourhood.ca/privacy
2026-07-21 02:34:13,190 INFO Skipping non-official search result: https://www.netflix.shop/pages/privacy-statement
2026-07-21 02:34:13,190 INFO Skipping non-official search result: https://www.youtube.com/watch?v=_A-DTR41_Zo
2026-07-21 02:34:13,190 INFO Skipping non-official search result: https://chromewebstore.google.com/detail/%EB%9E%AD%ED%94%8C%EB%A6%AD%EC%8A%A4-%EB%84%B7%ED%94%8C%EB%A6%AD%EC%8A%A4-%EC%9D%B4%EC%A4%91%EC%9E%90%EB%A7%89-ai-%EC%98%81%EC%96%B4-%ED%95%99%EC%8A%B5/eiflpppdaikieggdeojonknijogibjhh
2026-07-21 02:34:13,217 INFO Skipping non-official search result: https://orionpolicy.org/lawsuit-filed-against-netflix-over-data-privacy
2026-07-21 02:34:13,217 INFO Skipping non-official search result: https://namu.wiki/w/넷플릭스
2026-07-21 02:34:13,218 INFO Searching refund_cancellation: 넷플릭스 환불 해지 정책
2026-07-21 02:34:13,433 INFO Skipping blacklisted search result: https://nohuo.tistory.com/entry/%EB%84%B7%ED%94%8C%EB%A6%AD%EC%8A%A4-%ED%95%B4%EC%A7%80-%ED%9B%84-%ED%99%98%EB%B6%88-%EA%B7%9C%EC%A0%95-%EC%99%84%EB%B2%BD-%EC%A0%95%EB%A6%AC
2026-07-21 02:34:13,433 INFO Skipping blacklisted search result: https://miamiduri.tistory.com/133
2026-07-21 02:34:13,433 INFO Skipping blacklisted search result: https://m.blog.naver.com/ddihw/224159323355
2026-07-21 02:34:13,465 INFO Skipping non-official search result: https://pickle.plus/blog/%EB%84%B7%ED%94%8C%EB%A6%AD%EC%8A%A4%EA%B5%AC%EB%8F%85%ED%95%B4%EC%A7%80-%EC%9E%90%EB%8F%99%EA%B2%B0%EC%A0%9C%ED%99%98%EB%B6%88%EB%B0%A9%EB%B2%95
2026-07-21 02:34:13,465 INFO Skipping blacklisted search result: https://blog.naver.com/attorney_choi/222284254142?viewType=pc
2026-07-21 02:34:13,482 INFO Skipping blacklisted search result: https://blog.naver.com/ddihw/224113975262
2026-07-21 02:34:13,482 INFO Skipping blacklisted search result: https://yureka1822.tistory.com/entry/%EB%84%B7%ED%94%8C%EB%A6%AD%EC%8A%A4-%EB%A9%A4%EB%B2%84%EC%8B%AD-%ED%95%B4%EC%A7%80-%EB%B0%8F-%ED%99%98%EB%B6%88-%EA%B3%A0%EA%B0%9D%EC%84%BC%ED%84%B0-%EC%97%86%EC%9D%B4-%EB%B9%A0%EB%A5%B4%EA%B2%8C-%ED%99%98%EB%B6%88%EB%B0%9B%EC%9E%90
2026-07-21 02:34:13,482 INFO Searching refund_cancellation: 넷플릭스 환불정책 이용 해지
2026-07-21 02:34:13,718 INFO Skipping blacklisted search result: https://miamiduri.tistory.com/133
2026-07-21 02:34:13,718 INFO Skipping non-official search result: https://d58.nicesongtoyou.com/6218
2026-07-21 02:34:13,743 INFO Skipping blacklisted search result: https://m.blog.naver.com/ddihw/224159323355
2026-07-21 02:34:13,760 INFO Skipping blacklisted search result: https://m.blog.naver.com/cheeks00/224223998301
2026-07-21 02:34:13,778 INFO Skipping non-official search result: https://m.site.naver.com/1ZTHF
2026-07-21 02:34:13,795 INFO Skipping blacklisted search result: https://brunch.co.kr/@f15874dad00f4e0/368
2026-07-21 02:34:13,795 INFO Skipping blacklisted search result: https://blog.naver.com/ddihw/224113975262
2026-07-21 02:34:13,812 INFO Skipping non-official search result: https://pickle.plus/blog/%EB%84%B7%ED%94%8C%EB%A6%AD%EC%8A%A4%EA%B5%AC%EB%8F%85%ED%95%B4%EC%A7%80-%EC%9E%90%EB%8F%99%EA%B2%B0%EC%A0%9C%ED%99%98%EB%B6%88%EB%B0%A9%EB%B2%95
2026-07-21 02:34:13,812 INFO Searching refund_cancellation: 넷플릭스 refund cancellation policy
2026-07-21 02:34:14,040 INFO Skipping non-official search result: https://www.learnwithnetflix.com/refund-policy
2026-07-21 02:34:14,040 INFO Skipping non-official search result: https://www.youtube.com/watch?v=trL0PO7NiTU
2026-07-21 02:34:14,123 INFO Skipping blacklisted search result: https://m.blog.naver.com/ddihw/224159323355
2026-07-21 02:34:14,135 INFO Skipping non-official search result: https://www.engadget.com/entertainment/streaming/how-to-cancel-your-netflix-subscription-202230648.html
2026-07-21 02:34:14,146 INFO Skipping non-official search result: https://www.netflix.shop/pages/return-policy
2026-07-21 02:34:14,146 INFO Skipping non-official search result: https://help.netflixshopsupport.com/hc/en-us/articles/25574524085652-Do-I-get-a-full-refund-on-my-return
2026-07-21 02:34:14,158 INFO Searching billing_autorenewal: 넷플릭스 자동결제 정기결제 정책
2026-07-21 02:34:14,386 INFO Skipping non-official search result: https://m.site.naver.com/1ZTHF
2026-07-21 02:34:14,386 INFO Skipping blacklisted search result: https://issueoftv.tistory.com/3
2026-07-21 02:34:14,401 INFO Skipping non-official search result: https://pickle.plus/blog/%EB%84%B7%ED%94%8C%EB%A6%AD%EC%8A%A4%EA%B5%AC%EB%8F%85%ED%95%B4%EC%A7%80-%EC%9E%90%EB%8F%99%EA%B2%B0%EC%A0%9C%ED%99%98%EB%B6%88%EB%B0%A9%EB%B2%95
2026-07-21 02:34:14,416 INFO Skipping blacklisted search result: https://m.blog.naver.com/djusti/223674688875
2026-07-21 02:34:14,418 INFO Skipping blacklisted search result: https://m.blog.naver.com/smhcow/222328669797
2026-07-21 02:34:14,418 INFO Skipping non-official search result: https://www.eyesmag.com/posts/132894/subscription-economy-payment
2026-07-21 02:34:14,432 INFO Searching billing_autorenewal: 넷플릭스 결제 갱신 해지
2026-07-21 02:34:14,650 INFO Skipping blacklisted search result: https://issueoftv.tistory.com/3
2026-07-21 02:34:14,650 INFO Skipping non-official search result: https://namu.wiki/w/%EB%84%B7%ED%94%8C%EB%A6%AD%EC%8A%A4
2026-07-21 02:34:14,681 INFO Skipping non-official search result: https://a7.sinsa.net/%EB%84%B7%ED%94%8C%EB%A6%AD%EC%8A%A4-%EB%8B%B9%EC%9D%BC-%ED%95%B4%EC%A7%80-%EB%B0%8F-%ED%99%98%EB%B6%88-%EB%B0%9B%EB%8A%94-%EB%B0%A9%EB%B2%95-%EC%95%8C%EC%95%84%EB%B3%B4%EC%9E%90
2026-07-21 02:34:14,681 INFO Skipping blacklisted search result: https://rollingasset.tistory.com/entry/%EC%9C%A0%EB%A3%8C-%EA%B5%AC%EB%8F%85-%EC%84%9C%EB%B9%84%EC%8A%A4-%EC%9E%90%EB%8F%99-%EA%B2%B0%EC%A0%9C-%ED%95%B4%EC%A7%80-%EC%8B%9C-%EC%9C%84%EC%95%BD%EA%B8%88%EC%9D%B4-%EB%B0%9C%EC%83%9D%ED%95%A0%EA%B9%8C
2026-07-21 02:34:14,697 INFO Skipping blacklisted search result: https://m.blog.naver.com/dmsgp361/223416001078
2026-07-21 02:34:14,701 INFO Skipping blacklisted search result: https://m.blog.naver.com/uncledison/223207712850
2026-07-21 02:34:14,701 INFO Searching billing_autorenewal: 넷플릭스 billing auto renewal policy
2026-07-21 02:34:14,945 INFO Skipping non-official search result: https://www.shamisgentile.com/class-actions/auto-renewing-subscription
2026-07-21 02:34:14,946 INFO Skipping non-official search result: https://www.learnwithnetflix.com/refund-policy
2026-07-21 02:34:14,960 INFO Skipping non-official search result: https://usishield.com/39317/opinion/netflix-and-bill-what-the-new-streaming-policy-means-for-the-future
2026-07-21 02:34:14,973 INFO Skipping non-official search result: https://www.kedglobal.com/regulations/newsView/ked202408220017
2026-07-21 02:34:14,989 INFO Searching platform_refund: 넷플릭스 앱스토어 환불
2026-07-21 02:34:15,207 INFO Skipping blacklisted search result: https://m.blog.naver.com/dragonjskim/221324690363
2026-07-21 02:34:15,207 INFO Skipping blacklisted search result: https://m.blog.naver.com/cheeks00/224223998301
2026-07-21 02:34:15,207 INFO Skipping blacklisted search result: https://hanseokhyeon.tistory.com/entry/2020917-%EB%84%B7%ED%94%8C%EB%A6%AD%EC%8A%A4-%ED%99%98%EB%B6%88-%ED%9B%84%EA%B8%B0-%EC%95%84%EC%9D%B4%ED%8F%B0-or-%EC%95%84%EC%9D%B4%ED%8C%A8%EB%93%9C%EB%A1%9C
2026-07-21 02:34:15,226 INFO Skipping blacklisted search result: https://m.blog.naver.com/uncledison/223207712850
2026-07-21 02:34:15,226 INFO Skipping non-official search result: https://www.instagram.com/p/Datp5XLE3OO
2026-07-21 02:34:15,277 INFO Skipping blacklisted search result: https://gametapa.tistory.com/entry/%EB%84%B7%ED%94%8C%EB%A6%AD%EC%8A%A4-%EA%B2%B0%EC%A0%9C-%ED%95%B4%EC%A7%80-%EB%B0%8F-%ED%99%98%EB%B6%88-%EB%B0%A9%EB%B2%95-%EC%9E%90%EC%84%B8%ED%95%98%EA%B2%8C-%EC%95%8C%EC%95%84%EB%B3%B4%EA%B8%B0
2026-07-21 02:34:15,295 INFO Skipping non-official search result: https://play.google.com/store/apps/details?id=com.netflix.mediaclient&hl=ko
2026-07-21 02:34:15,295 INFO Searching platform_refund: 넷플릭스 구글플레이 환불
2026-07-21 02:34:15,513 INFO Skipping non-official search result: https://namu.wiki/w/%EB%84%B7%ED%94%8C%EB%A6%AD%EC%8A%A4
2026-07-21 02:34:15,513 INFO Skipping non-official search result: https://play.google.com/store/apps/details?id=com.netflix.ninja&hl=ko
2026-07-21 02:34:15,928 INFO Skipping blacklisted search result: https://m.blog.naver.com/cheeks00/224223998301
2026-07-21 02:34:15,928 INFO Skipping non-official search result: https://www.instagram.com/p/Datp5XLE3OO
2026-07-21 02:34:15,928 INFO Skipping non-official search result: https://play.google.com/store/apps/details?id=com.netflix.mediaclient&hl=ko
2026-07-21 02:34:15,992 INFO Skipping blacklisted search result: https://m.blog.naver.com/uncledison/223207712850
2026-07-21 02:34:15,992 INFO Skipping blacklisted search result: https://gametapa.tistory.com/entry/%EB%84%B7%ED%94%8C%EB%A6%AD%EC%8A%A4-%EA%B2%B0%EC%A0%9C-%ED%95%B4%EC%A7%80-%EB%B0%8F-%ED%99%98%EB%B6%88-%EB%B0%A9%EB%B2%95-%EC%9E%90%EC%84%B8%ED%95%98%EA%B2%8C-%EC%95%8C%EC%95%84%EB%B3%B4%EA%B8%B0
2026-07-21 02:34:15,992 INFO Searching platform_refund: 넷플릭스 App Store Google Play refund
2026-07-21 02:34:16,240 INFO Skipping non-official search result: https://www.netflix.shop/pages/return-policy
2026-07-21 02:34:16,241 INFO Skipping non-official search result: https://www.youtube.com/watch?v=K6976wo0Hho
2026-07-21 02:34:16,248 INFO Skipping non-official search result: https://www.androidpolice.com/google-play-store-get-refund
2026-07-21 02:34:16,248 INFO Skipping blacklisted search result: https://m.blog.naver.com/keeproo/221506350337
2026-07-21 02:34:23,191 INFO Policy evidence is weak; skipping https://support.google.com/googleplay/answer/2479637?hl=en
2026-07-21 02:34:24,541 INFO Policy evidence is weak; skipping https://support.google.com/googleplay/answer/15576615?hl=en
2026-07-21 02:34:29,488 INFO Policy evidence is weak; skipping https://help.netflix.com/ko/node/134233
2026-07-21 02:34:30,156 INFO Policy evidence is weak; skipping https://help.netflix.com/ko/node/113408
2026-07-21 02:34:30,711 INFO Policy evidence is weak; skipping https://help.netflix.com/en/node/54896
2026-07-21 02:34:32,116 INFO Policy evidence is weak; skipping https://support.google.com/googleplay/answer/15574897?hl=en
2026-07-21 02:34:33,666 INFO Policy evidence is weak; skipping https://help.netflix.com/ko/node/123277
2026-07-21 02:34:34,393 INFO Policy evidence is weak; skipping https://help.netflix.com/ko/node/100637
2026-07-21 02:34:35,121 INFO Policy evidence is weak; skipping https://help.netflix.com/en/node/407
2026-07-21 02:34:39,029 WARNING discarding data: None
2026-07-21 02:34:42,206 INFO Policy evidence is weak; skipping https://www.disneyplus.com/ko-kr/legal/subscriber-agreement
2026-07-21 02:36:51,878 INFO Discovered official domain for disney plus: disneyplus.com (113)
2026-07-21 02:36:51,879 INFO Searching terms: disney plus 이용약관
2026-07-21 02:36:54,822 INFO Skipping non-official search result: https://marketplace-wp-content.s3.us-east-1.amazonaws.com/2024/08/Subscriber-Agreement-_-Disney.pdf
2026-07-21 02:36:54,823 INFO Skipping non-official search result: https://disneytermsofuse.com/korean
2026-07-21 02:36:54,840 INFO Skipping non-official search result: https://www.businesspost.co.kr/BP?command=article_view&num=329266
2026-07-21 02:36:54,859 INFO Searching terms: disney plus 서비스 약관
2026-07-21 02:36:59,283 INFO Skipping non-official search result: https://marketplace-wp-content.s3.us-east-1.amazonaws.com/2024/08/Subscriber-Agreement-_-Disney.pdf
2026-07-21 02:36:59,284 INFO Skipping non-official search result: https://www.tech42.co.kr/%EB%94%94%EC%A6%88%EB%8B%88-%EA%B3%84%EC%A0%95-%EA%B3%B5%EC%9C%A0-%EB%8B%A8%EC%86%8D%EC%9D%B4-%EC%8B%9C%EC%9E%91%EB%90%90%EB%8B%A4
2026-07-21 02:36:59,557 INFO Skipping non-official search result: https://www.hulu.com/subscriber_agreement
2026-07-21 02:36:59,557 INFO Skipping non-official search result: https://www.facebook.com/disneytips/posts/-disney-just-updated-their-terms-of-service-heres-what-to-know/1316105707220868
2026-07-21 02:36:59,624 INFO Skipping non-official search result: https://thewaltdisneycompany.com/news/new-global-launch-dates-confirmed-for-disney
2026-07-21 02:36:59,715 INFO Searching terms: disney plus terms of service
2026-07-21 02:37:01,561 INFO Skipping non-official search result: https://ballsandstrikes.org/legal-culture/disney-plus-lawsuit-terms-of-service
2026-07-21 02:37:01,561 INFO Skipping non-official search result: https://www.facebook.com/disneytips/posts/-disney-just-updated-their-terms-of-service-heres-what-to-know/1316105707220868
2026-07-21 02:37:01,580 INFO Skipping non-official search result: https://disneytermsofuse.com/english
2026-07-21 02:37:01,589 INFO Skipping non-official search result: https://hls.harvard.edu/today/does-signing-up-for-disney-mean-you-can-never-sue-the-walt-disney-company
2026-07-21 02:37:01,590 INFO Searching privacy: disney plus 개인정보 처리방침
2026-07-21 02:37:04,521 INFO Skipping non-official search result: https://privacy.thewaltdisneycompany.com/ko/supplemental-privacy-policy-for-republic-of-korea
2026-07-21 02:37:04,522 INFO Skipping non-official search result: https://whatsondisneyplus.com/privacy-policy-2
2026-07-21 02:37:04,546 INFO Skipping non-official search result: https://privacy.thewaltdisneycompany.com/ko/current-privacy-policy-ko-kr
2026-07-21 02:37:04,546 INFO Skipping non-official search result: https://privacy.thewaltdisneycompany.com/ko
2026-07-21 02:37:04,558 INFO Skipping non-official search result: https://privacy.thewaltdisneycompany.com
2026-07-21 02:37:04,558 INFO Skipping blacklisted search result: https://ko.wikipedia.org/wiki/%EB%94%94%EC%A6%88%EB%8B%88%2B
2026-07-21 02:37:04,564 INFO Searching privacy: disney plus privacy policy
2026-07-21 02:37:08,134 INFO Skipping non-official search result: https://whatsondisneyplus.com/privacy-policy-2
2026-07-21 02:37:08,134 INFO Skipping non-official search result: https://privacy.thewaltdisneycompany.com/en/current-privacy-policy/collection-and-use-kr
2026-07-21 02:37:08,158 INFO Skipping non-official search result: https://privacy.thewaltdisneycompany.com/en
2026-07-21 02:37:08,170 INFO Skipping non-official search result: https://privacy.thewaltdisneycompany.com/en/current-privacy-policy/your-us-state-privacy-rights
2026-07-21 02:37:08,175 INFO Skipping non-official search result: https://vinciworks.com/blog/disneys-2-75-million-data-privacy-wake-up-call
2026-07-21 02:37:08,175 INFO Searching refund_cancellation: disney plus 환불 해지 정책
2026-07-21 02:37:12,882 INFO Skipping blacklisted search result: https://vieweunice.tistory.com/entry/%EB%94%94%EC%A6%88%EB%8B%88%ED%94%8C%EB%9F%AC%EC%8A%A4-%EB%B6%80%EB%B6%84%ED%99%98%EB%B6%88-%ED%95%B4%EC%A7%80%EB%B0%A9%EB%B2%95-%ED%95%B4%EC%A7%80%EC%A0%95%EC%B1%85-%ED%99%98%EB%B6%88%EA%B8%88%EC%95%A1-%EA%B3%84%EC%82%B0
2026-07-21 02:37:12,882 INFO Skipping blacklisted search result: https://blog.naver.com/handrer/223964411385
2026-07-21 02:37:12,882 INFO Skipping blacklisted search result: https://hiosds.tistory.com/208
2026-07-21 02:37:12,973 INFO Skipping blacklisted search result: https://m.blog.naver.com/zencstory/223222324676
2026-07-21 02:37:12,973 INFO Skipping non-official search result: https://www.subdelete.com/ko/us/cancel-subscription/disney-plus
2026-07-21 02:37:13,031 INFO Skipping non-official search result: https://www.subdelete.com/ko/pe/cancel-subscription/disney-plus
2026-07-21 02:37:13,056 INFO Searching refund_cancellation: disney plus 환불정책 이용 해지
2026-07-21 02:37:17,263 INFO Skipping blacklisted search result: https://m.blog.naver.com/zencstory/223222324676
2026-07-21 02:37:17,263 INFO Skipping blacklisted search result: https://vieweunice.tistory.com/entry/%EB%94%94%EC%A6%88%EB%8B%88%ED%94%8C%EB%9F%AC%EC%8A%A4-%EB%B6%80%EB%B6%84%ED%99%98%EB%B6%88-%ED%95%B4%EC%A7%80%EB%B0%A9%EB%B2%95-%ED%95%B4%EC%A7%80%EC%A0%95%EC%B1%85-%ED%99%98%EB%B6%88%EA%B8%88%EC%95%A1-%EA%B3%84%EC%82%B0
2026-07-21 02:37:17,263 INFO Skipping blacklisted search result: https://blog.naver.com/psc813/223880851775?fromRss=true&trackingCode=rss
2026-07-21 02:37:17,289 INFO Skipping non-official search result: https://www.subdelete.com/ko/us/cancel-subscription/disney-plus
2026-07-21 02:37:17,289 INFO Skipping non-official search result: https://www.subdelete.com/ko/pe/cancel-subscription/disney-plus
2026-07-21 02:37:17,289 INFO Skipping non-official search result: https://www.disney.com
2026-07-21 02:37:17,299 INFO Skipping non-official search result: https://thewaltdisneycompany.com
2026-07-21 02:37:17,299 INFO Searching refund_cancellation: disney plus refund cancellation policy
2026-07-21 02:37:21,002 INFO Skipping non-official search result: https://www.tiktok.com/discover/does-disney-plus-refund-if-you-cancel-subscription
2026-07-21 02:37:21,003 INFO Skipping non-official search result: https://www.disney.com
2026-07-21 02:37:21,016 INFO Skipping non-official search result: https://play.google.com/store/apps/details?id=com.disney.disneyplus&hl=en_US
2026-07-21 02:37:21,016 INFO Skipping non-official search result: https://apps.apple.com/us/app/disney/id1446075923
2026-07-21 02:37:21,062 INFO Skipping blacklisted search result: https://en.wikipedia.org/wiki/Disney%2B
2026-07-21 02:37:21,062 INFO Skipping non-official search result: https://www.businessinsider.com/disney-discusses-free-tier-viewers-youtube-2026-7
2026-07-21 02:37:21,062 INFO Searching billing_autorenewal: disney plus 자동결제 정기결제 정책
2026-07-21 02:37:27,817 INFO Skipping blacklisted search result: https://www.reddit.com/r/DisneyPlus/comments/f7c8a2/disney_plus_not_a_recurring_bill?tl=ko
2026-07-21 02:37:27,818 INFO Skipping non-official search result: https://m.kin.naver.com/qna/dirs/410/docs/455351860?qb=a&qnaDetailTrackingCode=end_similar_list
2026-07-21 02:37:27,818 INFO Skipping non-official search result: https://www.disney.co.kr/notice/update-20260512
2026-07-21 02:37:27,832 INFO Skipping blacklisted search result: https://blog.naver.com/404errorkr/223834304116
2026-07-21 02:37:27,832 INFO Searching billing_autorenewal: disney plus 결제 갱신 해지
2026-07-21 02:37:31,393 INFO Skipping blacklisted search result: https://m.blog.naver.com/zencstory/223222324676
2026-07-21 02:37:31,393 INFO Skipping non-official search result: https://www.youtube.com/watch?v=Hi_cOuScrQo
2026-07-21 02:37:31,393 INFO Skipping non-official search result: https://www.subdelete.com/ko/pe/cancel-subscription/disney-plus
2026-07-21 02:37:31,522 INFO Skipping non-official search result: https://www.disney.com
2026-07-21 02:37:31,523 INFO Skipping blacklisted search result: https://blog.naver.com/winsweet/223566736077
2026-07-21 02:37:31,523 INFO Skipping blacklisted search result: https://en.wikipedia.org/wiki/Disney%2B
2026-07-21 02:37:31,524 INFO Skipping non-official search result: https://www.businessinsider.com/guides/streaming/disney-plus
2026-07-21 02:37:31,524 INFO Searching billing_autorenewal: disney plus billing auto renewal policy
2026-07-21 02:37:34,214 INFO Skipping non-official search result: https://github.com/nime0708/other/issues/2
2026-07-21 02:37:34,214 INFO Skipping non-official search result: https://www.youtube.com/watch?v=CvzQLV30v8k
2026-07-21 02:37:34,223 INFO Skipping non-official search result: https://support.google.com/googleplay/thread/271125009/how-can-i-cancel-the-auto-renewal-on-my-subscription-on-disney?hl=en
2026-07-21 02:37:34,223 INFO Searching platform_refund: disney plus 앱스토어 환불
2026-07-21 02:37:36,836 INFO Skipping blacklisted search result: https://blog.naver.com/skdaksdptn/222664016373
2026-07-21 02:37:36,837 INFO Skipping blacklisted search result: https://hiosds.tistory.com/208
2026-07-21 02:37:36,837 INFO Skipping blacklisted search result: https://m-sooriya.tistory.com/804
2026-07-21 02:37:36,863 INFO Skipping blacklisted search result: https://blog.naver.com/psc813/223880851775?fromRss=true&trackingCode=rss
2026-07-21 02:37:36,870 INFO Skipping non-official search result: https://mjtsai.com/blog/2024/12/20/why-disney-stopped-subscriptions-on-the-app-store
2026-07-21 02:37:36,870 INFO Searching platform_refund: disney plus 구글플레이 환불
2026-07-21 02:37:41,990 INFO Skipping blacklisted search result: https://hiosds.tistory.com/208
2026-07-21 02:37:41,991 INFO Skipping blacklisted search result: https://m.blog.naver.com/yanis03/222607786967
2026-07-21 02:37:41,991 INFO Skipping blacklisted search result: http://blog.naver.com/yukihana96/222633438869
2026-07-21 02:37:42,062 INFO Skipping non-official search result: https://play.google.com/store/apps/details?id=com.google.android.googlequicksearchbox&hl=ko
2026-07-21 02:37:42,104 INFO Searching platform_refund: disney plus App Store Google Play refund
2026-07-21 02:37:45,478 INFO Skipping non-official search result: https://www.youtube.com/watch?v=pwQ0rp6RfFM
2026-07-21 02:37:45,479 INFO Skipping non-official search result: https://www.youtube.com/watch?v=aLTCcWp00ZI
2026-07-21 02:37:49,955 WARNING discarding data: None
2026-07-21 02:37:53,276 INFO Policy evidence is weak; skipping https://www.disneyplus.com/legal/privacy-policy
2026-07-21 02:37:53,699 WARNING discarding data: None
2026-07-21 02:37:56,788 INFO Policy evidence is weak; skipping https://www.disneyplus.com/legal/supplemental-privacy-policy
2026-07-21 02:37:57,218 WARNING discarding data: None
2026-07-21 02:38:00,464 INFO Policy evidence is weak; skipping https://www.disneyplus.com/legal/cookies-policy
2026-07-21 02:38:08,251 INFO Policy evidence is weak; skipping https://support.google.com/googleplay/answer/2479637?hl=en
2026-07-21 02:38:09,664 INFO Policy evidence is weak; skipping https://support.google.com/googleplay/answer/15574908?hl=en
2026-07-21 02:38:10,846 WARNING discarding data: None
2026-07-21 02:38:14,230 INFO Policy evidence is weak; skipping https://www.disneyplus.com/ko-kr/legal/**%EA%B0%9C%EC%9D%B8%EC%A0%95%EB%B3%B4-%EC%B2%98%EB%A6%AC%EB%B0%A9%EC%B9%A8**
2026-07-21 02:38:14,795 WARNING discarding data: None
2026-07-21 02:38:18,353 INFO Policy evidence is weak; skipping https://help.disneyplus.com/ko/article/disneyplus-automatic-payments
2026-07-21 02:38:18,773 WARNING discarding data: None
2026-07-21 02:38:21,814 INFO Policy evidence is weak; skipping https://help.disneyplus.com/ko/article/disneyplus-third-party-subscription
2026-07-21 02:38:23,210 INFO Policy evidence is weak; skipping https://support.google.com/googleplay/answer/15574897?hl=en
2026-07-21 02:38:23,559 WARNING discarding data: None
2026-07-21 02:38:26,789 INFO Policy evidence is weak; skipping https://www.disneyplus.com/legal/subscriber-agreement
2026-07-21 02:38:27,019 INFO Policy evidence is weak; skipping https://www.disneyplus.com/ko-kr
2026-07-21 02:39:41,180 WARNING Could not confidently discover official domain for 디즈니플러스
2026-07-21 02:41:07,661 WARNING Could not confidently discover official domain for 디지니플러스
2026-07-21 02:41:21,568 WARNING discarding data: None
2026-07-21 02:41:24,750 INFO Policy evidence is weak; skipping https://www.disneyplus.com/ko-kr/legal/subscriber-agreement
2026-07-21 02:48:46,733 WARNING Could not confidently discover official domain for 디즈니 플러스
2026-07-21 02:49:07,125 WARNING discarding data: None
2026-07-21 02:49:12,818 INFO Policy evidence is weak; skipping https://www.disneyplus.com/ko-kr/legal/subscriber-agreement
2026-07-21 02:49:18,236 INFO Policy evidence is weak; skipping https://www.disneyplus.com/en-au/welcome/subscriber-agreement
2026-07-21 02:49:19,634 WARNING discarding data: None
2026-07-21 02:49:32,919 INFO Policy evidence is weak; skipping https://www.disneyplus.com/legal/subscriber-agreement
2026-07-21 02:59:12,335 INFO Discovered official domain for 문서24: gdoc.go.kr (64)
2026-07-21 02:59:12,335 INFO Searching terms: 문서24 이용약관
2026-07-21 02:59:17,411 INFO Skipping non-official search result: https://www.consumer.go.kr/consumer/subIndex/170.do
2026-07-21 02:59:17,411 INFO Skipping non-official search result: https://www.gov.kr/portal/ntcItm/43717
2026-07-21 02:59:17,428 INFO Skipping non-official search result: https://plus.gov.kr/minwon/downloadConfirm/downloadConfirm
2026-07-21 02:59:17,428 INFO Skipping non-official search result: https://workspace.google.com/intl/ko/products/docs
2026-07-21 02:59:17,443 INFO Skipping non-official search result: https://docs.google.com/document/create?hl=ko
2026-07-21 02:59:17,444 INFO Searching terms: 문서24 서비스 약관
2026-07-21 02:59:21,461 INFO Skipping non-official search result: https://www.gov.kr/portal/useStplat
2026-07-21 02:59:21,461 INFO Skipping non-official search result: https://www.youtube.com/watch?v=wFrGap6xaiE
2026-07-21 02:59:21,475 INFO Skipping blacklisted search result: https://m.blog.naver.com/ysmnara3/221352799366
2026-07-21 02:59:21,491 INFO Searching terms: 문서24 terms of service
2026-07-21 02:59:25,106 INFO Skipping blacklisted search result: https://note4all.tistory.com/entry/%EC%9D%BC%EB%B0%98%EC%9D%B8%EC%9D%84-%EC%9C%84%ED%95%9C-%EB%AC%B8%EC%84%9C24-%EC%82%AC%EC%9A%A9%EB%B2%95
2026-07-21 02:59:25,106 INFO Skipping blacklisted search result: https://blog.naver.com/miniminspace/223165833272
2026-07-21 02:59:25,106 INFO Skipping non-official search result: https://abound.carrier.com/en/worldwide/media/Term%20of%20Use-%20Abound%20Insights%20platform_tcm1101-257405.pdf
2026-07-21 02:59:25,140 INFO Skipping non-official search result: https://www.sjfmc.or.kr/download/viewer/1756799704875/index.html
2026-07-21 02:59:25,141 INFO Searching privacy: 문서24 개인정보 처리방침
2026-07-21 02:59:29,526 INFO Skipping non-official search result: https://www.pipc.go.kr/np/default/page.do?mCode=H010000000
2026-07-21 02:59:29,527 INFO Skipping blacklisted search result: https://note4all.tistory.com/entry/%EC%9D%BC%EB%B0%98%EC%9D%B8%EC%9D%84-%EC%9C%84%ED%95%9C-%EB%AC%B8%EC%84%9C24-%EC%82%AC%EC%9A%A9%EB%B2%95
2026-07-21 02:59:29,527 INFO Skipping non-official search result: https://www.privacy.go.kr/front/bbs/bbsView.do?bbsNo=BBSMSTR_000000000049&bbscttNo=20806
2026-07-21 02:59:29,558 INFO Skipping non-official search result: https://www.mois.go.kr/video/bbs/type019/commonSelectBoardArticle.do?bbsId=BBSMSTR_000000000255&nttId=71381
2026-07-21 02:59:29,558 INFO Searching privacy: 문서24 privacy policy
2026-07-21 02:59:33,578 INFO Skipping non-official search result: https://www.pdf24.org/en/privacy-policy
2026-07-21 02:59:33,578 INFO Skipping blacklisted search result: https://ko.wikipedia.org/wiki/%EB%AC%B8%EC%84%9C24
2026-07-21 02:59:33,578 INFO Skipping non-official search result: https://www.oc.go.kr/www/contents.do?key=4097
2026-07-21 02:59:33,595 INFO Searching refund_cancellation: 문서24 환불 해지 정책
2026-07-21 02:59:37,360 INFO Skipping non-official search result: https://www.gg.go.kr/contents/contents.do?ciIdx=1518&menuId=3438
2026-07-21 02:59:37,360 INFO Skipping blacklisted search result: https://m.blog.naver.com/fact_korea/223413063656
2026-07-21 02:59:37,360 INFO Skipping non-official search result: https://plus.gov.kr
2026-07-21 02:59:37,375 INFO Searching refund_cancellation: 문서24 환불정책 이용 해지
2026-07-21 02:59:41,856 INFO Skipping non-official search result: https://support.docusign.com/s/articles/DocuSign-refund-policy?language=ko
2026-07-21 02:59:41,856 INFO Skipping blacklisted search result: https://m.blog.naver.com/ysmnara3/221352799366
2026-07-21 02:59:41,856 INFO Skipping non-official search result: https://plus.gov.kr
2026-07-21 02:59:41,870 INFO Skipping non-official search result: https://plus.gov.kr/minwon/downloadConfirm/downloadConfirm
2026-07-21 02:59:41,870 INFO Searching refund_cancellation: 문서24 refund cancellation policy
2026-07-21 02:59:45,893 INFO Skipping non-official search result: https://www.acrc.go.kr/board.es?mid=a10401010000&bid=2A&act=view&list_no=98207&nPage=1
2026-07-21 02:59:45,893 INFO Skipping non-official search result: https://www.cntraveler.com/story/24-hour-flight-cancellation-rule
2026-07-21 02:59:45,893 INFO Skipping non-official search result: https://paper24.com/refund-policy
2026-07-21 02:59:45,919 INFO Skipping non-official search result: https://www.booking.com/guides/article/flights/know-your-rights-are-plane-tickets-refundable.html
2026-07-21 02:59:45,919 INFO Skipping non-official search result: https://www.cathaypacific.com/cx/en_TW/membership/24-hour-free-cancellation.html
2026-07-21 02:59:45,925 INFO Skipping non-official search result: https://www.koreanair.com/contents/booking/reservation-guide/change-and-refund/ticket-refund?hl=en
2026-07-21 02:59:45,925 INFO Searching billing_autorenewal: 문서24 자동결제 정기결제 정책
2026-07-21 02:59:50,772 INFO Skipping blacklisted search result: https://blog.naver.com/hellopolicy/222318911751
2026-07-21 02:59:50,773 INFO Skipping non-official search result: https://www.gg.go.kr/contents/contents.do?ciIdx=1518&menuId=3438
2026-07-21 02:59:50,789 INFO Skipping blacklisted search result: https://taan-jun.tistory.com/entry/%EB%AC%B8%EC%84%9C24-%EA%B3%B5%EB%AC%B8-%EC%9E%90%EB%8F%99%EB%B0%9C%EC%86%A1-%ED%94%84%EB%A1%9C%EA%B7%B8%EB%9E%A8-%EA%B0%9C%EB%B0%9C%EA%B8%B0
2026-07-21 02:59:50,789 INFO Skipping non-official search result: https://support.google.com/googlepay/answer/7644008?hl=ko&co=GENIE.Platform%3DAndroid
2026-07-21 02:59:50,806 INFO Skipping non-official search result: https://plus.gov.kr
2026-07-21 02:59:50,806 INFO Skipping non-official search result: https://workspace.google.com/intl/ko/products/docs
2026-07-21 02:59:50,824 INFO Searching billing_autorenewal: 문서24 결제 갱신 해지
2026-07-21 02:59:54,840 INFO Skipping blacklisted search result: https://blog.naver.com/miniminspace/223165833272
2026-07-21 02:59:54,840 INFO Skipping non-official search result: https://www.gg.go.kr/contents/contents.do?ciIdx=1518&menuId=3438
2026-07-21 02:59:54,854 INFO Searching billing_autorenewal: 문서24 billing auto renewal policy
2026-07-21 02:59:59,139 INFO Skipping non-official search result: https://www.privacypolicygenerator.info/terms-subscriptions-auto-renewals-payments
2026-07-21 02:59:59,139 INFO Skipping non-official search result: https://www.privacyworld.blog/2024/11/cancel-culture-new-requirements-for-auto-renewals-and-other-negative-option-offers
2026-07-21 02:59:59,140 INFO Skipping non-official search result: https://www.termsfeed.com/blog/subscriptions-auto-renewals-payments-clauses
2026-07-21 02:59:59,172 INFO Skipping non-official search result: https://www.checkout.com/blog/auto-renewal-payments
2026-07-21 02:59:59,172 INFO Skipping non-official search result: https://www.lawinfo.com/resources/consumer-protection/navigating-the-legalities-of-subscription-services-and-automatic-renewals.html
2026-07-21 02:59:59,189 INFO Searching platform_refund: 문서24 앱스토어 환불
2026-07-21 03:00:04,359 INFO Skipping non-official search result: https://apps.apple.com/us/app/%EC%A0%95%EB%B6%8024-%EA%B5%AC-%EB%AF%BC%EC%9B%9024/id586454505
2026-07-21 03:00:04,359 INFO Skipping non-official search result: https://apps.apple.com/kr/app/%EC%A0%95%EB%B6%8024-%EA%B5%AC-%EB%AF%BC%EC%9B%9024/id586454505
2026-07-21 03:00:04,359 INFO Skipping blacklisted search result: https://m.blog.naver.com/mopaspr/222126693374
2026-07-21 03:00:04,375 INFO Skipping blacklisted search result: https://m.blog.naver.com/korea_gov/222142385790
2026-07-21 03:00:04,375 INFO Skipping non-official search result: https://play.google.com/store/apps/details?id=kr.go.minwon.m&hl=ko
2026-07-21 03:00:04,387 INFO Searching platform_refund: 문서24 구글플레이 환불
2026-07-21 03:00:08,952 INFO Skipping blacklisted search result: https://blog.naver.com/pyodawoon/223936966107
2026-07-21 03:00:08,952 INFO Skipping blacklisted search result: https://m.blog.naver.com/shuming061/223088953029
2026-07-21 03:00:08,953 INFO Skipping non-official search result: https://play.google.com/store/apps/details?id=kr.go.minwon.m&hl=ko
2026-07-21 03:00:08,969 INFO Skipping blacklisted search result: https://m.blog.naver.com/korea_gov/222142385790
2026-07-21 03:00:08,976 INFO Searching platform_refund: 문서24 App Store Google Play refund
2026-07-21 03:00:12,490 INFO Skipping non-official search result: https://www.digitaltrends.com/phones/how-to-google-play-store-refund
2026-07-21 03:00:12,490 INFO Skipping non-official search result: https://www.madarsoft.com/madarsoft-refund.html
2026-07-21 03:00:12,490 INFO Skipping non-official search result: https://play.google.com/about/play-terms/eea/index.html
2026-07-21 03:00:12,507 INFO Skipping non-official search result: https://www.youtube.com/watch?v=aLTCcWp00ZI
2026-07-21 03:00:12,507 INFO Skipping non-official search result: https://www.youtube.com/watch?v=CyQgvq4xecE
2026-07-21 03:00:12,512 INFO Skipping blacklisted search result: https://www.reddit.com/r/Android/comments/1lo94as/google_play_denied_my_refund_within_1_hour_of
2026-07-21 03:00:18,993 INFO Skipping undated terms page: https://docu.gdoc.go.kr/cse/nce/noticeDetail.do?nttId=27463&page=1
2026-07-21 03:00:21,900 INFO Policy evidence is weak; skipping https://docu.gdoc.go.kr/cse/dta/dataList.do
2026-07-21 03:00:23,029 INFO Policy evidence is weak; skipping https://docu.gdoc.go.kr/cmm/info/doc24Sumry.do
2026-07-21 03:00:23,452 INFO Policy evidence is weak; skipping https://docu.gdoc.go.kr/cse/nce/noticeList.do
2026-07-21 03:00:24,409 INFO Policy evidence is weak; skipping https://docu.gdoc.go.kr/cmm/info/useinfo.do
2026-07-21 03:00:25,231 INFO Policy evidence is weak; skipping https://docu.gdoc.go.kr/cse/faq/faqList.do?nttClCode=F001&page=1
2026-07-21 03:00:26,051 INFO Policy evidence is weak; skipping https://docu.gdoc.go.kr/cse/faq/faqList.do
2026-07-21 03:00:36,844 INFO Searching terms: 넷플릭스 이용약관
2026-07-21 03:00:37,753 INFO Skipping blacklisted search result: https://m.blog.naver.com/rbs1234/222226305000
2026-07-21 03:00:37,754 INFO Skipping non-official search result: https://www.youtube.com/watch?v=vjBo-FIvxGo
2026-07-21 03:00:37,776 INFO Skipping non-official search result: https://www.korea.kr/briefing/policyBriefingView.do?newsId=156371174
2026-07-21 03:00:37,805 INFO Skipping non-official search result: https://www.khan.co.kr/article/202510100600051
2026-07-21 03:00:37,805 INFO Skipping non-official search result: https://namu.wiki/w/%EB%84%B7%ED%94%8C%EB%A6%AD%EC%8A%A4
2026-07-21 03:00:37,805 INFO Skipping non-official search result: https://play.google.com/store/apps/details?id=com.netflix.mediaclient&hl=ko
2026-07-21 03:00:37,806 INFO Skipping blacklisted search result: https://blog.naver.com/htiger31/221774113391?viewType=pc
2026-07-21 03:00:37,822 INFO Searching terms: 넷플릭스 서비스 약관
2026-07-21 03:00:38,049 INFO Skipping blacklisted search result: https://m.blog.naver.com/rbs1234/222226305000
2026-07-21 03:00:38,049 INFO Skipping non-official search result: http://www.sisamedia.kr/news/articleView.html?idxno=43871
2026-07-21 03:00:38,073 INFO Skipping non-official search result: https://www.youtube.com/watch?v=vjBo-FIvxGo
2026-07-21 03:00:38,073 INFO Skipping non-official search result: https://www.khan.co.kr/article/202510100600051
2026-07-21 03:00:38,085 INFO Skipping non-official search result: https://www.korea.kr/briefing/policyBriefingView.do?newsId=156371174
2026-07-21 03:00:38,085 INFO Skipping non-official search result: https://namu.wiki/w/%EB%84%B7%ED%94%8C%EB%A6%AD%EC%8A%A4
2026-07-21 03:00:38,096 INFO Skipping non-official search result: https://play.google.com/store/apps/details?id=com.netflix.mediaclient&hl=ko
2026-07-21 03:00:38,096 INFO Skipping blacklisted search result: https://blog.naver.com/attorney_choi/222284254142?viewType=pc
2026-07-21 03:00:38,112 INFO Searching terms: 넷플릭스 terms of service
2026-07-21 03:00:38,330 INFO Skipping non-official search result: https://tsandzzz.com/netflix-terms-of-use
2026-07-21 03:00:38,330 INFO Skipping non-official search result: https://cdn.ca9.uscourts.gov/datastore/library/2013/02/26/Nosal_Netflix.pdf
2026-07-21 03:00:38,330 INFO Skipping non-official search result: https://www.scribd.com/document/866248084/Netflix-Ts-Cs
2026-07-21 03:00:38,332 INFO Skipping blacklisted search result: https://terms.law/ToS-Watchdog/streaming-services/netflix
2026-07-21 03:00:38,333 INFO Skipping non-official search result: https://www.netflix.shop/pages/terms-of-use
2026-07-21 03:00:38,333 INFO Skipping non-official search result: https://finance.yahoo.com/news/netflix-more-subscription-services-updating-140015885.html
2026-07-21 03:00:38,333 INFO Skipping non-official search result: https://mvk-cs-uploads.s3.us-east-1.amazonaws.com/Netflix%2C%20Inc.%20-%20netflix%20-%20influencer%20agreement.pdf
2026-07-21 03:00:38,333 INFO Skipping non-official search result: https://newsroom.kakaoent.com/terms-of-use
2026-07-21 03:00:38,333 INFO Searching privacy: 넷플릭스 개인정보 처리방침
2026-07-21 03:00:38,554 INFO Skipping non-official search result: https://v.daum.net/v/cyEn7wHJcW
2026-07-21 03:00:38,555 INFO Skipping non-official search result: https://m.kin.naver.com/qna/dirs/10905/docs/452608888?qb=6
2026-07-21 03:00:38,566 INFO Skipping non-official search result: https://www.yna.co.kr/view/AKR20210825115251530
2026-07-21 03:00:38,577 INFO Searching privacy: 넷플릭스 privacy policy
2026-07-21 03:00:38,799 INFO Skipping non-official search result: https://github.com/OpenTermsArchive/contrib-versions/blob/main/Netflix/Privacy%20Policy.md
2026-07-21 03:00:38,799 INFO Skipping non-official search result: https://www.netflixinyourneighbourhood.ca/privacy
2026-07-21 03:00:38,799 INFO Skipping non-official search result: https://www.netflix.shop/pages/privacy-statement
2026-07-21 03:00:38,810 INFO Skipping non-official search result: https://www.youtube.com/watch?v=_A-DTR41_Zo
2026-07-21 03:00:38,810 INFO Skipping non-official search result: https://chromewebstore.google.com/detail/%EB%9E%AD%ED%94%8C%EB%A6%AD%EC%8A%A4-%EB%84%B7%ED%94%8C%EB%A6%AD%EC%8A%A4-%EC%9D%B4%EC%A4%91%EC%9E%90%EB%A7%89-ai-%EC%98%81%EC%96%B4-%ED%95%99%EC%8A%B5/eiflpppdaikieggdeojonknijogibjhh
2026-07-21 03:00:38,810 INFO Skipping non-official search result: https://orionpolicy.org/lawsuit-filed-against-netflix-over-data-privacy
2026-07-21 03:00:38,810 INFO Skipping non-official search result: https://namu.wiki/w/넷플릭스
2026-07-21 03:00:38,811 INFO Searching refund_cancellation: 넷플릭스 환불 해지 정책
2026-07-21 03:00:39,031 INFO Skipping blacklisted search result: https://nohuo.tistory.com/entry/%EB%84%B7%ED%94%8C%EB%A6%AD%EC%8A%A4-%ED%95%B4%EC%A7%80-%ED%9B%84-%ED%99%98%EB%B6%88-%EA%B7%9C%EC%A0%95-%EC%99%84%EB%B2%BD-%EC%A0%95%EB%A6%AC
2026-07-21 03:00:39,031 INFO Skipping blacklisted search result: https://miamiduri.tistory.com/133
2026-07-21 03:00:39,031 INFO Skipping blacklisted search result: https://m.blog.naver.com/ddihw/224159323355
2026-07-21 03:00:39,179 INFO Skipping non-official search result: https://pickle.plus/blog/%EB%84%B7%ED%94%8C%EB%A6%AD%EC%8A%A4%EA%B5%AC%EB%8F%85%ED%95%B4%EC%A7%80-%EC%9E%90%EB%8F%99%EA%B2%B0%EC%A0%9C%ED%99%98%EB%B6%88%EB%B0%A9%EB%B2%95
2026-07-21 03:00:39,179 INFO Skipping blacklisted search result: https://blog.naver.com/attorney_choi/222284254142?viewType=pc
2026-07-21 03:00:39,212 INFO Skipping blacklisted search result: https://blog.naver.com/ddihw/224113975262
2026-07-21 03:00:39,212 INFO Skipping blacklisted search result: https://yureka1822.tistory.com/entry/%EB%84%B7%ED%94%8C%EB%A6%AD%EC%8A%A4-%EB%A9%A4%EB%B2%84%EC%8B%AD-%ED%95%B4%EC%A7%80-%EB%B0%8F-%ED%99%98%EB%B6%88-%EA%B3%A0%EA%B0%9D%EC%84%BC%ED%84%B0-%EC%97%86%EC%9D%B4-%EB%B9%A0%EB%A5%B4%EA%B2%8C-%ED%99%98%EB%B6%88%EB%B0%9B%EC%9E%90
2026-07-21 03:00:39,212 INFO Searching refund_cancellation: 넷플릭스 환불정책 이용 해지
2026-07-21 03:00:39,448 INFO Skipping blacklisted search result: https://miamiduri.tistory.com/133
2026-07-21 03:00:39,448 INFO Skipping non-official search result: https://d58.nicesongtoyou.com/6218
2026-07-21 03:00:39,464 INFO Skipping blacklisted search result: https://m.blog.naver.com/ddihw/224159323355
2026-07-21 03:00:39,464 INFO Skipping blacklisted search result: https://m.blog.naver.com/cheeks00/224223998301
2026-07-21 03:00:39,464 INFO Skipping non-official search result: https://m.site.naver.com/1ZTHF
2026-07-21 03:00:39,464 INFO Skipping blacklisted search result: https://brunch.co.kr/@f15874dad00f4e0/368
2026-07-21 03:00:39,464 INFO Skipping blacklisted search result: https://blog.naver.com/ddihw/224113975262
2026-07-21 03:00:39,464 INFO Skipping non-official search result: https://pickle.plus/blog/%EB%84%B7%ED%94%8C%EB%A6%AD%EC%8A%A4%EA%B5%AC%EB%8F%85%ED%95%B4%EC%A7%80-%EC%9E%90%EB%8F%99%EA%B2%B0%EC%A0%9C%ED%99%98%EB%B6%88%EB%B0%A9%EB%B2%95
2026-07-21 03:00:39,481 INFO Searching refund_cancellation: 넷플릭스 refund cancellation policy
2026-07-21 03:00:39,700 INFO Skipping non-official search result: https://www.learnwithnetflix.com/refund-policy
2026-07-21 03:00:39,700 INFO Skipping non-official search result: https://www.youtube.com/watch?v=trL0PO7NiTU
2026-07-21 03:00:39,710 INFO Skipping blacklisted search result: https://m.blog.naver.com/ddihw/224159323355
2026-07-21 03:00:39,710 INFO Skipping non-official search result: https://www.engadget.com/entertainment/streaming/how-to-cancel-your-netflix-subscription-202230648.html
2026-07-21 03:00:39,710 INFO Skipping non-official search result: https://www.netflix.shop/pages/return-policy
2026-07-21 03:00:39,716 INFO Skipping non-official search result: https://help.netflixshopsupport.com/hc/en-us/articles/25574524085652-Do-I-get-a-full-refund-on-my-return
2026-07-21 03:00:39,716 INFO Searching billing_autorenewal: 넷플릭스 자동결제 정기결제 정책
2026-07-21 03:00:39,965 INFO Skipping non-official search result: https://m.site.naver.com/1ZTHF
2026-07-21 03:00:39,965 INFO Skipping blacklisted search result: https://issueoftv.tistory.com/3
2026-07-21 03:00:39,984 INFO Skipping non-official search result: https://pickle.plus/blog/%EB%84%B7%ED%94%8C%EB%A6%AD%EC%8A%A4%EA%B5%AC%EB%8F%85%ED%95%B4%EC%A7%80-%EC%9E%90%EB%8F%99%EA%B2%B0%EC%A0%9C%ED%99%98%EB%B6%88%EB%B0%A9%EB%B2%95
2026-07-21 03:00:39,984 INFO Skipping blacklisted search result: https://m.blog.naver.com/djusti/223674688875
2026-07-21 03:00:39,985 INFO Skipping blacklisted search result: https://m.blog.naver.com/smhcow/222328669797
2026-07-21 03:00:39,985 INFO Skipping non-official search result: https://www.eyesmag.com/posts/132894/subscription-economy-payment
2026-07-21 03:00:40,087 INFO Searching billing_autorenewal: 넷플릭스 결제 갱신 해지
2026-07-21 03:00:40,680 INFO Skipping blacklisted search result: https://issueoftv.tistory.com/3
2026-07-21 03:00:40,683 INFO Skipping non-official search result: https://namu.wiki/w/%EB%84%B7%ED%94%8C%EB%A6%AD%EC%8A%A4
2026-07-21 03:00:40,683 INFO Skipping non-official search result: https://a7.sinsa.net/%EB%84%B7%ED%94%8C%EB%A6%AD%EC%8A%A4-%EB%8B%B9%EC%9D%BC-%ED%95%B4%EC%A7%80-%EB%B0%8F-%ED%99%98%EB%B6%88-%EB%B0%9B%EB%8A%94-%EB%B0%A9%EB%B2%95-%EC%95%8C%EC%95%84%EB%B3%B4%EC%9E%90
2026-07-21 03:00:40,683 INFO Skipping blacklisted search result: https://rollingasset.tistory.com/entry/%EC%9C%A0%EB%A3%8C-%EA%B5%AC%EB%8F%85-%EC%84%9C%EB%B9%84%EC%8A%A4-%EC%9E%90%EB%8F%99-%EA%B2%B0%EC%A0%9C-%ED%95%B4%EC%A7%80-%EC%8B%9C-%EC%9C%84%EC%95%BD%EA%B8%88%EC%9D%B4-%EB%B0%9C%EC%83%9D%ED%95%A0%EA%B9%8C
2026-07-21 03:00:40,686 INFO Skipping blacklisted search result: https://m.blog.naver.com/dmsgp361/223416001078
2026-07-21 03:00:40,686 INFO Skipping blacklisted search result: https://m.blog.naver.com/uncledison/223207712850
2026-07-21 03:00:40,686 INFO Searching billing_autorenewal: 넷플릭스 billing auto renewal policy
2026-07-21 03:00:40,943 INFO Skipping non-official search result: https://www.shamisgentile.com/class-actions/auto-renewing-subscription
2026-07-21 03:00:40,943 INFO Skipping non-official search result: https://www.learnwithnetflix.com/refund-policy
2026-07-21 03:00:40,971 INFO Skipping non-official search result: https://usishield.com/39317/opinion/netflix-and-bill-what-the-new-streaming-policy-means-for-the-future
2026-07-21 03:00:40,972 INFO Skipping non-official search result: https://www.kedglobal.com/regulations/newsView/ked202408220017
2026-07-21 03:00:40,986 INFO Searching platform_refund: 넷플릭스 앱스토어 환불
2026-07-21 03:00:41,207 INFO Skipping blacklisted search result: https://m.blog.naver.com/dragonjskim/221324690363
2026-07-21 03:00:41,207 INFO Skipping blacklisted search result: https://m.blog.naver.com/cheeks00/224223998301
2026-07-21 03:00:41,207 INFO Skipping blacklisted search result: https://hanseokhyeon.tistory.com/entry/2020917-%EB%84%B7%ED%94%8C%EB%A6%AD%EC%8A%A4-%ED%99%98%EB%B6%88-%ED%9B%84%EA%B8%B0-%EC%95%84%EC%9D%B4%ED%8F%B0-or-%EC%95%84%EC%9D%B4%ED%8C%A8%EB%93%9C%EB%A1%9C
2026-07-21 03:00:41,236 INFO Skipping blacklisted search result: https://m.blog.naver.com/uncledison/223207712850
2026-07-21 03:00:41,236 INFO Skipping non-official search result: https://www.instagram.com/p/Datp5XLE3OO
2026-07-21 03:00:41,236 INFO Skipping blacklisted search result: https://gametapa.tistory.com/entry/%EB%84%B7%ED%94%8C%EB%A6%AD%EC%8A%A4-%EA%B2%B0%EC%A0%9C-%ED%95%B4%EC%A7%80-%EB%B0%8F-%ED%99%98%EB%B6%88-%EB%B0%A9%EB%B2%95-%EC%9E%90%EC%84%B8%ED%95%98%EA%B2%8C-%EC%95%8C%EC%95%84%EB%B3%B4%EA%B8%B0
2026-07-21 03:00:41,239 INFO Skipping non-official search result: https://play.google.com/store/apps/details?id=com.netflix.mediaclient&hl=ko
2026-07-21 03:00:41,239 INFO Searching platform_refund: 넷플릭스 구글플레이 환불
2026-07-21 03:00:41,461 INFO Skipping non-official search result: https://namu.wiki/w/%EB%84%B7%ED%94%8C%EB%A6%AD%EC%8A%A4
2026-07-21 03:00:41,461 INFO Skipping non-official search result: https://play.google.com/store/apps/details?id=com.netflix.ninja&hl=ko
2026-07-21 03:00:41,478 INFO Skipping blacklisted search result: https://m.blog.naver.com/cheeks00/224223998301
2026-07-21 03:00:41,478 INFO Skipping non-official search result: https://www.instagram.com/p/Datp5XLE3OO
2026-07-21 03:00:41,478 INFO Skipping non-official search result: https://play.google.com/store/apps/details?id=com.netflix.mediaclient&hl=ko
2026-07-21 03:00:41,494 INFO Skipping blacklisted search result: https://m.blog.naver.com/uncledison/223207712850
2026-07-21 03:00:41,494 INFO Skipping blacklisted search result: https://gametapa.tistory.com/entry/%EB%84%B7%ED%94%8C%EB%A6%AD%EC%8A%A4-%EA%B2%B0%EC%A0%9C-%ED%95%B4%EC%A7%80-%EB%B0%8F-%ED%99%98%EB%B6%88-%EB%B0%A9%EB%B2%95-%EC%9E%90%EC%84%B8%ED%95%98%EA%B2%8C-%EC%95%8C%EC%95%84%EB%B3%B4%EA%B8%B0
2026-07-21 03:00:41,494 INFO Searching platform_refund: 넷플릭스 App Store Google Play refund
2026-07-21 03:00:41,715 INFO Skipping non-official search result: https://www.netflix.shop/pages/return-policy
2026-07-21 03:00:41,716 INFO Skipping non-official search result: https://www.youtube.com/watch?v=K6976wo0Hho
2026-07-21 03:00:41,735 INFO Skipping non-official search result: https://www.androidpolice.com/google-play-store-get-refund
2026-07-21 03:00:41,736 INFO Skipping blacklisted search result: https://m.blog.naver.com/keeproo/221506350337
2026-07-21 03:00:56,574 INFO Policy evidence is weak; skipping https://help.netflix.com/ko/node/134233
2026-07-21 03:00:57,689 INFO Policy evidence is weak; skipping https://help.netflix.com/ko/node/113408
2026-07-21 03:00:58,748 INFO Policy evidence is weak; skipping https://help.netflix.com/en/node/54896
2026-07-21 03:01:04,013 INFO Policy evidence is weak; skipping https://help.netflix.com/ko/node/123277
2026-07-21 03:01:05,024 INFO Policy evidence is weak; skipping https://help.netflix.com/ko/node/100637
2026-07-21 03:01:06,168 INFO Policy evidence is weak; skipping https://help.netflix.com/en/node/407
2026-07-21 03:03:02,280 INFO Searching terms: netflix 이용약관
2026-07-21 03:03:05,855 INFO Skipping blacklisted search result: https://m.blog.naver.com/rbs1234/222226305000
2026-07-21 03:03:05,855 INFO Skipping non-official search result: https://www.youtube.com/watch?v=vjBo-FIvxGo
2026-07-21 03:03:05,873 INFO Skipping non-official search result: https://www.khan.co.kr/article/202510100600051/amp
2026-07-21 03:03:05,895 INFO Skipping blacklisted search result: https://kksoso.tistory.com/1124
2026-07-21 03:03:05,902 INFO Skipping blacklisted search result: https://blog.naver.com/htiger31/221774113391?viewType=pc
2026-07-21 03:03:05,913 INFO Searching terms: netflix 서비스 약관
2026-07-21 03:03:08,931 INFO Skipping blacklisted search result: https://m.blog.naver.com/rbs1234/222226305000
2026-07-21 03:03:08,931 INFO Skipping non-official search result: https://www.youtube.com/watch?v=vjBo-FIvxGo
2026-07-21 03:03:08,942 INFO Skipping non-official search result: https://www.khan.co.kr/article/202510100600051/amp
2026-07-21 03:03:08,954 INFO Skipping non-official search result: https://www.korea.kr/briefing/policyBriefingView.do?newsId=156371174
2026-07-21 03:03:08,972 INFO Skipping non-official search result: https://www.khan.co.kr/article/202510100600051
2026-07-21 03:03:08,990 INFO Skipping non-official search result: https://namu.wiki/w/%EB%84%B7%ED%94%8C%EB%A6%AD%EC%8A%A4
2026-07-21 03:03:09,006 INFO Skipping blacklisted search result: https://ko.wikipedia.org/wiki/%EB%84%B7%ED%94%8C%EB%A6%AD%EC%8A%A4
2026-07-21 03:03:09,024 INFO Searching terms: netflix terms of service
2026-07-21 03:03:13,552 INFO Skipping non-official search result: https://tsandzzz.com/netflix-terms-of-use
2026-07-21 03:03:13,552 INFO Skipping non-official search result: https://cdn.ca9.uscourts.gov/datastore/library/2013/02/26/Nosal_Netflix.pdf
2026-07-21 03:03:13,577 INFO Skipping non-official search result: https://www.scribd.com/document/866248084/Netflix-Ts-Cs
2026-07-21 03:03:13,587 INFO Skipping blacklisted search result: https://terms.law/ToS-Watchdog/streaming-services/netflix
2026-07-21 03:03:13,603 INFO Skipping non-official search result: https://www.netflix.shop/pages/terms-of-use
2026-07-21 03:03:13,604 INFO Searching privacy: netflix 개인정보 처리방침
2026-07-21 03:03:19,427 INFO Skipping non-official search result: https://v.daum.net/v/cyEn7wHJcW
2026-07-21 03:03:19,428 INFO Skipping non-official search result: https://m.kin.naver.com/qna/dirs/10905/docs/452608888?qb=6
2026-07-21 03:03:19,448 INFO Skipping non-official search result: https://privacypolicy.flex.team/ko/articles/11645647-flex-mini-%EA%B0%9C%EC%9D%B8%EC%A0%95%EB%B3%B4-%EC%B2%98%EB%A6%AC%EB%B0%A9%EC%B9%A8-2025-06-30
2026-07-21 03:03:19,463 INFO Skipping non-official search result: https://privacypolicy.flex.team/ko/articles/10998914-flex-%EA%B0%9C%EC%9D%B8%EC%A0%95%EB%B3%B4-%EC%B2%98%EB%A6%AC%EB%B0%A9%EC%B9%A8-2025-04-02
2026-07-21 03:03:19,463 INFO Searching privacy: netflix privacy policy
2026-07-21 03:03:22,110 INFO Skipping non-official search result: https://www.whats-on-netflix.com/privacy-policy
2026-07-21 03:03:22,110 INFO Skipping non-official search result: https://www.netflixinyourneighbourhood.ca/privacy
2026-07-21 03:03:22,110 INFO Skipping non-official search result: https://www.netflixinyourneighbourhood.ca/privacy
2026-07-21 03:03:22,124 INFO Skipping non-official search result: https://www.youtube.com/watch?v=ljujgE5UahQ
2026-07-21 03:03:22,124 INFO Skipping non-official search result: https://www.netflix.shop/pages/privacy-statement
2026-07-21 03:03:22,135 INFO Skipping non-official search result: https://github.com/OpenTermsArchive/contrib-versions/blob/main/Netflix/Privacy%20Policy.md
2026-07-21 03:03:22,152 INFO Skipping non-official search result: https://dx35vtwkllhj9.cloudfront.net/netflix/images/theatrical-terms-and-privacy.pdf
2026-07-21 03:03:22,164 INFO Skipping non-official search result: https://www.theweek.in/news/entertainment/2026/06/29/netflix-account-sharing-policy-update.html
2026-07-21 03:03:22,181 INFO Searching refund_cancellation: netflix 환불 해지 정책
2026-07-21 03:03:25,640 INFO Skipping blacklisted search result: https://nohuo.tistory.com/entry/%EB%84%B7%ED%94%8C%EB%A6%AD%EC%8A%A4-%ED%95%B4%EC%A7%80-%ED%9B%84-%ED%99%98%EB%B6%88-%EA%B7%9C%EC%A0%95-%EC%99%84%EB%B2%BD-%EC%A0%95%EB%A6%AC
2026-07-21 03:03:25,640 INFO Skipping blacklisted search result: https://blog.naver.com/PostView.nhn?blogId=htiger31&logNo=222223015747&categoryNo=0&parentCategoryNo=0&currentPage=1&postListTopCurrentPage=1&from=postView
2026-07-21 03:03:25,664 INFO Skipping blacklisted search result: https://miamiduri.tistory.com/133
2026-07-21 03:03:25,664 INFO Skipping blacklisted search result: https://m.blog.naver.com/ddihw/224159323355
2026-07-21 03:03:25,681 INFO Skipping blacklisted search result: https://m.blog.naver.com/cheeks00/224223998301
2026-07-21 03:03:25,681 INFO Skipping blacklisted search result: https://www.chosun.com/economy/2021/01/28/MCHL2OPWZRHVVO5T6N74SYI5FQ
2026-07-21 03:03:25,696 INFO Skipping blacklisted search result: https://blog.naver.com/attorney_choi/222284254142?viewType=pc
2026-07-21 03:03:25,696 INFO Skipping non-official search result: https://pickle.plus/blog/%EB%84%B7%ED%94%8C%EB%A6%AD%EC%8A%A4%EA%B5%AC%EB%8F%85%ED%95%B4%EC%A7%80-%EC%9E%90%EB%8F%99%EA%B2%B0%EC%A0%9C%ED%99%98%EB%B6%88%EB%B0%A9%EB%B2%95
2026-07-21 03:03:25,696 INFO Searching refund_cancellation: netflix 환불정책 이용 해지
2026-07-21 03:03:29,656 INFO Skipping blacklisted search result: https://blog.naver.com/jhbd10004/223771525539?viewType=pc
2026-07-21 03:03:29,656 INFO Skipping blacklisted search result: https://miamiduri.tistory.com/133
2026-07-21 03:03:29,656 INFO Skipping blacklisted search result: https://m.blog.naver.com/ddihw/224159323355
2026-07-21 03:03:29,677 INFO Skipping blacklisted search result: https://m.blog.naver.com/PostView.naver?blogId=rahaed123&logNo=221816055219
2026-07-21 03:03:29,677 INFO Skipping blacklisted search result: https://m.blog.naver.com/cheeks00/224223998301
2026-07-21 03:03:29,678 INFO Skipping blacklisted search result: https://yureka1822.tistory.com/entry/%EB%84%B7%ED%94%8C%EB%A6%AD%EC%8A%A4-%EB%A9%A4%EB%B2%84%EC%8B%AD-%ED%95%B4%EC%A7%80-%EB%B0%8F-%ED%99%98%EB%B6%88-%EA%B3%A0%EA%B0%9D%EC%84%BC%ED%84%B0-%EC%97%86%EC%9D%B4-%EB%B9%A0%EB%A5%B4%EA%B2%8C-%ED%99%98%EB%B6%88%EB%B0%9B%EC%9E%90
2026-07-21 03:03:29,678 INFO Skipping blacklisted search result: https://sanefafa.tistory.com/277
2026-07-21 03:03:29,678 INFO Skipping non-official search result: https://pickle.plus/blog/%EB%84%B7%ED%94%8C%EB%A6%AD%EC%8A%A4%EA%B5%AC%EB%8F%85%ED%95%B4%EC%A7%80-%EC%9E%90%EB%8F%99%EA%B2%B0%EC%A0%9C%ED%99%98%EB%B6%88%EB%B0%A9%EB%B2%95
2026-07-21 03:03:29,678 INFO Searching refund_cancellation: netflix refund cancellation policy
2026-07-21 03:03:34,721 INFO Skipping non-official search result: https://www.youtube.com/watch?v=K6976wo0Hho
2026-07-21 03:03:34,721 INFO Skipping non-official search result: https://www.engadget.com/entertainment/streaming/how-to-cancel-your-netflix-subscription-202230648.html
2026-07-21 03:03:34,737 INFO Skipping non-official search result: https://www.netflix.shop/pages/return-policy
2026-07-21 03:03:34,737 INFO Skipping blacklisted search result: https://www.reddit.com/r/NetflixPH/comments/1nao40p/cancelled_my_netflix_subscription_but_still_got
2026-07-21 03:03:34,738 INFO Skipping non-official search result: https://www.nimbleinformatics.com/cancellation-and-refund-policy
2026-07-21 03:03:34,738 INFO Skipping non-official search result: https://pensil.in/cancellation-refund-policy
2026-07-21 03:03:34,738 INFO Searching billing_autorenewal: netflix 자동결제 정기결제 정책
2026-07-21 03:03:37,856 INFO Skipping non-official search result: https://m.site.naver.com/1ZTHF
2026-07-21 03:03:37,856 INFO Skipping non-official search result: https://www.etnews.com/20210127000142
2026-07-21 03:03:37,868 INFO Skipping blacklisted search result: https://issueoftv.tistory.com/3
2026-07-21 03:03:37,880 INFO Skipping blacklisted search result: https://aprilgreengrass2.tistory.com/8
2026-07-21 03:03:37,880 INFO Skipping non-official search result: https://pickle.plus/blog/%EB%84%B7%ED%94%8C%EB%A6%AD%EC%8A%A4%EA%B5%AC%EB%8F%85%ED%95%B4%EC%A7%80-%EC%9E%90%EB%8F%99%EA%B2%B0%EC%A0%9C%ED%99%98%EB%B6%88%EB%B0%A9%EB%B2%95
2026-07-21 03:03:37,908 INFO Skipping blacklisted search result: https://m.blog.naver.com/djusti/223674688875
2026-07-21 03:03:37,908 INFO Skipping non-official search result: https://www.eyesmag.com/posts/132894/subscription-economy-payment
2026-07-21 03:03:37,937 INFO Searching billing_autorenewal: netflix 결제 갱신 해지
2026-07-21 03:03:41,712 INFO Skipping non-official search result: https://www.gamsgo.com/ko/blog/how-to-renew-your-netflix-subscription
2026-07-21 03:03:41,713 INFO Skipping blacklisted search result: https://m.blog.naver.com/dmsgp361/223416001078
2026-07-21 03:03:41,736 INFO Skipping blacklisted search result: https://blog.naver.com/ddihw/224113975262
2026-07-21 03:03:41,752 INFO Skipping non-official search result: https://www.subdelete.com/ko/cancel-subscription/netflix
2026-07-21 03:03:41,770 INFO Searching billing_autorenewal: netflix billing auto renewal policy
2026-07-21 03:03:45,230 INFO Skipping non-official search result: https://www.youtube.com/watch?v=shKJ3p3s-iU
2026-07-21 03:03:45,231 INFO Skipping non-official search result: https://www.facebook.com/groups/NetflixBangers/posts/2297005777353204
2026-07-21 03:03:45,254 INFO Searching platform_refund: netflix 앱스토어 환불
2026-07-21 03:03:48,525 INFO Skipping blacklisted search result: https://m.blog.naver.com/dragonjskim/221324690363
2026-07-21 03:03:48,526 INFO Skipping non-official search result: https://www.consumernews.co.kr/news/articleView.html?idxno=642794
2026-07-21 03:03:48,539 INFO Skipping non-official search result: https://www.netflix.shop/pages/return-policy
2026-07-21 03:03:48,539 INFO Skipping blacklisted search result: https://hanseokhyeon.tistory.com/entry/2020917-%EB%84%B7%ED%94%8C%EB%A6%AD%EC%8A%A4-%ED%99%98%EB%B6%88-%ED%9B%84%EA%B8%B0-%EC%95%84%EC%9D%B4%ED%8F%B0-or-%EC%95%84%EC%9D%B4%ED%8C%A8%EB%93%9C%EB%A1%9C
2026-07-21 03:03:48,556 INFO Skipping non-official search result: https://play.google.com/store/apps/details?id=com.netflix.ninja&hl=ko
2026-07-21 03:03:48,573 INFO Skipping non-official search result: https://m.kin.naver.com/qna/dirs/10905/docs/483327304?d1id=1
2026-07-21 03:03:48,590 INFO Searching platform_refund: netflix 구글플레이 환불
2026-07-21 03:03:52,618 INFO Skipping non-official search result: https://resubs.app/ko/resources/how-to-cancel-netflix
2026-07-21 03:03:52,619 INFO Skipping blacklisted search result: https://hanseokhyeon.tistory.com/entry/2020917-%EB%84%B7%ED%94%8C%EB%A6%AD%EC%8A%A4-%ED%99%98%EB%B6%88-%ED%9B%84%EA%B8%B0-%EC%95%84%EC%9D%B4%ED%8F%B0-or-%EC%95%84%EC%9D%B4%ED%8C%A8%EB%93%9C%EB%A1%9C
2026-07-21 03:03:52,619 INFO Skipping non-official search result: https://www.instagram.com/p/Datp5XLE3OO
2026-07-21 03:03:52,634 INFO Skipping non-official search result: https://www.youtube.com/watch?v=87EQ7hjiNv8
2026-07-21 03:03:52,644 INFO Skipping non-official search result: https://play.google.com/store/apps/dev?id=6891422865930303475&hl=ko
2026-07-21 03:03:52,644 INFO Skipping blacklisted search result: https://blog.naver.com/aiwositai/224172968953
2026-07-21 03:03:52,644 INFO Searching platform_refund: netflix App Store Google Play refund
2026-07-21 03:03:55,340 INFO Skipping non-official search result: https://www.digitaltrends.com/phones/how-to-google-play-store-refund
2026-07-21 03:03:55,340 INFO Skipping non-official search result: https://www.netflix.shop/pages/return-policy
2026-07-21 03:03:55,341 INFO Skipping non-official search result: https://www.androidpolice.com/google-play-store-get-refund
2026-07-21 03:03:55,371 INFO Skipping non-official search result: https://www.youtube.com/watch?v=aLTCcWp00ZI
2026-07-21 03:03:55,372 INFO Skipping blacklisted search result: https://www.reddit.com/r/googleplay/comments/1et3ogh/hello_there_i_just_got_billed_a_subscription_that
2026-07-21 03:04:06,371 INFO Policy evidence is weak; skipping https://brand.netflix.com/en/terms
2026-07-21 03:04:07,154 WARNING discarding data: None
2026-07-21 03:04:13,247 INFO Policy evidence is weak; skipping https://advertising.netflix.com/en-us/article/terms-and-conditions
2026-07-21 03:04:23,595 INFO Skipping undated terms page: https://help.netflix.com/ko/node/529263398613604
2026-07-21 03:04:25,143 INFO Policy evidence is weak; skipping https://help.netflix.com/ko/node/113408
2026-07-21 03:04:25,959 INFO Policy evidence is weak; skipping https://help.netflix.com/en/node/54896
2026-07-21 03:04:27,042 INFO Policy evidence is weak; skipping https://help.netflix.com/en/node/41049
2026-07-21 03:06:37,442 INFO Discovered official domain for coway: cowayusa-shop.com (146)
2026-07-21 03:06:37,442 INFO Searching terms: coway 이용약관
2026-07-21 03:06:43,585 INFO Skipping non-official search result: https://www.coway.com/membership_policy
2026-07-21 03:06:43,585 INFO Skipping non-official search result: https://www.coway.com/cs/notice/650
2026-07-21 03:06:43,585 INFO Skipping non-official search result: https://www.coway.com/cs/faq/91
2026-07-21 03:06:43,600 INFO Skipping non-official search result: https://cowayusaonline.com/page/policy
2026-07-21 03:06:43,600 INFO Skipping non-official search result: https://coway-usa.com/ko/pages/warranty-policy
2026-07-21 03:06:43,601 INFO Skipping non-official search result: https://coway-usa.com/ko/pages/rental-policy
2026-07-21 03:06:43,601 INFO Skipping non-official search result: https://coway-usa.com/ko/pages/%EC%9E%90%EC%A3%BC-%EB%AC%BB%EB%8A%94-%EC%A7%88%EB%AC%B8
2026-07-21 03:06:43,602 INFO Skipping non-official search result: https://cowaymega.com/pages/warranty-registration
2026-07-21 03:06:43,602 INFO Searching terms: coway 서비스 약관
2026-07-21 03:06:47,783 INFO Skipping non-official search result: https://www.coway.com/membership_policy
2026-07-21 03:06:47,783 INFO Skipping non-official search result: https://www.coway.com
2026-07-21 03:06:47,801 INFO Skipping non-official search result: https://www.coway.com/cs/faq/91
2026-07-21 03:06:47,817 INFO Skipping non-official search result: https://www.coway.com/cs/notice/650
2026-07-21 03:06:47,818 INFO Skipping non-official search result: https://coway-usa.com/ko/pages/warranty-policy
2026-07-21 03:06:47,818 INFO Skipping non-official search result: https://coway-usa.com/ko/pages/rental-policy
2026-07-21 03:06:47,818 INFO Skipping non-official search result: https://www.cowayusa.org/rental
2026-07-21 03:06:47,835 INFO Searching terms: coway terms of service
2026-07-21 03:06:50,702 INFO Skipping non-official search result: https://coway.page/terms-of-service
2026-07-21 03:06:50,702 INFO Skipping non-official search result: https://www.healthycoway.com/terms-and-condition
2026-07-21 03:06:50,723 INFO Skipping non-official search result: https://coway-usa.com/policies/terms-of-service
2026-07-21 03:06:50,723 INFO Skipping non-official search result: https://www.coway.com.my/terms-of-use
2026-07-21 03:06:50,751 INFO Skipping non-official search result: https://emall.coway.com.my/content/checkout-terms-and-conditions/checkout-terms-and-conditions
2026-07-21 03:06:50,757 INFO Skipping non-official search result: https://coway-emall.com.my/coway-warranty-policy
2026-07-21 03:06:50,766 INFO Skipping non-official search result: https://cowaymega.com/pages/warranty-registration
2026-07-21 03:06:50,773 INFO Skipping non-official search result: https://en.cowayusrental.com/faqs
2026-07-21 03:06:50,774 INFO Searching privacy: coway 개인정보 처리방침
2026-07-21 03:06:55,592 INFO Skipping non-official search result: https://company.coway.com/footer/notice/33
2026-07-21 03:06:55,592 INFO Skipping non-official search result: https://apps.apple.com/kr/app/coway-tower/id1335425578
2026-07-21 03:06:55,592 INFO Skipping non-official search result: https://company.coway.com/footer/privacy
2026-07-21 03:06:55,613 INFO Skipping blacklisted search result: https://koff.tistory.com/entry/%EA%B0%9C%EC%9D%B8%EC%A0%95%EB%B3%B4-%EC%B2%98%EB%A6%AC%EB%B0%A9%EC%B9%A8-%EC%9E%91%EC%84%B1%EC%A7%80%EC%B9%A820244
2026-07-21 03:06:55,613 INFO Skipping non-official search result: https://privacypolicy.flex.team/ko/articles/11645647-flex-mini-%EA%B0%9C%EC%9D%B8%EC%A0%95%EB%B3%B4-%EC%B2%98%EB%A6%AC%EB%B0%A9%EC%B9%A8-2025-06-30
2026-07-21 03:06:55,630 INFO Skipping non-official search result: https://privacypolicy.flex.team/ko/articles/10998914-flex-%EA%B0%9C%EC%9D%B8%EC%A0%95%EB%B3%B4-%EC%B2%98%EB%A6%AC%EB%B0%A9%EC%B9%A8-2025-04-02
2026-07-21 03:06:55,630 INFO Skipping non-official search result: https://privacypolicy.flex.team/ko/articles/11117315-flex-%EA%B0%9C%EC%9D%B8%EC%A0%95%EB%B3%B4-%EC%B2%98%EB%A6%AC%EB%B0%A9%EC%B9%A8-2025-04-23
2026-07-21 03:06:55,647 INFO Skipping non-official search result: https://privacypolicy.flex.team/ko/articles/11645689-flex-%EA%B0%9C%EC%9D%B8%EC%A0%95%EB%B3%B4-%EC%B2%98%EB%A6%AC%EB%B0%A9%EC%B9%A8-2025-06-30
2026-07-21 03:06:55,647 INFO Searching privacy: coway privacy policy
2026-07-21 03:06:58,938 INFO Skipping non-official search result: https://uscowayshop.com/privacy-policy
2026-07-21 03:06:58,938 INFO Skipping non-official search result: https://www.cowayny.com/store-policy
2026-07-21 03:06:58,938 INFO Skipping non-official search result: https://coway-usa-shop.com/policies/privacy-policy
2026-07-21 03:06:58,958 INFO Skipping non-official search result: https://coway.page/privacy-policy
2026-07-21 03:06:58,958 INFO Skipping non-official search result: https://coway-usa.com/policies/privacy-policy
2026-07-21 03:06:58,973 INFO Skipping non-official search result: https://www.coway.com.my/privacy-notice
2026-07-21 03:06:58,973 INFO Skipping non-official search result: https://www.globaldata.com/company-profile/coway-co-ltd
2026-07-21 03:06:58,978 INFO Skipping non-official search result: https://company.coway.com/en/footer/privacy
2026-07-21 03:06:58,978 INFO Searching refund_cancellation: coway 환불 해지 정책
2026-07-21 03:07:00,962 INFO Skipping non-official search result: https://cowaymega.com/pages/refund-policy
2026-07-21 03:07:00,962 INFO Skipping non-official search result: https://www.coway.com/cs/main
2026-07-21 03:07:00,962 INFO Skipping non-official search result: https://coway-usa.com/ko/pages/warranty-policy
2026-07-21 03:07:00,964 INFO Skipping non-official search result: https://www.coway.com/cs/notice/650
2026-07-21 03:07:00,964 INFO Skipping non-official search result: https://coway-usa.com/ko/pages/rental-policy
2026-07-21 03:07:00,964 INFO Skipping non-official search result: https://cowayca.com/faq
2026-07-21 03:07:00,964 INFO Skipping non-official search result: https://www.cowayusa.org/rental
2026-07-21 03:07:00,965 INFO Searching refund_cancellation: coway 환불정책 이용 해지
2026-07-21 03:07:06,526 INFO Skipping non-official search result: https://www.cowayny.com/ko/shipping-returns
2026-07-21 03:07:06,526 INFO Skipping non-official search result: https://coway-usa.com/ko/policies/refund-policy
2026-07-21 03:07:06,526 INFO Skipping non-official search result: https://cowaymega.com/pages/refund-policy
2026-07-21 03:07:06,553 INFO Skipping non-official search result: https://coway-usa.com/ko/pages/rental-policy
2026-07-21 03:07:06,582 INFO Skipping non-official search result: https://cowayca.com/faq
2026-07-21 03:07:06,593 INFO Skipping blacklisted search result: https://en.wikipedia.org/wiki/Coway_(company)
2026-07-21 03:07:06,594 INFO Skipping non-official search result: https://www.coway.com/membership_policy
2026-07-21 03:07:06,594 INFO Skipping non-official search result: https://coway-usa.com/ko/pages/%EC%9E%90%EC%A3%BC-%EB%AC%BB%EB%8A%94-%EC%A7%88%EB%AC%B8
2026-07-21 03:07:06,594 INFO Searching refund_cancellation: coway refund cancellation policy
2026-07-21 03:07:11,679 INFO Skipping non-official search result: https://cowaymega.com/pages/refund-policy
2026-07-21 03:07:11,679 INFO Skipping non-official search result: https://coway-usa.com/pages/rental-policy
2026-07-21 03:07:11,695 INFO Skipping non-official search result: https://www.bbb.org/us/ca/los-angeles/profile/air-filters/coway-usa-inc-1216-100071184/complaints
2026-07-21 03:07:11,696 INFO Skipping non-official search result: https://cowayindia.in/customer-policy
2026-07-21 03:07:11,716 INFO Skipping non-official search result: https://coway-usa.com/policies/refund-policy
2026-07-21 03:07:11,717 INFO Skipping blacklisted search result: https://en.wikipedia.org/wiki/Coway_(company)
2026-07-21 03:07:11,717 INFO Skipping non-official search result: https://www.amazon.com/Coway-AP-1512HH-Mighty-Purifier-True/dp/B00BTKAPUU
2026-07-21 03:07:11,717 INFO Skipping non-official search result: https://coway-usa.com/pages/faq
2026-07-21 03:07:11,717 INFO Searching billing_autorenewal: coway 자동결제 정기결제 정책
2026-07-21 03:07:14,482 INFO Skipping non-official search result: https://coway-usa.com/ko/pages/rental-policy
2026-07-21 03:07:14,482 INFO Skipping non-official search result: https://www.cowayusa.org/rental
2026-07-21 03:07:14,482 INFO Skipping non-official search result: https://www.coway.com/cs/main
2026-07-21 03:07:14,523 INFO Skipping non-official search result: https://www.coway.com/membership_policy
2026-07-21 03:07:14,524 INFO Skipping non-official search result: https://coway-usa.com/ko/pages/%EC%9E%90%EC%A3%BC-%EB%AC%BB%EB%8A%94-%EC%A7%88%EB%AC%B8
2026-07-21 03:07:14,524 INFO Skipping non-official search result: https://cowayusrental.com/faqs
2026-07-21 03:07:14,524 INFO Skipping non-official search result: https://cowayca.com/faq
2026-07-21 03:07:14,524 INFO Skipping non-official search result: https://coway-usa.com/ko/pages/warranty-policy
2026-07-21 03:07:14,524 INFO Searching billing_autorenewal: coway 결제 갱신 해지
2026-07-21 03:07:19,288 INFO Skipping non-official search result: https://coway-m.com/direct-debit
2026-07-21 03:07:19,288 INFO Skipping non-official search result: https://coway-usa.com/ko/pages/rental-policy
2026-07-21 03:07:19,297 INFO Skipping blacklisted search result: https://blog.naver.com/angelcob/223419438016?viewType=pc
2026-07-21 03:07:19,297 INFO Skipping non-official search result: https://coway-m.com/faq?category=78gw73725T
2026-07-21 03:07:19,302 INFO Skipping non-official search result: https://www.coway.com/cs/notice/650
2026-07-21 03:07:19,303 INFO Skipping non-official search result: https://cowayca.com/faq
2026-07-21 03:07:19,320 INFO Skipping non-official search result: https://www.coway.com/cs/main
2026-07-21 03:07:19,320 INFO Skipping non-official search result: https://www.cowayus.com/faq
2026-07-21 03:07:19,321 INFO Searching billing_autorenewal: coway billing auto renewal policy
2026-07-21 03:07:24,328 INFO Skipping non-official search result: https://cowaymega.com/pages/subscription-policy
2026-07-21 03:07:24,328 INFO Skipping non-official search result: https://coway-usa.com/pages/rental-policy
2026-07-21 03:07:24,328 INFO Skipping non-official search result: https://coway-usa.com/pages/warranty-policy
2026-07-21 03:07:24,432 INFO Skipping non-official search result: https://www.healthycoway.com/terms-and-condition
2026-07-21 03:07:24,478 INFO Skipping non-official search result: https://www.coway.com.my/faq
2026-07-21 03:07:24,512 INFO Skipping non-official search result: https://www.privacyworld.blog/2024/11/cancel-culture-new-requirements-for-auto-renewals-and-other-negative-option-offers
2026-07-21 03:07:24,534 INFO Skipping non-official search result: https://en.cowayusrental.com/faqs
2026-07-21 03:07:24,541 INFO Skipping non-official search result: https://www.mayerbrown.com/-/media/files/perspectives-events/publications/2022/07/automatic-renewal-state-laws-charts-overview.pdf
2026-07-21 03:07:24,541 INFO Searching platform_refund: coway 앱스토어 환불
2026-07-21 03:07:27,510 INFO Skipping non-official search result: https://coway-usa.com/ko/policies/refund-policy
2026-07-21 03:07:27,510 INFO Skipping non-official search result: https://cowaymega.com/pages/refund-policy
2026-07-21 03:07:27,524 INFO Skipping non-official search result: https://www.cowayny.com/ko/shipping-returns
2026-07-21 03:07:27,525 INFO Skipping non-official search result: https://www.coway.com
2026-07-21 03:07:27,525 INFO Skipping non-official search result: https://www.bbb.org/us/ca/los-angeles/profile/air-filters/coway-usa-inc-1216-100071184/complaints
2026-07-21 03:07:27,536 INFO Skipping non-official search result: https://coway-usa.com/ko/pages/warranty-policy
2026-07-21 03:07:27,536 INFO Skipping non-official search result: https://www.trustpilot.com/review/cowaymega.com
2026-07-21 03:07:27,536 INFO Skipping non-official search result: https://www.cowayusa.org/rental
2026-07-21 03:07:27,548 INFO Searching platform_refund: coway 구글플레이 환불
2026-07-21 03:07:30,368 INFO Skipping non-official search result: https://cowaymega.com/pages/refund-policy
2026-07-21 03:07:30,368 INFO Skipping non-official search result: https://coway-usa.com/ko/policies/refund-policy
2026-07-21 03:07:30,393 INFO Skipping blacklisted search result: https://m.blog.naver.com/ezpbill/221721947029
2026-07-21 03:07:30,393 INFO Skipping blacklisted search result: https://m.blog.naver.com/shuming061/223088953029
2026-07-21 03:07:30,394 INFO Skipping blacklisted search result: https://m.blog.naver.com/rywls92/223891615452
2026-07-21 03:07:30,405 INFO Searching platform_refund: coway App Store Google Play refund
2026-07-21 03:07:32,863 INFO Skipping non-official search result: https://play.google.com/store/apps/details?id=woongjin.cowayusa.smartway&hl=en_US
2026-07-21 03:07:32,864 INFO Skipping non-official search result: https://coway-usa.com/policies/refund-policy
2026-07-21 03:07:32,864 INFO Skipping non-official search result: https://cowaymega.com/pages/refund-policy
2026-07-21 03:07:32,881 INFO Skipping non-official search result: http://www.coway.sg/refund-policy
2026-07-21 03:07:32,881 INFO Skipping non-official search result: https://www.coway.com.my/coway-food-supplement-returns-refunds-delivery-policy
2026-07-21 03:07:32,882 INFO Skipping non-official search result: https://www.youtube.com/watch?v=IFvdiCta7oM&vl=en
2026-07-21 03:07:41,697 INFO Policy evidence is weak; skipping https://www.cowayusa-shop.com/faq
2026-07-21 03:07:42,807 WARNING Could not confidently discover official domain for 카카오뱅크
2026-07-21 03:09:33,884 INFO Discovered official domain for 코웨이: coway-usa.com (76)
2026-07-21 03:09:33,884 INFO Searching terms: 코웨이 이용약관
2026-07-21 03:09:38,038 INFO Skipping non-official search result: https://most.cowaymall.co.kr/content/mallProvision
2026-07-21 03:09:38,038 INFO Skipping non-official search result: https://www.coway.com/membership_policy
2026-07-21 03:09:38,061 INFO Skipping non-official search result: https://www.coway.com/cs/main
2026-07-21 03:09:38,061 INFO Skipping non-official search result: https://www.coway.com/cs/notice/650
2026-07-21 03:09:38,078 INFO Skipping non-official search result: https://www.coway.com/event/alliance/list
2026-07-21 03:09:38,079 INFO Skipping non-official search result: https://www.cowayusa.org/rental
2026-07-21 03:09:38,112 INFO Skipping non-official search result: https://www.cowayusa-shop.com/faq
2026-07-21 03:09:38,112 INFO Searching terms: 코웨이 서비스 약관
2026-07-21 03:09:42,410 INFO Skipping non-official search result: https://www.coway.com/membership_policy
2026-07-21 03:09:42,410 INFO Skipping non-official search result: https://www.coway.com/cs/main
2026-07-21 03:09:42,410 INFO Skipping non-official search result: https://www.coway.com/cs/notice/650
2026-07-21 03:09:42,426 INFO Skipping non-official search result: https://most.cowaymall.co.kr/content/mallProvision
2026-07-21 03:09:42,426 INFO Skipping non-official search result: https://rental365.cowaymall.co.kr
2026-07-21 03:09:42,443 INFO Skipping non-official search result: https://cowayca.com/faq
2026-07-21 03:09:42,443 INFO Searching terms: 코웨이 terms of service
2026-07-21 03:09:46,887 INFO Skipping non-official search result: https://coway.page/terms-of-service
2026-07-21 03:09:46,887 INFO Skipping non-official search result: https://coway.co.uk/pages/terms-of-service
2026-07-21 03:09:46,904 INFO Skipping non-official search result: https://www.healthycoway.com/terms-and-condition
2026-07-21 03:09:46,911 INFO Skipping non-official search result: https://cowayusaonline.com/page/policy
2026-07-21 03:09:46,913 INFO Skipping non-official search result: https://www.coway.com.my/terms-of-use
2026-07-21 03:09:46,913 INFO Skipping non-official search result: https://cowayca.com/faq
2026-07-21 03:09:46,927 INFO Searching privacy: 코웨이 개인정보 처리방침
2026-07-21 03:09:50,732 INFO Skipping non-official search result: https://coway-m.com/agreement
2026-07-21 03:09:50,732 INFO Skipping non-official search result: https://online.cowaymall.co.kr/content/mallPrivacy
2026-07-21 03:09:50,749 INFO Skipping non-official search result: https://coway.us/ko/privacy-policy
2026-07-21 03:09:50,756 INFO Skipping non-official search result: https://www.coway.com
2026-07-21 03:09:50,756 INFO Skipping non-official search result: https://www.coway.com/cs/notice/690
2026-07-21 03:09:50,757 INFO Skipping non-official search result: https://namu.wiki/w/%EC%BD%94%EC%9B%A8%EC%9D%B4
2026-07-21 03:09:50,768 INFO Searching privacy: 코웨이 privacy policy
2026-07-21 03:09:56,878 INFO Skipping non-official search result: https://uscowayshop.com/privacy-policy
2026-07-21 03:09:56,879 INFO Skipping non-official search result: https://coway-m.com/agreement
2026-07-21 03:09:56,894 INFO Skipping non-official search result: https://coway.page/privacy-policy
2026-07-21 03:09:56,894 INFO Skipping non-official search result: https://coway-usa-shop.com/policies/privacy-policy
2026-07-21 03:09:56,894 INFO Skipping non-official search result: https://coway.co.uk/policies/privacy-policy
2026-07-21 03:09:56,894 INFO Skipping non-official search result: https://www.coway.com.my/privacy-notice
2026-07-21 03:09:56,905 INFO Searching refund_cancellation: 코웨이 환불 해지 정책
2026-07-21 03:10:01,168 INFO Skipping non-official search result: https://www.coway.com
2026-07-21 03:10:01,168 INFO Skipping non-official search result: https://www.coway.com/cs/notice/650
2026-07-21 03:10:01,168 INFO Skipping non-official search result: https://www.coway.com/cs/faq/112
2026-07-21 03:10:01,180 INFO Skipping non-official search result: https://cowayca.com/faq
2026-07-21 03:10:01,180 INFO Skipping blacklisted search result: https://m.blog.naver.com/redrental/221308745606
2026-07-21 03:10:01,180 INFO Skipping non-official search result: https://coway-m.com/faq?category=78gw73725T
2026-07-21 03:10:01,197 INFO Searching refund_cancellation: 코웨이 환불정책 이용 해지
2026-07-21 03:10:05,882 INFO Skipping non-official search result: https://e-coway.cowaymall.co.kr/content/mallProvision
2026-07-21 03:10:05,882 INFO Skipping non-official search result: https://speed.cowaymall.co.kr/content/mallProvision
2026-07-21 03:10:05,882 INFO Skipping non-official search result: https://www.cowayny.com/ko/shipping-returns
2026-07-21 03:10:05,907 INFO Skipping non-official search result: https://www.coway.com/cs/notice/650
2026-07-21 03:10:05,917 INFO Skipping non-official search result: https://cowayca.com/faq
2026-07-21 03:10:05,918 INFO Skipping blacklisted search result: https://m.blog.naver.com/redrental/221308745606
2026-07-21 03:10:05,918 INFO Skipping non-official search result: https://www.coway.com/cs/faq/112
2026-07-21 03:10:05,929 INFO Searching refund_cancellation: 코웨이 refund cancellation policy
2026-07-21 03:10:09,738 INFO Skipping non-official search result: http://www.coway.sg/refund-policy
2026-07-21 03:10:09,738 INFO Skipping non-official search result: https://www.coway.com.my/coway-food-supplement-returns-refunds-delivery-policy
2026-07-21 03:10:09,748 INFO Skipping non-official search result: https://cowaymega.zendesk.com/hc/en-us/articles/227343867-Can-I-change-or-cancel-an-order-once-it-s-been-placed
2026-07-21 03:10:09,766 INFO Skipping non-official search result: https://cowaymega.ca/pages/sales-refund-policy
2026-07-21 03:10:09,783 INFO Skipping non-official search result: https://cowaymega.com/pages/refund-policy
2026-07-21 03:10:09,783 INFO Skipping non-official search result: https://en.cowayusrental.com/faqs
2026-07-21 03:10:09,800 INFO Searching billing_autorenewal: 코웨이 자동결제 정기결제 정책
2026-07-21 03:10:14,000 INFO Skipping non-official search result: https://rental365.cowaymall.co.kr
2026-07-21 03:10:14,000 INFO Skipping non-official search result: https://www.coway.com/event/routinedelivery/delivery_guide
2026-07-21 03:10:14,027 INFO Skipping non-official search result: https://www.cowayus.com/faq
2026-07-21 03:10:14,027 INFO Skipping non-official search result: https://www.coway.com/cs/main
2026-07-21 03:10:14,027 INFO Skipping non-official search result: https://www.cowayusa.org/rental
2026-07-21 03:10:14,034 INFO Skipping non-official search result: https://www.coway.com/cs/notice/650
2026-07-21 03:10:14,034 INFO Searching billing_autorenewal: 코웨이 결제 갱신 해지
2026-07-21 03:10:19,102 INFO Skipping non-official search result: https://coway-m.com/faq?q=YToxOntzOjEyOiJrZXl3b3JkX3R5cGUiO3M6MzoiYWxsIjt9&page=2
2026-07-21 03:10:19,102 INFO Skipping non-official search result: https://coway-m.com/faq?category=78gw73725T
2026-07-21 03:10:19,102 INFO Skipping non-official search result: https://www.coway.com/cs/notice/650
2026-07-21 03:10:19,561 INFO Skipping non-official search result: https://www.ajd.co.kr/community/qna/detail/%EC%BD%94%EC%9B%A8%EC%9D%B4_%EC%A0%95%EC%88%98%EA%B8%B0_%EB%82%A9%EB%B6%80%EB%B0%A9%EB%B2%95_%EB%B3%80%EA%B2%BD%ED%95%98%EB%8A%94_%EB%B2%95%3A_%EC%A0%9C%ED%9C%B4%EC%B9%B4%EB%93%9C_%EB%B0%8F_%EA%B3%84%EC%A2%8C_%EB%93%B1%EB%A1%9D_%EC%95%88%EB%82%B4-31956
2026-07-21 03:10:19,598 INFO Skipping non-official search result: https://cowayca.com/faq
2026-07-21 03:10:19,715 INFO Skipping non-official search result: https://rental365.cowaymall.co.kr
2026-07-21 03:10:19,715 INFO Skipping blacklisted search result: https://blog.naver.com/angelcob/223419438016?viewType=pc
2026-07-21 03:10:19,715 INFO Skipping non-official search result: https://www.coway.com/membership_policy
2026-07-21 03:10:19,716 INFO Searching billing_autorenewal: 코웨이 billing auto renewal policy
2026-07-21 03:10:23,331 INFO Skipping non-official search result: https://cowaymega.com/pages/subscription-policy
2026-07-21 03:10:23,331 INFO Skipping non-official search result: https://support.huaweicloud.com/intl/en-us/usermanual-billing/renewals_topic_20000002.html
2026-07-21 03:10:23,346 INFO Skipping blacklisted search result: https://www.reddit.com/r/ConnectWise/comments/tn7dhe/contract_auto_renewal
2026-07-21 03:10:23,358 INFO Skipping non-official search result: https://www.checkout.com/blog/auto-renewal-payments
2026-07-21 03:10:23,358 INFO Skipping non-official search result: https://www.consumerfinancialserviceslawmonitor.com/2022/01/automatic-renewal-state-law-changes-effective-january-1-2022
2026-07-21 03:10:23,392 INFO Skipping non-official search result: https://www.coway.com
2026-07-21 03:10:23,392 INFO Skipping non-official search result: https://nexway.com/blog/guide-keeping-up-with-subscription-industry-rules-and-regulations
2026-07-21 03:10:23,392 INFO Skipping non-official search result: https://namu.wiki/w/%EC%BD%94%EC%9B%A8%EC%9D%B4
2026-07-21 03:10:23,392 INFO Searching platform_refund: 코웨이 앱스토어 환불
2026-07-21 03:10:28,686 INFO Skipping non-official search result: https://cowaymega.com/pages/refund-policy
2026-07-21 03:10:28,686 INFO Skipping non-official search result: https://www.cowayny.com/ko/shipping-returns
2026-07-21 03:10:28,686 INFO Skipping non-official search result: https://www.coway.com
2026-07-21 03:10:28,700 INFO Skipping non-official search result: https://www.coway.com/cs/fare_guarantee
2026-07-21 03:10:28,701 INFO Skipping non-official search result: https://apps.apple.com/us/app/coway-iocare/id1045884963
2026-07-21 03:10:28,712 INFO Skipping non-official search result: https://rental365.cowaymall.co.kr
2026-07-21 03:10:28,712 INFO Skipping non-official search result: https://play.google.com/store/apps/details?id=com.coway.ewecom.aos&hl=ko
2026-07-21 03:10:28,729 INFO Searching platform_refund: 코웨이 구글플레이 환불
2026-07-21 03:10:30,206 INFO Skipping blacklisted search result: https://m.blog.naver.com/shuming061/223088953029
2026-07-21 03:10:30,206 INFO Skipping blacklisted search result: https://blog.naver.com/pyodawoon/223936966107
2026-07-21 03:10:30,207 INFO Skipping non-official search result: https://www.youtube.com/watch?v=t4de1y9Vkkw
2026-07-21 03:10:30,225 INFO Skipping non-official search result: https://play.google.com/store/apps/details?id=com.coway.ewecom.aos&hl=ko
2026-07-21 03:10:30,226 INFO Skipping non-official search result: https://www.coway.com/cs/main
2026-07-21 03:10:30,226 INFO Searching platform_refund: 코웨이 App Store Google Play refund
2026-07-21 03:10:33,035 INFO Skipping non-official search result: https://www.youtube.com/watch?v=rAH5jH-a0fc
2026-07-21 03:10:33,036 INFO Skipping non-official search result: https://www.youtube.com/watch?v=aLTCcWp00ZI
2026-07-21 03:10:33,066 INFO Skipping non-official search result: https://www.youtube.com/watch?v=0nc_CdPgfnk
2026-07-21 03:10:33,078 INFO Skipping non-official search result: https://help.savvy-navvy.com/en/article/how-to-request-a-refund-from-google-play-o0kzye
2026-07-21 03:10:33,078 INFO Skipping non-official search result: https://www.youtube.com/watch?v=CyQgvq4xecE
2026-07-21 03:10:35,533 ERROR Tavily extract failed: https://coway-usa.com/policies/terms-of-service
Traceback (most recent call last):
  File "/smhrd2/FinePrint/jhc/search_tos_fineprint.py", line 796, in extract_tavily_document
    response = client.extract(urls=[url])
  File "/smhrd2/FinePrint/msh/.venv/lib/python3.13/site-packages/tavily/tavily.py", line 342, in extract
    response_dict = self._extract(urls,
                                  include_images,
    ...<6 lines>...
                                  chunks_per_source=chunks_per_source,
                                  **kwargs)
  File "/smhrd2/FinePrint/msh/.venv/lib/python3.13/site-packages/tavily/tavily.py", line 325, in _extract
    self._handle_error_response(response)
    ~~~~~~~~~~~~~~~~~~~~~~~~~~~^^^^^^^^^^
  File "/smhrd2/FinePrint/msh/.venv/lib/python3.13/site-packages/tavily/tavily.py", line 137, in _handle_error_response
    raise ForbiddenError(detail)
tavily.errors.ForbiddenError: This request exceeds your plan's set usage limit. Please upgrade your plan or contact support@tavily.com
2026-07-21 03:10:35,550 INFO Policy evidence is weak; skipping https://coway-usa.com/policies/terms-of-service
2026-07-21 03:10:36,345 ERROR Tavily extract failed: https://coway-usa.com/ko/pages/data-sharing-opt-out
Traceback (most recent call last):
  File "/smhrd2/FinePrint/jhc/search_tos_fineprint.py", line 796, in extract_tavily_document
    response = client.extract(urls=[url])
  File "/smhrd2/FinePrint/msh/.venv/lib/python3.13/site-packages/tavily/tavily.py", line 342, in extract
    response_dict = self._extract(urls,
                                  include_images,
    ...<6 lines>...
                                  chunks_per_source=chunks_per_source,
                                  **kwargs)
  File "/smhrd2/FinePrint/msh/.venv/lib/python3.13/site-packages/tavily/tavily.py", line 325, in _extract
    self._handle_error_response(response)
    ~~~~~~~~~~~~~~~~~~~~~~~~~~~^^^^^^^^^^
  File "/smhrd2/FinePrint/msh/.venv/lib/python3.13/site-packages/tavily/tavily.py", line 137, in _handle_error_response
    raise ForbiddenError(detail)
tavily.errors.ForbiddenError: This request exceeds your plan's set usage limit. Please upgrade your plan or contact support@tavily.com
2026-07-21 03:10:36,349 INFO Policy evidence is weak; skipping https://coway-usa.com/ko/pages/data-sharing-opt-out
2026-07-21 03:10:42,826 ERROR Tavily extract failed: https://support.google.com/googleplay/answer/15574908?hl=en
Traceback (most recent call last):
  File "/smhrd2/FinePrint/jhc/search_tos_fineprint.py", line 796, in extract_tavily_document
    response = client.extract(urls=[url])
  File "/smhrd2/FinePrint/msh/.venv/lib/python3.13/site-packages/tavily/tavily.py", line 342, in extract
    response_dict = self._extract(urls,
                                  include_images,
    ...<6 lines>...
                                  chunks_per_source=chunks_per_source,
                                  **kwargs)
  File "/smhrd2/FinePrint/msh/.venv/lib/python3.13/site-packages/tavily/tavily.py", line 325, in _extract
    self._handle_error_response(response)
    ~~~~~~~~~~~~~~~~~~~~~~~~~~~^^^^^^^^^^
  File "/smhrd2/FinePrint/msh/.venv/lib/python3.13/site-packages/tavily/tavily.py", line 137, in _handle_error_response
    raise ForbiddenError(detail)
tavily.errors.ForbiddenError: This request exceeds your plan's set usage limit. Please upgrade your plan or contact support@tavily.com
2026-07-21 03:10:42,829 INFO Policy evidence is weak; skipping https://support.google.com/googleplay/answer/15574908?hl=en
2026-07-21 03:10:46,182 ERROR Tavily extract failed: https://support.google.com/googleplay/answer/15574897?hl=en
Traceback (most recent call last):
  File "/smhrd2/FinePrint/jhc/search_tos_fineprint.py", line 796, in extract_tavily_document
    response = client.extract(urls=[url])
  File "/smhrd2/FinePrint/msh/.venv/lib/python3.13/site-packages/tavily/tavily.py", line 342, in extract
    response_dict = self._extract(urls,
                                  include_images,
    ...<6 lines>...
                                  chunks_per_source=chunks_per_source,
                                  **kwargs)
  File "/smhrd2/FinePrint/msh/.venv/lib/python3.13/site-packages/tavily/tavily.py", line 325, in _extract
    self._handle_error_response(response)
    ~~~~~~~~~~~~~~~~~~~~~~~~~~~^^^^^^^^^^
  File "/smhrd2/FinePrint/msh/.venv/lib/python3.13/site-packages/tavily/tavily.py", line 137, in _handle_error_response
    raise ForbiddenError(detail)
tavily.errors.ForbiddenError: This request exceeds your plan's set usage limit. Please upgrade your plan or contact support@tavily.com
2026-07-21 03:10:46,183 INFO Policy evidence is weak; skipping https://support.google.com/googleplay/answer/15574897?hl=en
2026-07-21 03:10:46,992 ERROR Tavily extract failed: https://coway-usa.com/ko/pages/rental-policy
Traceback (most recent call last):
  File "/smhrd2/FinePrint/jhc/search_tos_fineprint.py", line 796, in extract_tavily_document
    response = client.extract(urls=[url])
  File "/smhrd2/FinePrint/msh/.venv/lib/python3.13/site-packages/tavily/tavily.py", line 342, in extract
    response_dict = self._extract(urls,
                                  include_images,
    ...<6 lines>...
                                  chunks_per_source=chunks_per_source,
                                  **kwargs)
  File "/smhrd2/FinePrint/msh/.venv/lib/python3.13/site-packages/tavily/tavily.py", line 325, in _extract
    self._handle_error_response(response)
    ~~~~~~~~~~~~~~~~~~~~~~~~~~~^^^^^^^^^^
  File "/smhrd2/FinePrint/msh/.venv/lib/python3.13/site-packages/tavily/tavily.py", line 137, in _handle_error_response
    raise ForbiddenError(detail)
tavily.errors.ForbiddenError: This request exceeds your plan's set usage limit. Please upgrade your plan or contact support@tavily.com
2026-07-21 03:10:46,994 INFO Policy evidence is weak; skipping https://coway-usa.com/ko/pages/rental-policy
2026-07-21 03:10:47,843 ERROR Tavily extract failed: https://coway-usa.com/ko/pages/warranty-policy
Traceback (most recent call last):
  File "/smhrd2/FinePrint/jhc/search_tos_fineprint.py", line 796, in extract_tavily_document
    response = client.extract(urls=[url])
  File "/smhrd2/FinePrint/msh/.venv/lib/python3.13/site-packages/tavily/tavily.py", line 342, in extract
    response_dict = self._extract(urls,
                                  include_images,
    ...<6 lines>...
                                  chunks_per_source=chunks_per_source,
                                  **kwargs)
  File "/smhrd2/FinePrint/msh/.venv/lib/python3.13/site-packages/tavily/tavily.py", line 325, in _extract
    self._handle_error_response(response)
    ~~~~~~~~~~~~~~~~~~~~~~~~~~~^^^^^^^^^^
  File "/smhrd2/FinePrint/msh/.venv/lib/python3.13/site-packages/tavily/tavily.py", line 137, in _handle_error_response
    raise ForbiddenError(detail)
tavily.errors.ForbiddenError: This request exceeds your plan's set usage limit. Please upgrade your plan or contact support@tavily.com
2026-07-21 03:10:47,844 INFO Policy evidence is weak; skipping https://coway-usa.com/ko/pages/warranty-policy
2026-07-21 03:10:48,671 ERROR Tavily extract failed: https://coway-usa.com/pages/faq
Traceback (most recent call last):
  File "/smhrd2/FinePrint/jhc/search_tos_fineprint.py", line 796, in extract_tavily_document
    response = client.extract(urls=[url])
  File "/smhrd2/FinePrint/msh/.venv/lib/python3.13/site-packages/tavily/tavily.py", line 342, in extract
    response_dict = self._extract(urls,
                                  include_images,
    ...<6 lines>...
                                  chunks_per_source=chunks_per_source,
                                  **kwargs)
  File "/smhrd2/FinePrint/msh/.venv/lib/python3.13/site-packages/tavily/tavily.py", line 325, in _extract
    self._handle_error_response(response)
    ~~~~~~~~~~~~~~~~~~~~~~~~~~~^^^^^^^^^^
  File "/smhrd2/FinePrint/msh/.venv/lib/python3.13/site-packages/tavily/tavily.py", line 137, in _handle_error_response
    raise ForbiddenError(detail)
tavily.errors.ForbiddenError: This request exceeds your plan's set usage limit. Please upgrade your plan or contact support@tavily.com
2026-07-21 03:10:48,673 INFO Policy evidence is weak; skipping https://coway-usa.com/pages/faq
2026-07-21 03:10:49,519 ERROR Tavily extract failed: https://coway-usa.com/ko/pages/%EC%9E%90%EC%A3%BC-%EB%AC%BB%EB%8A%94-%EC%A7%88%EB%AC%B8
Traceback (most recent call last):
  File "/smhrd2/FinePrint/jhc/search_tos_fineprint.py", line 796, in extract_tavily_document
    response = client.extract(urls=[url])
  File "/smhrd2/FinePrint/msh/.venv/lib/python3.13/site-packages/tavily/tavily.py", line 342, in extract
    response_dict = self._extract(urls,
                                  include_images,
    ...<6 lines>...
                                  chunks_per_source=chunks_per_source,
                                  **kwargs)
  File "/smhrd2/FinePrint/msh/.venv/lib/python3.13/site-packages/tavily/tavily.py", line 325, in _extract
    self._handle_error_response(response)
    ~~~~~~~~~~~~~~~~~~~~~~~~~~~^^^^^^^^^^
  File "/smhrd2/FinePrint/msh/.venv/lib/python3.13/site-packages/tavily/tavily.py", line 137, in _handle_error_response
    raise ForbiddenError(detail)
tavily.errors.ForbiddenError: This request exceeds your plan's set usage limit. Please upgrade your plan or contact support@tavily.com
2026-07-21 03:10:49,520 INFO Policy evidence is weak; skipping https://coway-usa.com/ko/pages/%EC%9E%90%EC%A3%BC-%EB%AC%BB%EB%8A%94-%EC%A7%88%EB%AC%B8
2026-07-21 03:11:55,931 ERROR Official-domain discovery failed: 티비 공식 홈페이지
Traceback (most recent call last):
  File "/smhrd2/FinePrint/jhc/search_tos_fineprint.py", line 341, in discover_official_domains
    results = client.search(
              ~~~~~~~~~~~~~^
        query=query,
        ^^^^^^^^^^^^
    ...<2 lines>...
        include_raw_content=False,
        ^^^^^^^^^^^^^^^^^^^^^^^^^^
    ).get("results", [])
    ^
  File "/smhrd2/FinePrint/msh/.venv/lib/python3.13/site-packages/tavily/tavily.py", line 261, in search
    response_dict = self._search(query,
                                 search_depth=search_depth,
    ...<16 lines>...
                                 exact_match=exact_match,
                                 **kwargs)
  File "/smhrd2/FinePrint/msh/.venv/lib/python3.13/site-packages/tavily/tavily.py", line 232, in _search
    self._handle_error_response(response)
    ~~~~~~~~~~~~~~~~~~~~~~~~~~~^^^^^^^^^^
  File "/smhrd2/FinePrint/msh/.venv/lib/python3.13/site-packages/tavily/tavily.py", line 137, in _handle_error_response
    raise ForbiddenError(detail)
tavily.errors.ForbiddenError: This request exceeds your plan's set usage limit. Please upgrade your plan or contact support@tavily.com
2026-07-21 03:11:56,163 ERROR Official-domain discovery failed: 티비 official site
Traceback (most recent call last):
  File "/smhrd2/FinePrint/jhc/search_tos_fineprint.py", line 341, in discover_official_domains
    results = client.search(
              ~~~~~~~~~~~~~^
        query=query,
        ^^^^^^^^^^^^
    ...<2 lines>...
        include_raw_content=False,
        ^^^^^^^^^^^^^^^^^^^^^^^^^^
    ).get("results", [])
    ^
  File "/smhrd2/FinePrint/msh/.venv/lib/python3.13/site-packages/tavily/tavily.py", line 261, in search
    response_dict = self._search(query,
                                 search_depth=search_depth,
    ...<16 lines>...
                                 exact_match=exact_match,
                                 **kwargs)
  File "/smhrd2/FinePrint/msh/.venv/lib/python3.13/site-packages/tavily/tavily.py", line 232, in _search
    self._handle_error_response(response)
    ~~~~~~~~~~~~~~~~~~~~~~~~~~~^^^^^^^^^^
  File "/smhrd2/FinePrint/msh/.venv/lib/python3.13/site-packages/tavily/tavily.py", line 137, in _handle_error_response
    raise ForbiddenError(detail)
tavily.errors.ForbiddenError: This request exceeds your plan's set usage limit. Please upgrade your plan or contact support@tavily.com
2026-07-21 03:11:56,164 WARNING Could not confidently discover official domain for 티비
2026-07-21 03:12:05,899 INFO Searching terms: 티빙 이용약관
2026-07-21 03:12:06,596 ERROR Tavily search failed: 티빙 이용약관
Traceback (most recent call last):
  File "/smhrd2/FinePrint/jhc/search_tos_fineprint.py", line 562, in search_policy_documents
    response = client.search(
        query=query,
    ...<2 lines>...
        include_raw_content=False,
    )
  File "/smhrd2/FinePrint/msh/.venv/lib/python3.13/site-packages/tavily/tavily.py", line 261, in search
    response_dict = self._search(query,
                                 search_depth=search_depth,
    ...<16 lines>...
                                 exact_match=exact_match,
                                 **kwargs)
  File "/smhrd2/FinePrint/msh/.venv/lib/python3.13/site-packages/tavily/tavily.py", line 232, in _search
    self._handle_error_response(response)
    ~~~~~~~~~~~~~~~~~~~~~~~~~~~^^^^^^^^^^
  File "/smhrd2/FinePrint/msh/.venv/lib/python3.13/site-packages/tavily/tavily.py", line 137, in _handle_error_response
    raise ForbiddenError(detail)
tavily.errors.ForbiddenError: This request exceeds your plan's set usage limit. Please upgrade your plan or contact support@tavily.com
2026-07-21 03:12:06,598 INFO Searching terms: 티빙 서비스 약관
2026-07-21 03:12:06,857 ERROR Tavily search failed: 티빙 서비스 약관
Traceback (most recent call last):
  File "/smhrd2/FinePrint/jhc/search_tos_fineprint.py", line 562, in search_policy_documents
    response = client.search(
        query=query,
    ...<2 lines>...
        include_raw_content=False,
    )
  File "/smhrd2/FinePrint/msh/.venv/lib/python3.13/site-packages/tavily/tavily.py", line 261, in search
    response_dict = self._search(query,
                                 search_depth=search_depth,
    ...<16 lines>...
                                 exact_match=exact_match,
                                 **kwargs)
  File "/smhrd2/FinePrint/msh/.venv/lib/python3.13/site-packages/tavily/tavily.py", line 232, in _search
    self._handle_error_response(response)
    ~~~~~~~~~~~~~~~~~~~~~~~~~~~^^^^^^^^^^
  File "/smhrd2/FinePrint/msh/.venv/lib/python3.13/site-packages/tavily/tavily.py", line 137, in _handle_error_response
    raise ForbiddenError(detail)
tavily.errors.ForbiddenError: This request exceeds your plan's set usage limit. Please upgrade your plan or contact support@tavily.com
2026-07-21 03:12:06,858 INFO Searching terms: 티빙 terms of service
2026-07-21 03:12:07,291 ERROR Tavily search failed: 티빙 terms of service
Traceback (most recent call last):
  File "/smhrd2/FinePrint/jhc/search_tos_fineprint.py", line 562, in search_policy_documents
    response = client.search(
        query=query,
    ...<2 lines>...
        include_raw_content=False,
    )
  File "/smhrd2/FinePrint/msh/.venv/lib/python3.13/site-packages/tavily/tavily.py", line 261, in search
    response_dict = self._search(query,
                                 search_depth=search_depth,
    ...<16 lines>...
                                 exact_match=exact_match,
                                 **kwargs)
  File "/smhrd2/FinePrint/msh/.venv/lib/python3.13/site-packages/tavily/tavily.py", line 232, in _search
    self._handle_error_response(response)
    ~~~~~~~~~~~~~~~~~~~~~~~~~~~^^^^^^^^^^
  File "/smhrd2/FinePrint/msh/.venv/lib/python3.13/site-packages/tavily/tavily.py", line 137, in _handle_error_response
    raise ForbiddenError(detail)
tavily.errors.ForbiddenError: This request exceeds your plan's set usage limit. Please upgrade your plan or contact support@tavily.com
2026-07-21 03:12:07,292 INFO Searching privacy: 티빙 개인정보 처리방침
2026-07-21 03:12:07,537 ERROR Tavily search failed: 티빙 개인정보 처리방침
Traceback (most recent call last):
  File "/smhrd2/FinePrint/jhc/search_tos_fineprint.py", line 562, in search_policy_documents
    response = client.search(
        query=query,
    ...<2 lines>...
        include_raw_content=False,
    )
  File "/smhrd2/FinePrint/msh/.venv/lib/python3.13/site-packages/tavily/tavily.py", line 261, in search
    response_dict = self._search(query,
                                 search_depth=search_depth,
    ...<16 lines>...
                                 exact_match=exact_match,
                                 **kwargs)
  File "/smhrd2/FinePrint/msh/.venv/lib/python3.13/site-packages/tavily/tavily.py", line 232, in _search
    self._handle_error_response(response)
    ~~~~~~~~~~~~~~~~~~~~~~~~~~~^^^^^^^^^^
  File "/smhrd2/FinePrint/msh/.venv/lib/python3.13/site-packages/tavily/tavily.py", line 137, in _handle_error_response
    raise ForbiddenError(detail)
tavily.errors.ForbiddenError: This request exceeds your plan's set usage limit. Please upgrade your plan or contact support@tavily.com
2026-07-21 03:12:07,538 INFO Searching privacy: 티빙 privacy policy
2026-07-21 03:12:07,809 ERROR Tavily search failed: 티빙 privacy policy
Traceback (most recent call last):
  File "/smhrd2/FinePrint/jhc/search_tos_fineprint.py", line 562, in search_policy_documents
    response = client.search(
        query=query,
    ...<2 lines>...
        include_raw_content=False,
    )
  File "/smhrd2/FinePrint/msh/.venv/lib/python3.13/site-packages/tavily/tavily.py", line 261, in search
    response_dict = self._search(query,
                                 search_depth=search_depth,
    ...<16 lines>...
                                 exact_match=exact_match,
                                 **kwargs)
  File "/smhrd2/FinePrint/msh/.venv/lib/python3.13/site-packages/tavily/tavily.py", line 232, in _search
    self._handle_error_response(response)
    ~~~~~~~~~~~~~~~~~~~~~~~~~~~^^^^^^^^^^
  File "/smhrd2/FinePrint/msh/.venv/lib/python3.13/site-packages/tavily/tavily.py", line 137, in _handle_error_response
    raise ForbiddenError(detail)
tavily.errors.ForbiddenError: This request exceeds your plan's set usage limit. Please upgrade your plan or contact support@tavily.com
2026-07-21 03:12:07,810 INFO Searching refund_cancellation: 티빙 환불 해지 정책
2026-07-21 03:12:08,074 ERROR Tavily search failed: 티빙 환불 해지 정책
Traceback (most recent call last):
  File "/smhrd2/FinePrint/jhc/search_tos_fineprint.py", line 562, in search_policy_documents
    response = client.search(
        query=query,
    ...<2 lines>...
        include_raw_content=False,
    )
  File "/smhrd2/FinePrint/msh/.venv/lib/python3.13/site-packages/tavily/tavily.py", line 261, in search
    response_dict = self._search(query,
                                 search_depth=search_depth,
    ...<16 lines>...
                                 exact_match=exact_match,
                                 **kwargs)
  File "/smhrd2/FinePrint/msh/.venv/lib/python3.13/site-packages/tavily/tavily.py", line 232, in _search
    self._handle_error_response(response)
    ~~~~~~~~~~~~~~~~~~~~~~~~~~~^^^^^^^^^^
  File "/smhrd2/FinePrint/msh/.venv/lib/python3.13/site-packages/tavily/tavily.py", line 137, in _handle_error_response
    raise ForbiddenError(detail)
tavily.errors.ForbiddenError: This request exceeds your plan's set usage limit. Please upgrade your plan or contact support@tavily.com
2026-07-21 03:12:08,076 INFO Searching refund_cancellation: 티빙 환불정책 이용 해지
2026-07-21 03:12:08,371 ERROR Tavily search failed: 티빙 환불정책 이용 해지
Traceback (most recent call last):
  File "/smhrd2/FinePrint/jhc/search_tos_fineprint.py", line 562, in search_policy_documents
    response = client.search(
        query=query,
    ...<2 lines>...
        include_raw_content=False,
    )
  File "/smhrd2/FinePrint/msh/.venv/lib/python3.13/site-packages/tavily/tavily.py", line 261, in search
    response_dict = self._search(query,
                                 search_depth=search_depth,
    ...<16 lines>...
                                 exact_match=exact_match,
                                 **kwargs)
  File "/smhrd2/FinePrint/msh/.venv/lib/python3.13/site-packages/tavily/tavily.py", line 232, in _search
    self._handle_error_response(response)
    ~~~~~~~~~~~~~~~~~~~~~~~~~~~^^^^^^^^^^
  File "/smhrd2/FinePrint/msh/.venv/lib/python3.13/site-packages/tavily/tavily.py", line 137, in _handle_error_response
    raise ForbiddenError(detail)
tavily.errors.ForbiddenError: This request exceeds your plan's set usage limit. Please upgrade your plan or contact support@tavily.com
2026-07-21 03:12:08,372 INFO Searching refund_cancellation: 티빙 refund cancellation policy
2026-07-21 03:12:08,645 ERROR Tavily search failed: 티빙 refund cancellation policy
Traceback (most recent call last):
  File "/smhrd2/FinePrint/jhc/search_tos_fineprint.py", line 562, in search_policy_documents
    response = client.search(
        query=query,
    ...<2 lines>...
        include_raw_content=False,
    )
  File "/smhrd2/FinePrint/msh/.venv/lib/python3.13/site-packages/tavily/tavily.py", line 261, in search
    response_dict = self._search(query,
                                 search_depth=search_depth,
    ...<16 lines>...
                                 exact_match=exact_match,
                                 **kwargs)
  File "/smhrd2/FinePrint/msh/.venv/lib/python3.13/site-packages/tavily/tavily.py", line 232, in _search
    self._handle_error_response(response)
    ~~~~~~~~~~~~~~~~~~~~~~~~~~~^^^^^^^^^^
  File "/smhrd2/FinePrint/msh/.venv/lib/python3.13/site-packages/tavily/tavily.py", line 137, in _handle_error_response
    raise ForbiddenError(detail)
tavily.errors.ForbiddenError: This request exceeds your plan's set usage limit. Please upgrade your plan or contact support@tavily.com
2026-07-21 03:12:08,646 INFO Searching billing_autorenewal: 티빙 자동결제 정기결제 정책
2026-07-21 03:12:08,920 ERROR Tavily search failed: 티빙 자동결제 정기결제 정책
Traceback (most recent call last):
  File "/smhrd2/FinePrint/jhc/search_tos_fineprint.py", line 562, in search_policy_documents
    response = client.search(
        query=query,
    ...<2 lines>...
        include_raw_content=False,
    )
  File "/smhrd2/FinePrint/msh/.venv/lib/python3.13/site-packages/tavily/tavily.py", line 261, in search
    response_dict = self._search(query,
                                 search_depth=search_depth,
    ...<16 lines>...
                                 exact_match=exact_match,
                                 **kwargs)
  File "/smhrd2/FinePrint/msh/.venv/lib/python3.13/site-packages/tavily/tavily.py", line 232, in _search
    self._handle_error_response(response)
    ~~~~~~~~~~~~~~~~~~~~~~~~~~~^^^^^^^^^^
  File "/smhrd2/FinePrint/msh/.venv/lib/python3.13/site-packages/tavily/tavily.py", line 137, in _handle_error_response
    raise ForbiddenError(detail)
tavily.errors.ForbiddenError: This request exceeds your plan's set usage limit. Please upgrade your plan or contact support@tavily.com
2026-07-21 03:12:08,921 INFO Searching billing_autorenewal: 티빙 결제 갱신 해지
2026-07-21 03:12:09,184 ERROR Tavily search failed: 티빙 결제 갱신 해지
Traceback (most recent call last):
  File "/smhrd2/FinePrint/jhc/search_tos_fineprint.py", line 562, in search_policy_documents
    response = client.search(
        query=query,
    ...<2 lines>...
        include_raw_content=False,
    )
  File "/smhrd2/FinePrint/msh/.venv/lib/python3.13/site-packages/tavily/tavily.py", line 261, in search
    response_dict = self._search(query,
                                 search_depth=search_depth,
    ...<16 lines>...
                                 exact_match=exact_match,
                                 **kwargs)
  File "/smhrd2/FinePrint/msh/.venv/lib/python3.13/site-packages/tavily/tavily.py", line 232, in _search
    self._handle_error_response(response)
    ~~~~~~~~~~~~~~~~~~~~~~~~~~~^^^^^^^^^^
  File "/smhrd2/FinePrint/msh/.venv/lib/python3.13/site-packages/tavily/tavily.py", line 137, in _handle_error_response
    raise ForbiddenError(detail)
tavily.errors.ForbiddenError: This request exceeds your plan's set usage limit. Please upgrade your plan or contact support@tavily.com
2026-07-21 03:12:09,185 INFO Searching billing_autorenewal: 티빙 billing auto renewal policy
2026-07-21 03:12:09,458 ERROR Tavily search failed: 티빙 billing auto renewal policy
Traceback (most recent call last):
  File "/smhrd2/FinePrint/jhc/search_tos_fineprint.py", line 562, in search_policy_documents
    response = client.search(
        query=query,
    ...<2 lines>...
        include_raw_content=False,
    )
  File "/smhrd2/FinePrint/msh/.venv/lib/python3.13/site-packages/tavily/tavily.py", line 261, in search
    response_dict = self._search(query,
                                 search_depth=search_depth,
    ...<16 lines>...
                                 exact_match=exact_match,
                                 **kwargs)
  File "/smhrd2/FinePrint/msh/.venv/lib/python3.13/site-packages/tavily/tavily.py", line 232, in _search
    self._handle_error_response(response)
    ~~~~~~~~~~~~~~~~~~~~~~~~~~~^^^^^^^^^^
  File "/smhrd2/FinePrint/msh/.venv/lib/python3.13/site-packages/tavily/tavily.py", line 137, in _handle_error_response
    raise ForbiddenError(detail)
tavily.errors.ForbiddenError: This request exceeds your plan's set usage limit. Please upgrade your plan or contact support@tavily.com
2026-07-21 03:12:09,458 INFO Searching platform_refund: 티빙 앱스토어 환불
2026-07-21 03:12:09,727 ERROR Tavily search failed: 티빙 앱스토어 환불
Traceback (most recent call last):
  File "/smhrd2/FinePrint/jhc/search_tos_fineprint.py", line 562, in search_policy_documents
    response = client.search(
        query=query,
    ...<2 lines>...
        include_raw_content=False,
    )
  File "/smhrd2/FinePrint/msh/.venv/lib/python3.13/site-packages/tavily/tavily.py", line 261, in search
    response_dict = self._search(query,
                                 search_depth=search_depth,
    ...<16 lines>...
                                 exact_match=exact_match,
                                 **kwargs)
  File "/smhrd2/FinePrint/msh/.venv/lib/python3.13/site-packages/tavily/tavily.py", line 232, in _search
    self._handle_error_response(response)
    ~~~~~~~~~~~~~~~~~~~~~~~~~~~^^^^^^^^^^
  File "/smhrd2/FinePrint/msh/.venv/lib/python3.13/site-packages/tavily/tavily.py", line 137, in _handle_error_response
    raise ForbiddenError(detail)
tavily.errors.ForbiddenError: This request exceeds your plan's set usage limit. Please upgrade your plan or contact support@tavily.com
2026-07-21 03:12:09,728 INFO Searching platform_refund: 티빙 구글플레이 환불
2026-07-21 03:12:10,010 ERROR Tavily search failed: 티빙 구글플레이 환불
Traceback (most recent call last):
  File "/smhrd2/FinePrint/jhc/search_tos_fineprint.py", line 562, in search_policy_documents
    response = client.search(
        query=query,
    ...<2 lines>...
        include_raw_content=False,
    )
  File "/smhrd2/FinePrint/msh/.venv/lib/python3.13/site-packages/tavily/tavily.py", line 261, in search
    response_dict = self._search(query,
                                 search_depth=search_depth,
    ...<16 lines>...
                                 exact_match=exact_match,
                                 **kwargs)
  File "/smhrd2/FinePrint/msh/.venv/lib/python3.13/site-packages/tavily/tavily.py", line 232, in _search
    self._handle_error_response(response)
    ~~~~~~~~~~~~~~~~~~~~~~~~~~~^^^^^^^^^^
  File "/smhrd2/FinePrint/msh/.venv/lib/python3.13/site-packages/tavily/tavily.py", line 137, in _handle_error_response
    raise ForbiddenError(detail)
tavily.errors.ForbiddenError: This request exceeds your plan's set usage limit. Please upgrade your plan or contact support@tavily.com
2026-07-21 03:12:10,011 INFO Searching platform_refund: 티빙 App Store Google Play refund
2026-07-21 03:12:10,374 ERROR Tavily search failed: 티빙 App Store Google Play refund
Traceback (most recent call last):
  File "/smhrd2/FinePrint/jhc/search_tos_fineprint.py", line 562, in search_policy_documents
    response = client.search(
        query=query,
    ...<2 lines>...
        include_raw_content=False,
    )
  File "/smhrd2/FinePrint/msh/.venv/lib/python3.13/site-packages/tavily/tavily.py", line 261, in search
    response_dict = self._search(query,
                                 search_depth=search_depth,
    ...<16 lines>...
                                 exact_match=exact_match,
                                 **kwargs)
  File "/smhrd2/FinePrint/msh/.venv/lib/python3.13/site-packages/tavily/tavily.py", line 232, in _search
    self._handle_error_response(response)
    ~~~~~~~~~~~~~~~~~~~~~~~~~~~^^^^^^^^^^
  File "/smhrd2/FinePrint/msh/.venv/lib/python3.13/site-packages/tavily/tavily.py", line 137, in _handle_error_response
    raise ForbiddenError(detail)
tavily.errors.ForbiddenError: This request exceeds your plan's set usage limit. Please upgrade your plan or contact support@tavily.com
2026-07-21 03:18:40,987 ERROR Official-domain discovery failed: 코웨이 공식 홈페이지
Traceback (most recent call last):
  File "/smhrd2/FinePrint/jhc/search_tos_fineprint.py", line 341, in discover_official_domains
    results = client.search(
              ~~~~~~~~~~~~~^
        query=query,
        ^^^^^^^^^^^^
    ...<2 lines>...
        include_raw_content=False,
        ^^^^^^^^^^^^^^^^^^^^^^^^^^
    ).get("results", [])
    ^
  File "/root/miniconda3/envs/fineprint311/lib/python3.13/site-packages/tavily/tavily.py", line 261, in search
    response_dict = self._search(query,
                                 search_depth=search_depth,
    ...<16 lines>...
                                 exact_match=exact_match,
                                 **kwargs)
  File "/root/miniconda3/envs/fineprint311/lib/python3.13/site-packages/tavily/tavily.py", line 232, in _search
    self._handle_error_response(response)
    ~~~~~~~~~~~~~~~~~~~~~~~~~~~^^^^^^^^^^
  File "/root/miniconda3/envs/fineprint311/lib/python3.13/site-packages/tavily/tavily.py", line 137, in _handle_error_response
    raise ForbiddenError(detail)
tavily.errors.ForbiddenError: This request exceeds your plan's set usage limit. Please upgrade your plan or contact support@tavily.com
2026-07-21 03:18:41,235 ERROR Official-domain discovery failed: 코웨이 official site
Traceback (most recent call last):
  File "/smhrd2/FinePrint/jhc/search_tos_fineprint.py", line 341, in discover_official_domains
    results = client.search(
              ~~~~~~~~~~~~~^
        query=query,
        ^^^^^^^^^^^^
    ...<2 lines>...
        include_raw_content=False,
        ^^^^^^^^^^^^^^^^^^^^^^^^^^
    ).get("results", [])
    ^
  File "/root/miniconda3/envs/fineprint311/lib/python3.13/site-packages/tavily/tavily.py", line 261, in search
    response_dict = self._search(query,
                                 search_depth=search_depth,
    ...<16 lines>...
                                 exact_match=exact_match,
                                 **kwargs)
  File "/root/miniconda3/envs/fineprint311/lib/python3.13/site-packages/tavily/tavily.py", line 232, in _search
    self._handle_error_response(response)
    ~~~~~~~~~~~~~~~~~~~~~~~~~~~^^^^^^^^^^
  File "/root/miniconda3/envs/fineprint311/lib/python3.13/site-packages/tavily/tavily.py", line 137, in _handle_error_response
    raise ForbiddenError(detail)
tavily.errors.ForbiddenError: This request exceeds your plan's set usage limit. Please upgrade your plan or contact support@tavily.com
2026-07-21 03:18:41,236 WARNING Could not confidently discover official domain for 코웨이
2026-07-21 03:19:17,577 ERROR Alternate terms search failed: site:coway.com 이용약관 OR terms of use OR subscriber agreement
Traceback (most recent call last):
  File "/smhrd2/FinePrint/jhc/search_tos_fineprint.py", line 613, in search_alternate_terms_candidates
    results = client.search(
              ~~~~~~~~~~~~~^
        query=query,
        ^^^^^^^^^^^^
    ...<2 lines>...
        include_raw_content=False,
        ^^^^^^^^^^^^^^^^^^^^^^^^^^
    ).get("results", [])
    ^
  File "/root/miniconda3/envs/fineprint311/lib/python3.13/site-packages/tavily/tavily.py", line 261, in search
    response_dict = self._search(query,
                                 search_depth=search_depth,
    ...<16 lines>...
                                 exact_match=exact_match,
                                 **kwargs)
  File "/root/miniconda3/envs/fineprint311/lib/python3.13/site-packages/tavily/tavily.py", line 232, in _search
    self._handle_error_response(response)
    ~~~~~~~~~~~~~~~~~~~~~~~~~~~^^^^^^^^^^
  File "/root/miniconda3/envs/fineprint311/lib/python3.13/site-packages/tavily/tavily.py", line 137, in _handle_error_response
    raise ForbiddenError(detail)
tavily.errors.ForbiddenError: This request exceeds your plan's set usage limit. Please upgrade your plan or contact support@tavily.com
2026-07-21 03:22:15,082 ERROR Official-domain discovery failed: coway membership 공식 홈페이지
Traceback (most recent call last):
  File "/smhrd2/FinePrint/jhc/search_tos_fineprint.py", line 341, in discover_official_domains
    results = client.search(
              ~~~~~~~~~~~~~^
        query=query,
        ^^^^^^^^^^^^
    ...<2 lines>...
        include_raw_content=False,
        ^^^^^^^^^^^^^^^^^^^^^^^^^^
    ).get("results", [])
    ^
  File "/root/miniconda3/envs/fineprint311/lib/python3.13/site-packages/tavily/tavily.py", line 261, in search
    response_dict = self._search(query,
                                 search_depth=search_depth,
    ...<16 lines>...
                                 exact_match=exact_match,
                                 **kwargs)
  File "/root/miniconda3/envs/fineprint311/lib/python3.13/site-packages/tavily/tavily.py", line 232, in _search
    self._handle_error_response(response)
    ~~~~~~~~~~~~~~~~~~~~~~~~~~~^^^^^^^^^^
  File "/root/miniconda3/envs/fineprint311/lib/python3.13/site-packages/tavily/tavily.py", line 137, in _handle_error_response
    raise ForbiddenError(detail)
tavily.errors.ForbiddenError: This request exceeds your plan's set usage limit. Please upgrade your plan or contact support@tavily.com
2026-07-21 03:22:15,312 ERROR Official-domain discovery failed: coway membership official site
Traceback (most recent call last):
  File "/smhrd2/FinePrint/jhc/search_tos_fineprint.py", line 341, in discover_official_domains
    results = client.search(
              ~~~~~~~~~~~~~^
        query=query,
        ^^^^^^^^^^^^
    ...<2 lines>...
        include_raw_content=False,
        ^^^^^^^^^^^^^^^^^^^^^^^^^^
    ).get("results", [])
    ^
  File "/root/miniconda3/envs/fineprint311/lib/python3.13/site-packages/tavily/tavily.py", line 261, in search
    response_dict = self._search(query,
                                 search_depth=search_depth,
    ...<16 lines>...
                                 exact_match=exact_match,
                                 **kwargs)
  File "/root/miniconda3/envs/fineprint311/lib/python3.13/site-packages/tavily/tavily.py", line 232, in _search
    self._handle_error_response(response)
    ~~~~~~~~~~~~~~~~~~~~~~~~~~~^^^^^^^^^^
  File "/root/miniconda3/envs/fineprint311/lib/python3.13/site-packages/tavily/tavily.py", line 137, in _handle_error_response
    raise ForbiddenError(detail)
tavily.errors.ForbiddenError: This request exceeds your plan's set usage limit. Please upgrade your plan or contact support@tavily.com
2026-07-21 03:22:15,313 WARNING Could not confidently discover official domain for coway membership
2026-07-21 03:22:21,250 ERROR Official-domain discovery failed: cocoway 공식 홈페이지
Traceback (most recent call last):
  File "/smhrd2/FinePrint/jhc/search_tos_fineprint.py", line 341, in discover_official_domains
    results = client.search(
              ~~~~~~~~~~~~~^
        query=query,
        ^^^^^^^^^^^^
    ...<2 lines>...
        include_raw_content=False,
        ^^^^^^^^^^^^^^^^^^^^^^^^^^
    ).get("results", [])
    ^
  File "/root/miniconda3/envs/fineprint311/lib/python3.13/site-packages/tavily/tavily.py", line 261, in search
    response_dict = self._search(query,
                                 search_depth=search_depth,
    ...<16 lines>...
                                 exact_match=exact_match,
                                 **kwargs)
  File "/root/miniconda3/envs/fineprint311/lib/python3.13/site-packages/tavily/tavily.py", line 232, in _search
    self._handle_error_response(response)
    ~~~~~~~~~~~~~~~~~~~~~~~~~~~^^^^^^^^^^
  File "/root/miniconda3/envs/fineprint311/lib/python3.13/site-packages/tavily/tavily.py", line 137, in _handle_error_response
    raise ForbiddenError(detail)
tavily.errors.ForbiddenError: This request exceeds your plan's set usage limit. Please upgrade your plan or contact support@tavily.com
2026-07-21 03:22:21,489 ERROR Official-domain discovery failed: cocoway official site
Traceback (most recent call last):
  File "/smhrd2/FinePrint/jhc/search_tos_fineprint.py", line 341, in discover_official_domains
    results = client.search(
              ~~~~~~~~~~~~~^
        query=query,
        ^^^^^^^^^^^^
    ...<2 lines>...
        include_raw_content=False,
        ^^^^^^^^^^^^^^^^^^^^^^^^^^
    ).get("results", [])
    ^
  File "/root/miniconda3/envs/fineprint311/lib/python3.13/site-packages/tavily/tavily.py", line 261, in search
    response_dict = self._search(query,
                                 search_depth=search_depth,
    ...<16 lines>...
                                 exact_match=exact_match,
                                 **kwargs)
  File "/root/miniconda3/envs/fineprint311/lib/python3.13/site-packages/tavily/tavily.py", line 232, in _search
    self._handle_error_response(response)
    ~~~~~~~~~~~~~~~~~~~~~~~~~~~^^^^^^^^^^
  File "/root/miniconda3/envs/fineprint311/lib/python3.13/site-packages/tavily/tavily.py", line 137, in _handle_error_response
    raise ForbiddenError(detail)
tavily.errors.ForbiddenError: This request exceeds your plan's set usage limit. Please upgrade your plan or contact support@tavily.com
2026-07-21 03:22:21,490 WARNING Could not confidently discover official domain for cocoway
2026-07-21 03:28:34,496 INFO Discovered official domain for 카카오톡: kakao.com (61)
2026-07-21 03:28:34,496 INFO Searching privacy: 카카오톡 개인정보 처리방침
2026-07-21 03:28:39,378 INFO Skipping non-official search result: https://www.kakaocorp.com/etc/privacypolicy
2026-07-21 03:28:39,381 INFO Skipping non-official search result: https://tilnote.io/pages/69783670d9c8b2d35783eaf9
2026-07-21 03:28:39,475 INFO Skipping non-official search result: https://www.khan.co.kr/article/202512211730001
2026-07-21 03:28:39,499 INFO Skipping non-official search result: https://namu.wiki/w/%EC%B9%B4%EC%B9%B4%EC%98%A4(%EA%B8%B0%EC%97%85)/%EB%B9%84%ED%8C%90%20%EB%B0%8F%20%EB%85%BC%EB%9E%80/%EA%B0%9C%EC%9D%B8%EC%A0%95%EB%B3%B4%20%EC%9C%A0%EC%B6%9C%20%EB%85%BC%EB%9E%80
2026-07-21 03:28:39,537 INFO Skipping blacklisted search result: https://blog.naver.com/suji2573/224176086656
2026-07-21 03:28:39,537 INFO Skipping blacklisted search result: https://blog.naver.com/yjg01212/224172453258?viewType=pc
2026-07-21 03:28:39,589 INFO Searching privacy: 카카오톡 privacy policy
2026-07-21 03:28:43,398 INFO Skipping non-official search result: https://play.google.com/store/apps/details?id=com.kakao.talk&hl=ko
2026-07-21 03:28:43,398 INFO Skipping non-official search result: https://namu.wiki/w/%EC%B9%B4%EC%B9%B4%EC%98%A4
2026-07-21 03:28:43,427 INFO Skipping non-official search result: https://namu.wiki/w/%EC%B9%B4%EC%B9%B4%EC%98%A4(%EA%B8%B0%EC%97%85)
2026-07-21 03:28:43,444 INFO Skipping non-official search result: https://lamresearch.eightfold.ai/events/candidate/landing?plannedEventId=Gba8ERojv
2026-07-21 03:28:43,456 INFO Skipping non-official search result: https://www.kakaocorp.com/page
2026-07-21 03:28:43,456 INFO Skipping non-official search result: https://app.eightfold.ai/events/candidate?plannedEventId=Yq19paVBM
2026-07-21 03:28:44,293 WARNING discarding data: None
2026-07-21 03:28:47,241 INFO Policy evidence is weak; skipping https://pf.kakao.com
2026-07-21 03:28:47,810 INFO Policy evidence is weak; skipping https://page.kakao.com
2026-07-21 03:32:41,035 INFO Discovered official domain for 카카오톡: kakao.com (61)
2026-07-21 03:32:41,035 INFO Searching privacy: 카카오톡 개인정보 처리방침
2026-07-21 03:32:41,269 INFO Skipping non-official search result: https://www.kakaocorp.com/etc/privacypolicy
2026-07-21 03:32:41,270 INFO Skipping non-official search result: https://tilnote.io/pages/69783670d9c8b2d35783eaf9
2026-07-21 03:32:41,290 INFO Skipping non-official search result: https://www.khan.co.kr/article/202512211730001
2026-07-21 03:32:41,301 INFO Skipping non-official search result: https://namu.wiki/w/%EC%B9%B4%EC%B9%B4%EC%98%A4(%EA%B8%B0%EC%97%85)/%EB%B9%84%ED%8C%90%20%EB%B0%8F%20%EB%85%BC%EB%9E%80/%EA%B0%9C%EC%9D%B8%EC%A0%95%EB%B3%B4%20%EC%9C%A0%EC%B6%9C%20%EB%85%BC%EB%9E%80
2026-07-21 03:32:41,317 INFO Skipping blacklisted search result: https://blog.naver.com/suji2573/224176086656
2026-07-21 03:32:41,330 INFO Skipping blacklisted search result: https://blog.naver.com/yjg01212/224172453258?viewType=pc
2026-07-21 03:32:41,339 INFO Searching privacy: 카카오톡 개인정보처리방침
2026-07-21 03:32:46,759 INFO Skipping non-official search result: https://t1.kakaocdn.net/gamepub/policy/personal.html
2026-07-21 03:32:46,759 INFO Skipping non-official search result: https://www.kakaocorp.com/etc/privacypolicy
2026-07-21 03:32:46,759 INFO Skipping non-official search result: https://play.google.com/store/apps/details?id=com.kakao.talk&hl=ko
2026-07-21 03:32:46,776 INFO Skipping non-official search result: https://tilnote.io/pages/69783670d9c8b2d35783eaf9
2026-07-21 03:32:46,776 INFO Searching privacy: 카카오톡 개인정보 보호정책
2026-07-21 03:32:50,531 INFO Skipping non-official search result: https://t1.kakaocdn.net/talksafety/file/policy/%EC%B9%B4%EC%B9%B4%EC%98%A4%ED%86%A1_%EC%9A%B4%EC%98%81%EC%A0%95%EC%B1%85_20250616.pdf
2026-07-21 03:32:50,532 INFO Skipping non-official search result: https://tilnote.io/pages/69783670d9c8b2d35783eaf9
2026-07-21 03:32:50,559 INFO Skipping blacklisted search result: https://m.blog.naver.com/dduksaboo/224171702510
2026-07-21 03:32:50,559 INFO Skipping non-official search result: https://www.khan.co.kr/article/202512211730001
2026-07-21 03:32:50,576 INFO Searching privacy: 카카오톡 개인정보보호정책
2026-07-21 03:32:54,865 INFO Skipping non-official search result: https://t1.kakaocdn.net/gamepub/policy/personal.html
2026-07-21 03:32:54,865 INFO Skipping non-official search result: https://tilnote.io/pages/69783670d9c8b2d35783eaf9
2026-07-21 03:32:54,865 INFO Skipping blacklisted search result: https://m.blog.naver.com/dduksaboo/224171702510
2026-07-21 03:32:54,902 INFO Skipping non-official search result: https://www.khan.co.kr/article/202512211730001
2026-07-21 03:32:54,902 INFO Skipping non-official search result: https://namu.wiki/w/%EC%B9%B4%EC%B9%B4%EC%98%A4%ED%86%A1
2026-07-21 03:32:54,919 INFO Skipping non-official search result: https://m.namu.moe/w/%EC%B9%B4%EC%B9%B4%EC%98%A4%ED%86%A1
2026-07-21 03:32:54,936 INFO Skipping non-official search result: https://www.nepla.ai/wiki/it-%EC%A0%95%EB%B3%B4-%EB%B0%A9%EC%86%A1%ED%86%B5%EC%8B%A0/%EA%B0%9C%EC%9D%B8%EC%A0%95%EB%B3%B4-%EC%9C%84%EC%B9%98%EC%A0%95%EB%B3%B4-%EC%8B%A0%EC%9A%A9%EC%A0%95%EB%B3%B4/%EA%B0%9C%EC%9D%B8%EC%A0%95%EB%B3%B4%EC%97%90-%ED%95%B4%EB%8B%B9%ED%95%98%EB%8A%94%EC%A7%80-%EC%97%AC%EB%B6%80%EA%B0%80-%EB%AC%B8%EC%A0%9C%EB%90%98%EB%8A%94-%EC%82%AC%EB%A1%80-%EB%AA%A8%EC%9D%8C/-%EC%9D%BC%EB%AC%B8%EC%9D%BC%EB%8B%B5-%EC%B9%B4%EC%B9%B4%EC%98%A4%ED%86%A1-%EB%8C%80%ED%99%94-%EB%93%B1-%EC%B1%84%ED%8C%85-%EB%82%B4%EC%9A%A9%EC%9D%80-%EA%B0%9C%EC%9D%B8%EC%A0%95%EB%B3%B4%EC%9D%B8%EA%B0%80-g6w932yv8ojp
2026-07-21 03:32:54,953 INFO Searching privacy: 카카오톡 privacy policy
2026-07-21 03:32:55,174 INFO Skipping non-official search result: https://play.google.com/store/apps/details?id=com.kakao.talk&hl=ko
2026-07-21 03:32:55,174 INFO Skipping non-official search result: https://namu.wiki/w/%EC%B9%B4%EC%B9%B4%EC%98%A4
2026-07-21 03:32:55,174 INFO Skipping non-official search result: https://namu.wiki/w/%EC%B9%B4%EC%B9%B4%EC%98%A4(%EA%B8%B0%EC%97%85)
2026-07-21 03:32:55,179 INFO Skipping non-official search result: https://lamresearch.eightfold.ai/events/candidate/landing?plannedEventId=Gba8ERojv
2026-07-21 03:32:55,193 INFO Skipping non-official search result: https://www.kakaocorp.com/page
2026-07-21 03:32:55,193 INFO Skipping non-official search result: https://app.eightfold.ai/events/candidate?plannedEventId=Yq19paVBM
2026-07-21 03:32:55,210 INFO Searching privacy: 카카오톡 privacy notice
2026-07-21 03:32:59,476 INFO Skipping non-official search result: https://www.kakaocorp.com/etc/privacypolicy?version=3.7&lang=en
2026-07-21 03:32:59,476 INFO Skipping non-official search result: https://www.kakaocorp.com/policy/privacyPolicy/corporateSitePrivacyPolicy?lang=en
2026-07-21 03:32:59,476 INFO Skipping non-official search result: https://t1.kakaocdn.net/gamepub/policy/personal.html
2026-07-21 03:32:59,502 INFO Skipping non-official search result: https://policy.dktechin.com/privacy-policy/kakaowork
2026-07-21 03:32:59,502 INFO Skipping non-official search result: https://m.namu.moe/w/%EC%B9%B4%EC%B9%B4%EC%98%A4%ED%86%A1
2026-07-21 03:32:59,580 INFO Skipping non-official search result: https://noplasticsunday.com/article/notice/1/206
2026-07-21 03:32:59,943 INFO Skipping news-like content: https://www.kakao.com/policy/privacy
2026-07-21 03:33:00,146 INFO Skipping news-like content: https://www.kakao.com/policy/privacy?lang=ko
2026-07-21 03:33:04,760 WARNING discarding data: None
2026-07-21 03:33:07,935 INFO Policy evidence is weak; skipping https://pf.kakao.com
2026-07-21 03:33:08,625 INFO Policy evidence is weak; skipping https://page.kakao.com
2026-07-21 03:34:49,731 ERROR Terms verification search failed: "코웨이" 이용약관
Traceback (most recent call last):
  File "/smhrd2/FinePrint/jhc/search_tos_fineprint.py", line 932, in search_verified_terms_candidates
    results = client.search(
              ~~~~~~~~~~~~~^
        query=query,
        ^^^^^^^^^^^^
    ...<2 lines>...
        include_raw_content=False,
        ^^^^^^^^^^^^^^^^^^^^^^^^^^
    ).get("results", [])
    ^
  File "/root/miniconda3/envs/fineprint311/lib/python3.13/site-packages/tavily/tavily.py", line 261, in search
    response_dict = self._search(query,
                                 search_depth=search_depth,
    ...<16 lines>...
                                 exact_match=exact_match,
                                 **kwargs)
  File "/root/miniconda3/envs/fineprint311/lib/python3.13/site-packages/tavily/tavily.py", line 232, in _search
    self._handle_error_response(response)
    ~~~~~~~~~~~~~~~~~~~~~~~~~~~^^^^^^^^^^
  File "/root/miniconda3/envs/fineprint311/lib/python3.13/site-packages/tavily/tavily.py", line 137, in _handle_error_response
    raise ForbiddenError(detail)
tavily.errors.ForbiddenError: This request exceeds your plan's set usage limit. Please upgrade your plan or contact support@tavily.com
2026-07-21 03:34:49,980 ERROR Terms verification search failed: "코웨이" 공식 이용약관
Traceback (most recent call last):
  File "/smhrd2/FinePrint/jhc/search_tos_fineprint.py", line 932, in search_verified_terms_candidates
    results = client.search(
              ~~~~~~~~~~~~~^
        query=query,
        ^^^^^^^^^^^^
    ...<2 lines>...
        include_raw_content=False,
        ^^^^^^^^^^^^^^^^^^^^^^^^^^
    ).get("results", [])
    ^
  File "/root/miniconda3/envs/fineprint311/lib/python3.13/site-packages/tavily/tavily.py", line 261, in search
    response_dict = self._search(query,
                                 search_depth=search_depth,
    ...<16 lines>...
                                 exact_match=exact_match,
                                 **kwargs)
  File "/root/miniconda3/envs/fineprint311/lib/python3.13/site-packages/tavily/tavily.py", line 232, in _search
    self._handle_error_response(response)
    ~~~~~~~~~~~~~~~~~~~~~~~~~~~^^^^^^^^^^
  File "/root/miniconda3/envs/fineprint311/lib/python3.13/site-packages/tavily/tavily.py", line 137, in _handle_error_response
    raise ForbiddenError(detail)
tavily.errors.ForbiddenError: This request exceeds your plan's set usage limit. Please upgrade your plan or contact support@tavily.com
2026-07-21 03:34:50,212 ERROR Terms verification search failed: "코웨이" "terms of use"
Traceback (most recent call last):
  File "/smhrd2/FinePrint/jhc/search_tos_fineprint.py", line 932, in search_verified_terms_candidates
    results = client.search(
              ~~~~~~~~~~~~~^
        query=query,
        ^^^^^^^^^^^^
    ...<2 lines>...
        include_raw_content=False,
        ^^^^^^^^^^^^^^^^^^^^^^^^^^
    ).get("results", [])
    ^
  File "/root/miniconda3/envs/fineprint311/lib/python3.13/site-packages/tavily/tavily.py", line 261, in search
    response_dict = self._search(query,
                                 search_depth=search_depth,
    ...<16 lines>...
                                 exact_match=exact_match,
                                 **kwargs)
  File "/root/miniconda3/envs/fineprint311/lib/python3.13/site-packages/tavily/tavily.py", line 232, in _search
    self._handle_error_response(response)
    ~~~~~~~~~~~~~~~~~~~~~~~~~~~^^^^^^^^^^
  File "/root/miniconda3/envs/fineprint311/lib/python3.13/site-packages/tavily/tavily.py", line 137, in _handle_error_response
    raise ForbiddenError(detail)
tavily.errors.ForbiddenError: This request exceeds your plan's set usage limit. Please upgrade your plan or contact support@tavily.com
2026-07-21 03:34:50,446 ERROR Terms verification search failed: "코웨이" "terms of service"
Traceback (most recent call last):
  File "/smhrd2/FinePrint/jhc/search_tos_fineprint.py", line 932, in search_verified_terms_candidates
    results = client.search(
              ~~~~~~~~~~~~~^
        query=query,
        ^^^^^^^^^^^^
    ...<2 lines>...
        include_raw_content=False,
        ^^^^^^^^^^^^^^^^^^^^^^^^^^
    ).get("results", [])
    ^
  File "/root/miniconda3/envs/fineprint311/lib/python3.13/site-packages/tavily/tavily.py", line 261, in search
    response_dict = self._search(query,
                                 search_depth=search_depth,
    ...<16 lines>...
                                 exact_match=exact_match,
                                 **kwargs)
  File "/root/miniconda3/envs/fineprint311/lib/python3.13/site-packages/tavily/tavily.py", line 232, in _search
    self._handle_error_response(response)
    ~~~~~~~~~~~~~~~~~~~~~~~~~~~^^^^^^^^^^
  File "/root/miniconda3/envs/fineprint311/lib/python3.13/site-packages/tavily/tavily.py", line 137, in _handle_error_response
    raise ForbiddenError(detail)
tavily.errors.ForbiddenError: This request exceeds your plan's set usage limit. Please upgrade your plan or contact support@tavily.com
2026-07-21 03:34:50,447 WARNING All terms searches failed for 코웨이
2026-07-21 03:37:33,119 WARNING Could not confidently discover official domain for 카카오\udced
2026-07-21 03:41:59,818 ERROR Terms verification search failed: "넷플릭스" 이용약관
Traceback (most recent call last):
  File "/smhrd2/FinePrint/jhc/search_fineprint.py", line 942, in search_verified_policy_candidates
    results = client.search(
              ~~~~~~~~~~~~~^
        query=query,
        ^^^^^^^^^^^^
    ...<2 lines>...
        include_raw_content=False,
        ^^^^^^^^^^^^^^^^^^^^^^^^^^
    ).get("results", [])
    ^
  File "/root/miniconda3/envs/fineprint311/lib/python3.13/site-packages/tavily/tavily.py", line 261, in search
    response_dict = self._search(query,
                                 search_depth=search_depth,
    ...<16 lines>...
                                 exact_match=exact_match,
                                 **kwargs)
  File "/root/miniconda3/envs/fineprint311/lib/python3.13/site-packages/tavily/tavily.py", line 232, in _search
    self._handle_error_response(response)
    ~~~~~~~~~~~~~~~~~~~~~~~~~~~^^^^^^^^^^
  File "/root/miniconda3/envs/fineprint311/lib/python3.13/site-packages/tavily/tavily.py", line 137, in _handle_error_response
    raise ForbiddenError(detail)
tavily.errors.ForbiddenError: This request exceeds your plan's set usage limit. Please upgrade your plan or contact support@tavily.com
2026-07-21 03:42:00,116 ERROR Terms verification search failed: "넷플릭스" 공식 이용약관
Traceback (most recent call last):
  File "/smhrd2/FinePrint/jhc/search_fineprint.py", line 942, in search_verified_policy_candidates
    results = client.search(
              ~~~~~~~~~~~~~^
        query=query,
        ^^^^^^^^^^^^
    ...<2 lines>...
        include_raw_content=False,
        ^^^^^^^^^^^^^^^^^^^^^^^^^^
    ).get("results", [])
    ^
  File "/root/miniconda3/envs/fineprint311/lib/python3.13/site-packages/tavily/tavily.py", line 261, in search
    response_dict = self._search(query,
                                 search_depth=search_depth,
    ...<16 lines>...
                                 exact_match=exact_match,
                                 **kwargs)
  File "/root/miniconda3/envs/fineprint311/lib/python3.13/site-packages/tavily/tavily.py", line 232, in _search
    self._handle_error_response(response)
    ~~~~~~~~~~~~~~~~~~~~~~~~~~~^^^^^^^^^^
  File "/root/miniconda3/envs/fineprint311/lib/python3.13/site-packages/tavily/tavily.py", line 137, in _handle_error_response
    raise ForbiddenError(detail)
tavily.errors.ForbiddenError: This request exceeds your plan's set usage limit. Please upgrade your plan or contact support@tavily.com
2026-07-21 03:42:00,362 ERROR Terms verification search failed: "넷플릭스" "terms of use"
Traceback (most recent call last):
  File "/smhrd2/FinePrint/jhc/search_fineprint.py", line 942, in search_verified_policy_candidates
    results = client.search(
              ~~~~~~~~~~~~~^
        query=query,
        ^^^^^^^^^^^^
    ...<2 lines>...
        include_raw_content=False,
        ^^^^^^^^^^^^^^^^^^^^^^^^^^
    ).get("results", [])
    ^
  File "/root/miniconda3/envs/fineprint311/lib/python3.13/site-packages/tavily/tavily.py", line 261, in search
    response_dict = self._search(query,
                                 search_depth=search_depth,
    ...<16 lines>...
                                 exact_match=exact_match,
                                 **kwargs)
  File "/root/miniconda3/envs/fineprint311/lib/python3.13/site-packages/tavily/tavily.py", line 232, in _search
    self._handle_error_response(response)
    ~~~~~~~~~~~~~~~~~~~~~~~~~~~^^^^^^^^^^
  File "/root/miniconda3/envs/fineprint311/lib/python3.13/site-packages/tavily/tavily.py", line 137, in _handle_error_response
    raise ForbiddenError(detail)
tavily.errors.ForbiddenError: This request exceeds your plan's set usage limit. Please upgrade your plan or contact support@tavily.com
2026-07-21 03:42:00,624 ERROR Terms verification search failed: "넷플릭스" "terms of service"
Traceback (most recent call last):
  File "/smhrd2/FinePrint/jhc/search_fineprint.py", line 942, in search_verified_policy_candidates
    results = client.search(
              ~~~~~~~~~~~~~^
        query=query,
        ^^^^^^^^^^^^
    ...<2 lines>...
        include_raw_content=False,
        ^^^^^^^^^^^^^^^^^^^^^^^^^^
    ).get("results", [])
    ^
  File "/root/miniconda3/envs/fineprint311/lib/python3.13/site-packages/tavily/tavily.py", line 261, in search
    response_dict = self._search(query,
                                 search_depth=search_depth,
    ...<16 lines>...
                                 exact_match=exact_match,
                                 **kwargs)
  File "/root/miniconda3/envs/fineprint311/lib/python3.13/site-packages/tavily/tavily.py", line 232, in _search
    self._handle_error_response(response)
    ~~~~~~~~~~~~~~~~~~~~~~~~~~~^^^^^^^^^^
  File "/root/miniconda3/envs/fineprint311/lib/python3.13/site-packages/tavily/tavily.py", line 137, in _handle_error_response
    raise ForbiddenError(detail)
tavily.errors.ForbiddenError: This request exceeds your plan's set usage limit. Please upgrade your plan or contact support@tavily.com
2026-07-21 03:42:01,917 ERROR Terms verification search failed: "넷플릭스" 개인정보처리방침
Traceback (most recent call last):
  File "/smhrd2/FinePrint/jhc/search_fineprint.py", line 942, in search_verified_policy_candidates
    results = client.search(
              ~~~~~~~~~~~~~^
        query=query,
        ^^^^^^^^^^^^
    ...<2 lines>...
        include_raw_content=False,
        ^^^^^^^^^^^^^^^^^^^^^^^^^^
    ).get("results", [])
    ^
  File "/root/miniconda3/envs/fineprint311/lib/python3.13/site-packages/tavily/tavily.py", line 261, in search
    response_dict = self._search(query,
                                 search_depth=search_depth,
    ...<16 lines>...
                                 exact_match=exact_match,
                                 **kwargs)
  File "/root/miniconda3/envs/fineprint311/lib/python3.13/site-packages/tavily/tavily.py", line 232, in _search
    self._handle_error_response(response)
    ~~~~~~~~~~~~~~~~~~~~~~~~~~~^^^^^^^^^^
  File "/root/miniconda3/envs/fineprint311/lib/python3.13/site-packages/tavily/tavily.py", line 137, in _handle_error_response
    raise ForbiddenError(detail)
tavily.errors.ForbiddenError: This request exceeds your plan's set usage limit. Please upgrade your plan or contact support@tavily.com
2026-07-21 03:42:02,216 ERROR Terms verification search failed: "넷플릭스" 개인정보 보호정책
Traceback (most recent call last):
  File "/smhrd2/FinePrint/jhc/search_fineprint.py", line 942, in search_verified_policy_candidates
    results = client.search(
              ~~~~~~~~~~~~~^
        query=query,
        ^^^^^^^^^^^^
    ...<2 lines>...
        include_raw_content=False,
        ^^^^^^^^^^^^^^^^^^^^^^^^^^
    ).get("results", [])
    ^
  File "/root/miniconda3/envs/fineprint311/lib/python3.13/site-packages/tavily/tavily.py", line 261, in search
    response_dict = self._search(query,
                                 search_depth=search_depth,
    ...<16 lines>...
                                 exact_match=exact_match,
                                 **kwargs)
  File "/root/miniconda3/envs/fineprint311/lib/python3.13/site-packages/tavily/tavily.py", line 232, in _search
    self._handle_error_response(response)
    ~~~~~~~~~~~~~~~~~~~~~~~~~~~^^^^^^^^^^
  File "/root/miniconda3/envs/fineprint311/lib/python3.13/site-packages/tavily/tavily.py", line 137, in _handle_error_response
    raise ForbiddenError(detail)
tavily.errors.ForbiddenError: This request exceeds your plan's set usage limit. Please upgrade your plan or contact support@tavily.com
2026-07-21 03:42:02,516 ERROR Terms verification search failed: "넷플릭스" "privacy policy"
Traceback (most recent call last):
  File "/smhrd2/FinePrint/jhc/search_fineprint.py", line 942, in search_verified_policy_candidates
    results = client.search(
              ~~~~~~~~~~~~~^
        query=query,
        ^^^^^^^^^^^^
    ...<2 lines>...
        include_raw_content=False,
        ^^^^^^^^^^^^^^^^^^^^^^^^^^
    ).get("results", [])
    ^
  File "/root/miniconda3/envs/fineprint311/lib/python3.13/site-packages/tavily/tavily.py", line 261, in search
    response_dict = self._search(query,
                                 search_depth=search_depth,
    ...<16 lines>...
                                 exact_match=exact_match,
                                 **kwargs)
  File "/root/miniconda3/envs/fineprint311/lib/python3.13/site-packages/tavily/tavily.py", line 232, in _search
    self._handle_error_response(response)
    ~~~~~~~~~~~~~~~~~~~~~~~~~~~^^^^^^^^^^
  File "/root/miniconda3/envs/fineprint311/lib/python3.13/site-packages/tavily/tavily.py", line 137, in _handle_error_response
    raise ForbiddenError(detail)
tavily.errors.ForbiddenError: This request exceeds your plan's set usage limit. Please upgrade your plan or contact support@tavily.com
2026-07-21 03:42:02,518 WARNING All terms searches failed for 넷플릭스
2026-07-21 03:42:34,318 INFO Searching privacy: 티빙 개인정보 처리방침
2026-07-21 03:42:38,954 INFO Skipping non-official search result: https://www.ytn.co.kr/_cs/_ln_0103_202606230839583206_005.html
2026-07-21 03:42:38,955 INFO Skipping non-official search result: https://www.khan.co.kr/article/202606031039011
2026-07-21 03:42:38,955 INFO Skipping non-official search result: https://namu.wiki/w/TVING%20%EA%B0%9C%EC%9D%B8%EC%A0%95%EB%B3%B4%20%EC%9C%A0%EC%B6%9C%20%EC%82%AC%EA%B1%B4
2026-07-21 03:42:39,076 INFO Skipping blacklisted search result: https://m.blog.naver.com/notefactory-/224313829655
2026-07-21 03:42:39,076 INFO Skipping blacklisted search result: https://www.chosun.com/entertainments/broadcast/2026/06/03/GM3DAMRWGNRDKYLBHAYDKNZQGU
2026-07-21 03:42:39,076 INFO Skipping non-official search result: https://it.donga.com/109054
2026-07-21 03:42:39,122 INFO Skipping blacklisted search result: https://blog.naver.com/sooheenam/224304580561
2026-07-21 03:42:39,128 INFO Searching privacy: 티빙 개인정보처리방침
2026-07-21 03:42:41,937 INFO Skipping non-official search result: https://www.ytn.co.kr/_cs/_ln_0103_202606230839583206_005.html
2026-07-21 03:42:41,937 INFO Skipping non-official search result: https://www.khan.co.kr/article/202606031039011
2026-07-21 03:42:41,937 INFO Skipping non-official search result: https://namu.wiki/w/TVING%20%EA%B0%9C%EC%9D%B8%EC%A0%95%EB%B3%B4%20%EC%9C%A0%EC%B6%9C%20%EC%82%AC%EA%B1%B4
2026-07-21 03:42:42,065 INFO Skipping blacklisted search result: https://m.blog.naver.com/notefactory-/224313829655
2026-07-21 03:42:42,065 INFO Skipping blacklisted search result: https://www.chosun.com/entertainments/broadcast/2026/06/03/GM3DAMRWGNRDKYLBHAYDKNZQGU
2026-07-21 03:42:42,095 INFO Skipping non-official search result: https://www.diarypoint.com/news/articleView.html?idxno=4394
2026-07-21 03:42:42,095 INFO Skipping non-official search result: https://it.donga.com/109054
2026-07-21 03:42:42,095 INFO Skipping non-official search result: https://www.instagram.com/p/DZmTpmBj96x
2026-07-21 03:42:42,095 INFO Searching privacy: 티빙 개인정보 보호정책
2026-07-21 03:42:45,723 INFO Skipping non-official search result: https://namu.wiki/w/TVING%20%EA%B0%9C%EC%9D%B8%EC%A0%95%EB%B3%B4%20%EC%9C%A0%EC%B6%9C%20%EC%82%AC%EA%B1%B4
2026-07-21 03:42:45,724 INFO Skipping non-official search result: https://it.donga.com/109054
2026-07-21 03:42:45,724 INFO Skipping blacklisted search result: https://m.blog.naver.com/notefactory-/224313829655
2026-07-21 03:42:45,815 INFO Skipping non-official search result: https://www.diarypoint.com/news/articleView.html?idxno=4394
2026-07-21 03:42:45,815 INFO Skipping blacklisted search result: https://blog.naver.com/sooheenam/224304580561
2026-07-21 03:42:45,816 INFO Skipping non-official search result: https://www.instagram.com/p/DZmeavhieTs
2026-07-21 03:42:45,816 INFO Skipping non-official search result: https://m.ytn.co.kr/news_view.php?key=202606230839583206&s_mcd=0103
2026-07-21 03:42:45,816 INFO Searching privacy: 티빙 개인정보보호정책
2026-07-21 03:42:50,316 INFO Skipping non-official search result: https://www.ytn.co.kr/_cs/_ln_0103_202606230839583206_005.html
2026-07-21 03:42:50,316 INFO Skipping non-official search result: https://namu.wiki/w/TVING%20%EA%B0%9C%EC%9D%B8%EC%A0%95%EB%B3%B4%20%EC%9C%A0%EC%B6%9C%20%EC%82%AC%EA%B1%B4
2026-07-21 03:42:50,316 INFO Skipping non-official search result: https://www.etnews.com/20260603000121
2026-07-21 03:42:50,415 INFO Skipping non-official search result: https://www.sedaily.com/article/20051726
2026-07-21 03:42:50,416 INFO Skipping non-official search result: https://it.donga.com/109054
2026-07-21 03:42:50,416 INFO Skipping blacklisted search result: https://m.blog.naver.com/notefactory-/224313829655
2026-07-21 03:42:50,416 INFO Skipping non-official search result: https://www.diarypoint.com/news/articleView.html?idxno=4394
2026-07-21 03:42:50,416 INFO Skipping non-official search result: https://v.daum.net/v/20260605131610328
2026-07-21 03:42:50,416 INFO Searching privacy: 티빙 privacy policy
2026-07-21 03:42:54,816 INFO Skipping non-official search result: https://www.techdaily.co.kr/news/articleView.html?idxno=28643
2026-07-21 03:42:54,816 INFO Skipping blacklisted search result: https://www.chosun.com/entertainments/broadcast/2026/06/03/GM3DAMRWGNRDKYLBHAYDKNZQGU
2026-07-21 03:42:54,816 INFO Skipping non-official search result: https://www.sedaily.com/article/20051726
2026-07-21 03:42:54,845 INFO Skipping non-official search result: https://linkedin.com/posts/hs-kang-98362312_위기에-처한-리더에게-딴지를-거는-레드팀이-꼭-필요한-이유-강함수의-activity-6833521565079085057-ZA6O
2026-07-21 03:42:54,915 INFO Skipping non-official search result: https://partnerkorea.com/%ED%8B%B0%EB%B9%99-%EA%B3%84%EC%A0%95-%EA%B3%B5%EC%9C%A0-%EC%A0%9C%ED%95%9C-%ED%95%B4%EA%B2%B0-%EB%B0%A9%EB%B2%95
2026-07-21 03:42:54,925 INFO Skipping blacklisted search result: https://blog.naver.com/sooheenam/224304580561
2026-07-21 03:42:54,925 INFO Skipping non-official search result: https://www.klog.kr/info/티빙-홈페이지-바로가기
2026-07-21 03:42:54,933 INFO Searching privacy: 티빙 privacy notice
2026-07-21 03:42:59,616 INFO Skipping non-official search result: https://evrimagaci.org/gpt/tving-data-breach-exposes-millions-to-risk-540619
2026-07-21 03:42:59,616 INFO Skipping non-official search result: https://corporate.televisaunivision.com/privacy-notice
2026-07-21 03:42:59,716 INFO Skipping non-official search result: https://partnerkorea.com/%ED%8B%B0%EB%B9%99-%EA%B3%84%EC%A0%95-%EA%B3%B5%EC%9C%A0-%EC%A0%9C%ED%95%9C-%ED%95%B4%EA%B2%B0-%EB%B0%A9%EB%B2%95
2026-07-21 03:42:59,726 INFO Skipping non-official search result: https://www.t-mobile.com/privacy-center/privacy-notices/t-mobile-privacy-notice
2026-07-21 03:42:59,727 INFO Skipping non-official search result: https://www.klog.kr/info/티빙-홈페이지-바로가기
2026-07-21 03:42:59,727 INFO Skipping non-official search result: https://www.telesign.com/privacy-notice
2026-07-21 03:42:59,728 INFO Skipping non-official search result: https://cjnews.cj.net/tag/%ED%8B%B0%EB%B9%99
2026-07-21 03:42:59,728 INFO Skipping non-official search result: https://www.eupvsec.org/index.php/gdpr-privacypolicy
2026-07-21 03:42:59,826 WARNING Manual terms URL verification failed: https://help.netflix.com/ko/legal/privacy
2026-07-21 03:43:24,122 WARNING discarding data: None
2026-07-21 03:43:32,116 INFO Policy evidence is weak; skipping https://www.tving.com/info-check
2026-07-21 03:43:39,217 INFO Policy evidence is weak; skipping https://www.tving.com
2026-07-21 03:45:46,116 ERROR Terms verification search failed: "넷플릭스" 이용약관
Traceback (most recent call last):
  File "/smhrd2/FinePrint/jhc/search_fineprint.py", line 942, in search_verified_policy_candidates
    results = client.search(
              ~~~~~~~~~~~~~^
        query=query,
        ^^^^^^^^^^^^
    ...<2 lines>...
        include_raw_content=False,
        ^^^^^^^^^^^^^^^^^^^^^^^^^^
    ).get("results", [])
    ^
  File "/root/miniconda3/envs/fineprint311/lib/python3.13/site-packages/tavily/tavily.py", line 261, in search
    response_dict = self._search(query,
                                 search_depth=search_depth,
    ...<16 lines>...
                                 exact_match=exact_match,
                                 **kwargs)
  File "/root/miniconda3/envs/fineprint311/lib/python3.13/site-packages/tavily/tavily.py", line 232, in _search
    self._handle_error_response(response)
    ~~~~~~~~~~~~~~~~~~~~~~~~~~~^^^^^^^^^^
  File "/root/miniconda3/envs/fineprint311/lib/python3.13/site-packages/tavily/tavily.py", line 137, in _handle_error_response
    raise ForbiddenError(detail)
tavily.errors.ForbiddenError: This request exceeds your plan's set usage limit. Please upgrade your plan or contact support@tavily.com
2026-07-21 03:45:46,355 ERROR Terms verification search failed: "넷플릭스" 공식 이용약관
Traceback (most recent call last):
  File "/smhrd2/FinePrint/jhc/search_fineprint.py", line 942, in search_verified_policy_candidates
    results = client.search(
              ~~~~~~~~~~~~~^
        query=query,
        ^^^^^^^^^^^^
    ...<2 lines>...
        include_raw_content=False,
        ^^^^^^^^^^^^^^^^^^^^^^^^^^
    ).get("results", [])
    ^
  File "/root/miniconda3/envs/fineprint311/lib/python3.13/site-packages/tavily/tavily.py", line 261, in search
    response_dict = self._search(query,
                                 search_depth=search_depth,
    ...<16 lines>...
                                 exact_match=exact_match,
                                 **kwargs)
  File "/root/miniconda3/envs/fineprint311/lib/python3.13/site-packages/tavily/tavily.py", line 232, in _search
    self._handle_error_response(response)
    ~~~~~~~~~~~~~~~~~~~~~~~~~~~^^^^^^^^^^
  File "/root/miniconda3/envs/fineprint311/lib/python3.13/site-packages/tavily/tavily.py", line 137, in _handle_error_response
    raise ForbiddenError(detail)
tavily.errors.ForbiddenError: This request exceeds your plan's set usage limit. Please upgrade your plan or contact support@tavily.com
2026-07-21 03:45:46,616 ERROR Terms verification search failed: "넷플릭스" "terms of use"
Traceback (most recent call last):
  File "/smhrd2/FinePrint/jhc/search_fineprint.py", line 942, in search_verified_policy_candidates
    results = client.search(
              ~~~~~~~~~~~~~^
        query=query,
        ^^^^^^^^^^^^
    ...<2 lines>...
        include_raw_content=False,
        ^^^^^^^^^^^^^^^^^^^^^^^^^^
    ).get("results", [])
    ^
  File "/root/miniconda3/envs/fineprint311/lib/python3.13/site-packages/tavily/tavily.py", line 261, in search
    response_dict = self._search(query,
                                 search_depth=search_depth,
    ...<16 lines>...
                                 exact_match=exact_match,
                                 **kwargs)
  File "/root/miniconda3/envs/fineprint311/lib/python3.13/site-packages/tavily/tavily.py", line 232, in _search
    self._handle_error_response(response)
    ~~~~~~~~~~~~~~~~~~~~~~~~~~~^^^^^^^^^^
  File "/root/miniconda3/envs/fineprint311/lib/python3.13/site-packages/tavily/tavily.py", line 137, in _handle_error_response
    raise ForbiddenError(detail)
tavily.errors.ForbiddenError: This request exceeds your plan's set usage limit. Please upgrade your plan or contact support@tavily.com
2026-07-21 03:45:46,916 ERROR Terms verification search failed: "넷플릭스" "terms of service"
Traceback (most recent call last):
  File "/smhrd2/FinePrint/jhc/search_fineprint.py", line 942, in search_verified_policy_candidates
    results = client.search(
              ~~~~~~~~~~~~~^
        query=query,
        ^^^^^^^^^^^^
    ...<2 lines>...
        include_raw_content=False,
        ^^^^^^^^^^^^^^^^^^^^^^^^^^
    ).get("results", [])
    ^
  File "/root/miniconda3/envs/fineprint311/lib/python3.13/site-packages/tavily/tavily.py", line 261, in search
    response_dict = self._search(query,
                                 search_depth=search_depth,
    ...<16 lines>...
                                 exact_match=exact_match,
                                 **kwargs)
  File "/root/miniconda3/envs/fineprint311/lib/python3.13/site-packages/tavily/tavily.py", line 232, in _search
    self._handle_error_response(response)
    ~~~~~~~~~~~~~~~~~~~~~~~~~~~^^^^^^^^^^
  File "/root/miniconda3/envs/fineprint311/lib/python3.13/site-packages/tavily/tavily.py", line 137, in _handle_error_response
    raise ForbiddenError(detail)
tavily.errors.ForbiddenError: This request exceeds your plan's set usage limit. Please upgrade your plan or contact support@tavily.com
2026-07-21 03:45:48,216 ERROR Terms verification search failed: "넷플릭스" 개인정보처리방침
Traceback (most recent call last):
  File "/smhrd2/FinePrint/jhc/search_fineprint.py", line 942, in search_verified_policy_candidates
    results = client.search(
              ~~~~~~~~~~~~~^
        query=query,
        ^^^^^^^^^^^^
    ...<2 lines>...
        include_raw_content=False,
        ^^^^^^^^^^^^^^^^^^^^^^^^^^
    ).get("results", [])
    ^
  File "/root/miniconda3/envs/fineprint311/lib/python3.13/site-packages/tavily/tavily.py", line 261, in search
    response_dict = self._search(query,
                                 search_depth=search_depth,
    ...<16 lines>...
                                 exact_match=exact_match,
                                 **kwargs)
  File "/root/miniconda3/envs/fineprint311/lib/python3.13/site-packages/tavily/tavily.py", line 232, in _search
    self._handle_error_response(response)
    ~~~~~~~~~~~~~~~~~~~~~~~~~~~^^^^^^^^^^
  File "/root/miniconda3/envs/fineprint311/lib/python3.13/site-packages/tavily/tavily.py", line 137, in _handle_error_response
    raise ForbiddenError(detail)
tavily.errors.ForbiddenError: This request exceeds your plan's set usage limit. Please upgrade your plan or contact support@tavily.com
2026-07-21 03:45:48,516 ERROR Terms verification search failed: "넷플릭스" 개인정보 보호정책
Traceback (most recent call last):
  File "/smhrd2/FinePrint/jhc/search_fineprint.py", line 942, in search_verified_policy_candidates
    results = client.search(
              ~~~~~~~~~~~~~^
        query=query,
        ^^^^^^^^^^^^
    ...<2 lines>...
        include_raw_content=False,
        ^^^^^^^^^^^^^^^^^^^^^^^^^^
    ).get("results", [])
    ^
  File "/root/miniconda3/envs/fineprint311/lib/python3.13/site-packages/tavily/tavily.py", line 261, in search
    response_dict = self._search(query,
                                 search_depth=search_depth,
    ...<16 lines>...
                                 exact_match=exact_match,
                                 **kwargs)
  File "/root/miniconda3/envs/fineprint311/lib/python3.13/site-packages/tavily/tavily.py", line 232, in _search
    self._handle_error_response(response)
    ~~~~~~~~~~~~~~~~~~~~~~~~~~~^^^^^^^^^^
  File "/root/miniconda3/envs/fineprint311/lib/python3.13/site-packages/tavily/tavily.py", line 137, in _handle_error_response
    raise ForbiddenError(detail)
tavily.errors.ForbiddenError: This request exceeds your plan's set usage limit. Please upgrade your plan or contact support@tavily.com
2026-07-21 03:45:48,767 ERROR Terms verification search failed: "넷플릭스" "privacy policy"
Traceback (most recent call last):
  File "/smhrd2/FinePrint/jhc/search_fineprint.py", line 942, in search_verified_policy_candidates
    results = client.search(
              ~~~~~~~~~~~~~^
        query=query,
        ^^^^^^^^^^^^
    ...<2 lines>...
        include_raw_content=False,
        ^^^^^^^^^^^^^^^^^^^^^^^^^^
    ).get("results", [])
    ^
  File "/root/miniconda3/envs/fineprint311/lib/python3.13/site-packages/tavily/tavily.py", line 261, in search
    response_dict = self._search(query,
                                 search_depth=search_depth,
    ...<16 lines>...
                                 exact_match=exact_match,
                                 **kwargs)
  File "/root/miniconda3/envs/fineprint311/lib/python3.13/site-packages/tavily/tavily.py", line 232, in _search
    self._handle_error_response(response)
    ~~~~~~~~~~~~~~~~~~~~~~~~~~~^^^^^^^^^^
  File "/root/miniconda3/envs/fineprint311/lib/python3.13/site-packages/tavily/tavily.py", line 137, in _handle_error_response
    raise ForbiddenError(detail)
tavily.errors.ForbiddenError: This request exceeds your plan's set usage limit. Please upgrade your plan or contact support@tavily.com
2026-07-21 03:45:48,768 WARNING All terms searches failed for 넷플릭스
2026-07-21 03:46:44,145 ERROR Terms verification search failed: "디즈니 플러스" 이용약관
Traceback (most recent call last):
  File "/smhrd2/FinePrint/jhc/search_fineprint.py", line 942, in search_verified_policy_candidates
    results = client.search(
              ~~~~~~~~~~~~~^
        query=query,
        ^^^^^^^^^^^^
    ...<2 lines>...
        include_raw_content=False,
        ^^^^^^^^^^^^^^^^^^^^^^^^^^
    ).get("results", [])
    ^
  File "/root/miniconda3/envs/fineprint311/lib/python3.13/site-packages/tavily/tavily.py", line 261, in search
    response_dict = self._search(query,
                                 search_depth=search_depth,
    ...<16 lines>...
                                 exact_match=exact_match,
                                 **kwargs)
  File "/root/miniconda3/envs/fineprint311/lib/python3.13/site-packages/tavily/tavily.py", line 232, in _search
    self._handle_error_response(response)
    ~~~~~~~~~~~~~~~~~~~~~~~~~~~^^^^^^^^^^
  File "/root/miniconda3/envs/fineprint311/lib/python3.13/site-packages/tavily/tavily.py", line 137, in _handle_error_response
    raise ForbiddenError(detail)
tavily.errors.ForbiddenError: This request exceeds your plan's set usage limit. Please upgrade your plan or contact support@tavily.com
2026-07-21 03:46:44,429 ERROR Terms verification search failed: "디즈니 플러스" 공식 이용약관
Traceback (most recent call last):
  File "/smhrd2/FinePrint/jhc/search_fineprint.py", line 942, in search_verified_policy_candidates
    results = client.search(
              ~~~~~~~~~~~~~^
        query=query,
        ^^^^^^^^^^^^
    ...<2 lines>...
        include_raw_content=False,
        ^^^^^^^^^^^^^^^^^^^^^^^^^^
    ).get("results", [])
    ^
  File "/root/miniconda3/envs/fineprint311/lib/python3.13/site-packages/tavily/tavily.py", line 261, in search
    response_dict = self._search(query,
                                 search_depth=search_depth,
    ...<16 lines>...
                                 exact_match=exact_match,
                                 **kwargs)
  File "/root/miniconda3/envs/fineprint311/lib/python3.13/site-packages/tavily/tavily.py", line 232, in _search
    self._handle_error_response(response)
    ~~~~~~~~~~~~~~~~~~~~~~~~~~~^^^^^^^^^^
  File "/root/miniconda3/envs/fineprint311/lib/python3.13/site-packages/tavily/tavily.py", line 137, in _handle_error_response
    raise ForbiddenError(detail)
tavily.errors.ForbiddenError: This request exceeds your plan's set usage limit. Please upgrade your plan or contact support@tavily.com
2026-07-21 03:46:44,655 ERROR Terms verification search failed: "디즈니 플러스" "terms of use"
Traceback (most recent call last):
  File "/smhrd2/FinePrint/jhc/search_fineprint.py", line 942, in search_verified_policy_candidates
    results = client.search(
              ~~~~~~~~~~~~~^
        query=query,
        ^^^^^^^^^^^^
    ...<2 lines>...
        include_raw_content=False,
        ^^^^^^^^^^^^^^^^^^^^^^^^^^
    ).get("results", [])
    ^
  File "/root/miniconda3/envs/fineprint311/lib/python3.13/site-packages/tavily/tavily.py", line 261, in search
    response_dict = self._search(query,
                                 search_depth=search_depth,
    ...<16 lines>...
                                 exact_match=exact_match,
                                 **kwargs)
  File "/root/miniconda3/envs/fineprint311/lib/python3.13/site-packages/tavily/tavily.py", line 232, in _search
    self._handle_error_response(response)
    ~~~~~~~~~~~~~~~~~~~~~~~~~~~^^^^^^^^^^
  File "/root/miniconda3/envs/fineprint311/lib/python3.13/site-packages/tavily/tavily.py", line 137, in _handle_error_response
    raise ForbiddenError(detail)
tavily.errors.ForbiddenError: This request exceeds your plan's set usage limit. Please upgrade your plan or contact support@tavily.com
2026-07-21 03:46:44,883 ERROR Terms verification search failed: "디즈니 플러스" "terms of service"
Traceback (most recent call last):
  File "/smhrd2/FinePrint/jhc/search_fineprint.py", line 942, in search_verified_policy_candidates
    results = client.search(
              ~~~~~~~~~~~~~^
        query=query,
        ^^^^^^^^^^^^
    ...<2 lines>...
        include_raw_content=False,
        ^^^^^^^^^^^^^^^^^^^^^^^^^^
    ).get("results", [])
    ^
  File "/root/miniconda3/envs/fineprint311/lib/python3.13/site-packages/tavily/tavily.py", line 261, in search
    response_dict = self._search(query,
                                 search_depth=search_depth,
    ...<16 lines>...
                                 exact_match=exact_match,
                                 **kwargs)
  File "/root/miniconda3/envs/fineprint311/lib/python3.13/site-packages/tavily/tavily.py", line 232, in _search
    self._handle_error_response(response)
    ~~~~~~~~~~~~~~~~~~~~~~~~~~~^^^^^^^^^^
  File "/root/miniconda3/envs/fineprint311/lib/python3.13/site-packages/tavily/tavily.py", line 137, in _handle_error_response
    raise ForbiddenError(detail)
tavily.errors.ForbiddenError: This request exceeds your plan's set usage limit. Please upgrade your plan or contact support@tavily.com
2026-07-21 03:46:44,884 WARNING All terms searches failed for 디즈니 플러스
2026-07-21 03:48:27,351 WARNING discarding data: None
2026-07-21 03:48:31,025 ERROR Tavily extract failed: https://www.disneyplus.com/ko-kr/legal/**%EA%B0%9C%EC%9D%B8%EC%A0%95%EB%B3%B4-%EC%B2%98%EB%A6%AC%EB%B0%A9%EC%B9%A8**
Traceback (most recent call last):
  File "/smhrd2/FinePrint/jhc/search_fineprint.py", line 806, in extract_tavily_document
    response = client.extract(urls=[url])
  File "/root/miniconda3/envs/fineprint311/lib/python3.13/site-packages/tavily/tavily.py", line 342, in extract
    response_dict = self._extract(urls,
                                  include_images,
    ...<6 lines>...
                                  chunks_per_source=chunks_per_source,
                                  **kwargs)
  File "/root/miniconda3/envs/fineprint311/lib/python3.13/site-packages/tavily/tavily.py", line 325, in _extract
    self._handle_error_response(response)
    ~~~~~~~~~~~~~~~~~~~~~~~~~~~^^^^^^^^^^
  File "/root/miniconda3/envs/fineprint311/lib/python3.13/site-packages/tavily/tavily.py", line 137, in _handle_error_response
    raise ForbiddenError(detail)
tavily.errors.ForbiddenError: This request exceeds your plan's set usage limit. Please upgrade your plan or contact support@tavily.com
2026-07-21 03:48:31,026 WARNING Manual URL extraction failed: https://www.disneyplus.com/ko-kr/legal/**%EA%B0%9C%EC%9D%B8%EC%A0%95%EB%B3%B4-%EC%B2%98%EB%A6%AC%EB%B0%A9%EC%B9%A8**
2026-07-21 03:49:00,371 WARNING discarding data: None
2026-07-21 03:49:03,942 ERROR Tavily extract failed: https://www.disneyplus.com/ko-kr/legal/**%EA%B0%9C%EC%9D%B8%EC%A0%95%EB%B3%B4-%EC%B2%98%EB%A6%AC%EB%B0%A9%EC%B9%A8**
Traceback (most recent call last):
  File "/smhrd2/FinePrint/jhc/search_fineprint.py", line 806, in extract_tavily_document
    response = client.extract(urls=[url])
  File "/root/miniconda3/envs/fineprint311/lib/python3.13/site-packages/tavily/tavily.py", line 342, in extract
    response_dict = self._extract(urls,
                                  include_images,
    ...<6 lines>...
                                  chunks_per_source=chunks_per_source,
                                  **kwargs)
  File "/root/miniconda3/envs/fineprint311/lib/python3.13/site-packages/tavily/tavily.py", line 325, in _extract
    self._handle_error_response(response)
    ~~~~~~~~~~~~~~~~~~~~~~~~~~~^^^^^^^^^^
  File "/root/miniconda3/envs/fineprint311/lib/python3.13/site-packages/tavily/tavily.py", line 137, in _handle_error_response
    raise ForbiddenError(detail)
tavily.errors.ForbiddenError: This request exceeds your plan's set usage limit. Please upgrade your plan or contact support@tavily.com
2026-07-21 03:49:03,943 WARNING Manual URL extraction failed: https://www.disneyplus.com/ko-kr/legal/**%EA%B0%9C%EC%9D%B8%EC%A0%95%EB%B3%B4-%EC%B2%98%EB%A6%AC%EB%B0%A9%EC%B9%A8**
2026-07-21 03:49:04,192 ERROR Terms verification search failed: "디즈니 플러스" 개인정보처리방침
Traceback (most recent call last):
  File "/smhrd2/FinePrint/jhc/search_fineprint.py", line 942, in search_verified_policy_candidates
    results = client.search(
              ~~~~~~~~~~~~~^
        query=query,
        ^^^^^^^^^^^^
    ...<2 lines>...
        include_raw_content=False,
        ^^^^^^^^^^^^^^^^^^^^^^^^^^
    ).get("results", [])
    ^
  File "/root/miniconda3/envs/fineprint311/lib/python3.13/site-packages/tavily/tavily.py", line 261, in search
    response_dict = self._search(query,
                                 search_depth=search_depth,
    ...<16 lines>...
                                 exact_match=exact_match,
                                 **kwargs)
  File "/root/miniconda3/envs/fineprint311/lib/python3.13/site-packages/tavily/tavily.py", line 232, in _search
    self._handle_error_response(response)
    ~~~~~~~~~~~~~~~~~~~~~~~~~~~^^^^^^^^^^
  File "/root/miniconda3/envs/fineprint311/lib/python3.13/site-packages/tavily/tavily.py", line 137, in _handle_error_response
    raise ForbiddenError(detail)
tavily.errors.ForbiddenError: This request exceeds your plan's set usage limit. Please upgrade your plan or contact support@tavily.com
2026-07-21 03:49:04,428 ERROR Terms verification search failed: "디즈니 플러스" 개인정보 보호정책
Traceback (most recent call last):
  File "/smhrd2/FinePrint/jhc/search_fineprint.py", line 942, in search_verified_policy_candidates
    results = client.search(
              ~~~~~~~~~~~~~^
        query=query,
        ^^^^^^^^^^^^
    ...<2 lines>...
        include_raw_content=False,
        ^^^^^^^^^^^^^^^^^^^^^^^^^^
    ).get("results", [])
    ^
  File "/root/miniconda3/envs/fineprint311/lib/python3.13/site-packages/tavily/tavily.py", line 261, in search
    response_dict = self._search(query,
                                 search_depth=search_depth,
    ...<16 lines>...
                                 exact_match=exact_match,
                                 **kwargs)
  File "/root/miniconda3/envs/fineprint311/lib/python3.13/site-packages/tavily/tavily.py", line 232, in _search
    self._handle_error_response(response)
    ~~~~~~~~~~~~~~~~~~~~~~~~~~~^^^^^^^^^^
  File "/root/miniconda3/envs/fineprint311/lib/python3.13/site-packages/tavily/tavily.py", line 137, in _handle_error_response
    raise ForbiddenError(detail)
tavily.errors.ForbiddenError: This request exceeds your plan's set usage limit. Please upgrade your plan or contact support@tavily.com
2026-07-21 03:49:04,663 ERROR Terms verification search failed: "디즈니 플러스" "privacy policy"
Traceback (most recent call last):
  File "/smhrd2/FinePrint/jhc/search_fineprint.py", line 942, in search_verified_policy_candidates
    results = client.search(
              ~~~~~~~~~~~~~^
        query=query,
        ^^^^^^^^^^^^
    ...<2 lines>...
        include_raw_content=False,
        ^^^^^^^^^^^^^^^^^^^^^^^^^^
    ).get("results", [])
    ^
  File "/root/miniconda3/envs/fineprint311/lib/python3.13/site-packages/tavily/tavily.py", line 261, in search
    response_dict = self._search(query,
                                 search_depth=search_depth,
    ...<16 lines>...
                                 exact_match=exact_match,
                                 **kwargs)
  File "/root/miniconda3/envs/fineprint311/lib/python3.13/site-packages/tavily/tavily.py", line 232, in _search
    self._handle_error_response(response)
    ~~~~~~~~~~~~~~~~~~~~~~~~~~~^^^^^^^^^^
  File "/root/miniconda3/envs/fineprint311/lib/python3.13/site-packages/tavily/tavily.py", line 137, in _handle_error_response
    raise ForbiddenError(detail)
tavily.errors.ForbiddenError: This request exceeds your plan's set usage limit. Please upgrade your plan or contact support@tavily.com
2026-07-21 03:49:04,664 WARNING All terms searches failed for 디즈니 플러스
2026-07-21 03:49:18,627 WARNING discarding data: None
2026-07-21 03:49:19,635 INFO Searching privacy: 티빙 개인정보 처리방침
2026-07-21 03:49:20,817 INFO Skipping non-official search result: https://www.ytn.co.kr/_cs/_ln_0103_202606230839583206_005.html
2026-07-21 03:49:20,817 INFO Skipping non-official search result: https://www.khan.co.kr/article/202606031039011
2026-07-21 03:49:20,916 INFO Skipping non-official search result: https://namu.wiki/w/TVING%20%EA%B0%9C%EC%9D%B8%EC%A0%95%EB%B3%B4%20%EC%9C%A0%EC%B6%9C%20%EC%82%AC%EA%B1%B4
2026-07-21 03:49:20,925 INFO Skipping blacklisted search result: https://m.blog.naver.com/notefactory-/224313829655
2026-07-21 03:49:21,016 INFO Skipping blacklisted search result: https://www.chosun.com/entertainments/broadcast/2026/06/03/GM3DAMRWGNRDKYLBHAYDKNZQGU
2026-07-21 03:49:21,028 INFO Skipping non-official search result: https://it.donga.com/109054
2026-07-21 03:49:21,028 INFO Skipping blacklisted search result: https://blog.naver.com/sooheenam/224304580561
2026-07-21 03:49:21,115 INFO Searching privacy: 티빙 개인정보처리방침
2026-07-21 03:49:21,516 INFO Skipping non-official search result: https://www.ytn.co.kr/_cs/_ln_0103_202606230839583206_005.html
2026-07-21 03:49:21,516 INFO Skipping non-official search result: https://www.khan.co.kr/article/202606031039011
2026-07-21 03:49:21,615 INFO Skipping non-official search result: https://namu.wiki/w/TVING%20%EA%B0%9C%EC%9D%B8%EC%A0%95%EB%B3%B4%20%EC%9C%A0%EC%B6%9C%20%EC%82%AC%EA%B1%B4
2026-07-21 03:49:21,634 INFO Skipping blacklisted search result: https://m.blog.naver.com/notefactory-/224313829655
2026-07-21 03:49:21,634 INFO Skipping blacklisted search result: https://www.chosun.com/entertainments/broadcast/2026/06/03/GM3DAMRWGNRDKYLBHAYDKNZQGU
2026-07-21 03:49:21,716 INFO Skipping non-official search result: https://www.diarypoint.com/news/articleView.html?idxno=4394
2026-07-21 03:49:21,716 INFO Skipping non-official search result: https://it.donga.com/109054
2026-07-21 03:49:21,716 INFO Skipping non-official search result: https://www.instagram.com/p/DZmTpmBj96x
2026-07-21 03:49:21,716 INFO Searching privacy: 티빙 개인정보 보호정책
2026-07-21 03:49:22,016 INFO Skipping non-official search result: https://namu.wiki/w/TVING%20%EA%B0%9C%EC%9D%B8%EC%A0%95%EB%B3%B4%20%EC%9C%A0%EC%B6%9C%20%EC%82%AC%EA%B1%B4
2026-07-21 03:49:22,016 INFO Skipping non-official search result: https://it.donga.com/109054
2026-07-21 03:49:22,016 INFO Skipping blacklisted search result: https://m.blog.naver.com/notefactory-/224313829655
2026-07-21 03:49:22,116 INFO Skipping non-official search result: https://www.diarypoint.com/news/articleView.html?idxno=4394
2026-07-21 03:49:22,131 INFO Skipping blacklisted search result: https://blog.naver.com/sooheenam/224304580561
2026-07-21 03:49:22,131 INFO Skipping non-official search result: https://www.instagram.com/p/DZmeavhieTs
2026-07-21 03:49:22,132 INFO Skipping non-official search result: https://m.ytn.co.kr/news_view.php?key=202606230839583206&s_mcd=0103
2026-07-21 03:49:22,215 INFO Searching privacy: 티빙 개인정보보호정책
2026-07-21 03:49:22,532 INFO Skipping non-official search result: https://www.ytn.co.kr/_cs/_ln_0103_202606230839583206_005.html
2026-07-21 03:49:22,532 INFO Skipping non-official search result: https://namu.wiki/w/TVING%20%EA%B0%9C%EC%9D%B8%EC%A0%95%EB%B3%B4%20%EC%9C%A0%EC%B6%9C%20%EC%82%AC%EA%B1%B4
2026-07-21 03:49:22,532 INFO Skipping non-official search result: https://www.etnews.com/20260603000121
2026-07-21 03:49:22,616 INFO Skipping non-official search result: https://www.sedaily.com/article/20051726
2026-07-21 03:49:22,634 INFO Skipping non-official search result: https://it.donga.com/109054
2026-07-21 03:49:22,635 INFO Skipping blacklisted search result: https://m.blog.naver.com/notefactory-/224313829655
2026-07-21 03:49:22,715 INFO Skipping non-official search result: https://www.diarypoint.com/news/articleView.html?idxno=4394
2026-07-21 03:49:22,716 INFO Skipping non-official search result: https://v.daum.net/v/20260605131610328
2026-07-21 03:49:22,716 INFO Searching privacy: 티빙 privacy policy
2026-07-21 03:49:22,930 INFO Skipping non-official search result: https://www.techdaily.co.kr/news/articleView.html?idxno=28643
2026-07-21 03:49:22,930 INFO Skipping blacklisted search result: https://www.chosun.com/entertainments/broadcast/2026/06/03/GM3DAMRWGNRDKYLBHAYDKNZQGU
2026-07-21 03:49:22,930 INFO Skipping non-official search result: https://www.sedaily.com/article/20051726
2026-07-21 03:49:23,015 INFO Skipping non-official search result: https://linkedin.com/posts/hs-kang-98362312_위기에-처한-리더에게-딴지를-거는-레드팀이-꼭-필요한-이유-강함수의-activity-6833521565079085057-ZA6O
2026-07-21 03:49:23,216 INFO Skipping non-official search result: https://partnerkorea.com/%ED%8B%B0%EB%B9%99-%EA%B3%84%EC%A0%95-%EA%B3%B5%EC%9C%A0-%EC%A0%9C%ED%95%9C-%ED%95%B4%EA%B2%B0-%EB%B0%A9%EB%B2%95
2026-07-21 03:49:23,216 INFO Skipping blacklisted search result: https://blog.naver.com/sooheenam/224304580561
2026-07-21 03:49:23,316 INFO Skipping non-official search result: https://www.klog.kr/info/티빙-홈페이지-바로가기
2026-07-21 03:49:23,515 INFO Searching privacy: 티빙 privacy notice
2026-07-21 03:49:23,916 INFO Skipping non-official search result: https://evrimagaci.org/gpt/tving-data-breach-exposes-millions-to-risk-540619
2026-07-21 03:49:23,916 INFO Skipping non-official search result: https://corporate.televisaunivision.com/privacy-notice
2026-07-21 03:49:24,015 INFO Skipping non-official search result: https://partnerkorea.com/%ED%8B%B0%EB%B9%99-%EA%B3%84%EC%A0%95-%EA%B3%B5%EC%9C%A0-%EC%A0%9C%ED%95%9C-%ED%95%B4%EA%B2%B0-%EB%B0%A9%EB%B2%95
2026-07-21 03:49:24,116 INFO Skipping non-official search result: https://www.t-mobile.com/privacy-center/privacy-notices/t-mobile-privacy-notice
2026-07-21 03:49:24,128 INFO Skipping non-official search result: https://www.klog.kr/info/티빙-홈페이지-바로가기
2026-07-21 03:49:24,216 INFO Skipping non-official search result: https://www.telesign.com/privacy-notice
2026-07-21 03:49:24,316 INFO Skipping non-official search result: https://cjnews.cj.net/tag/%ED%8B%B0%EB%B9%99
2026-07-21 03:49:24,316 INFO Skipping non-official search result: https://www.eupvsec.org/index.php/gdpr-privacypolicy
2026-07-21 03:49:30,888 ERROR Tavily extract failed: https://www.disneyplus.com/ko-kr/legal/**%EA%B0%9C%EC%9D%B8%EC%A0%95%EB%B3%B4-%EC%B2%98%EB%A6%AC%EB%B0%A9%EC%B9%A8**
Traceback (most recent call last):
  File "/smhrd2/FinePrint/jhc/search_fineprint.py", line 806, in extract_tavily_document
    response = client.extract(urls=[url])
  File "/root/miniconda3/envs/fineprint311/lib/python3.13/site-packages/tavily/tavily.py", line 342, in extract
    response_dict = self._extract(urls,
                                  include_images,
    ...<6 lines>...
                                  chunks_per_source=chunks_per_source,
                                  **kwargs)
  File "/root/miniconda3/envs/fineprint311/lib/python3.13/site-packages/tavily/tavily.py", line 325, in _extract
    self._handle_error_response(response)
    ~~~~~~~~~~~~~~~~~~~~~~~~~~~^^^^^^^^^^
  File "/root/miniconda3/envs/fineprint311/lib/python3.13/site-packages/tavily/tavily.py", line 137, in _handle_error_response
    raise ForbiddenError(detail)
tavily.errors.ForbiddenError: This request exceeds your plan's set usage limit. Please upgrade your plan or contact support@tavily.com
2026-07-21 03:49:30,889 WARNING Manual URL extraction failed: https://www.disneyplus.com/ko-kr/legal/**%EA%B0%9C%EC%9D%B8%EC%A0%95%EB%B3%B4-%EC%B2%98%EB%A6%AC%EB%B0%A9%EC%B9%A8**
2026-07-21 03:49:35,056 WARNING discarding data: None
2026-07-21 03:49:38,934 INFO Policy evidence is weak; skipping https://www.tving.com/info-check
2026-07-21 03:49:43,595 INFO Policy evidence is weak; skipping https://www.tving.com
2026-07-21 05:05:34,710 INFO Discovered official domain for Twitch: twitch.tv (131)
2026-07-21 05:05:34,711 INFO Searching privacy: Twitch 개인정보 처리방침
2026-07-21 05:05:37,442 INFO Skipping non-official search result: https://legal.twitch.com/ko-kr/legal/privacy-notice/20221907
2026-07-21 05:05:37,443 INFO Skipping non-official search result: https://legal.twitch.com/ko-kr/legal/privacy-notice
2026-07-21 05:05:37,486 INFO Skipping non-official search result: https://legal.twitch.com/ko-kr/legal/privacy-notice/20202201
2026-07-21 05:05:37,520 INFO Skipping non-official search result: https://legal.twitch.com/en/legal/privacy-notice
2026-07-21 05:05:37,561 INFO Searching privacy: Twitch 개인정보처리방침
2026-07-21 05:05:40,012 INFO Skipping non-official search result: https://legal.twitch.com/ko-kr/legal/privacy-notice/20221907
2026-07-21 05:05:40,012 INFO Skipping non-official search result: https://legal.twitch.com/ko-kr/legal/privacy-notice
2026-07-21 05:05:40,070 INFO Skipping non-official search result: https://privacy.badgecollector.dev
2026-07-21 05:05:40,070 INFO Skipping non-official search result: https://legal.twitch.com/ko-kr/legal/privacy-notice/20202201
2026-07-21 05:05:40,071 INFO Skipping non-official search result: https://legal.twitch.com/en/legal/privacy-notice
2026-07-21 05:05:40,115 INFO Searching privacy: Twitch 개인정보 보호정책
2026-07-21 05:05:46,507 INFO Skipping blacklisted search result: https://en.wikipedia.org/wiki/Twitch_(service)
2026-07-21 05:05:46,507 INFO Skipping non-official search result: https://play.google.com/store/apps/details?id=tv.twitch.android.app
2026-07-21 05:05:46,526 INFO Skipping non-official search result: https://tdadrivers.com/%EA%B0%9C%EC%9D%B8%EC%A0%95%EB%B3%B4-%EB%B3%B4%ED%98%B8%EC%A0%95%EC%B1%85
2026-07-21 05:05:46,536 INFO Skipping non-official search result: https://www.kistler.com/KR/ko/%EA%B0%9C%EC%9D%B8%EC%A0%95%EB%B3%B4-%EB%B3%B4%ED%98%B8%EC%A0%95%EC%B1%85/C00000179
2026-07-21 05:05:46,560 INFO Skipping non-official search result: http://newtokii.com/%EA%B0%9C%EC%9D%B8%EC%A0%95%EB%B3%B4-%EB%B3%B4%ED%98%B8%EC%A0%95%EC%B1%85
2026-07-21 05:05:46,601 INFO Skipping non-official search result: https://x.com/Twitch
2026-07-21 05:05:46,643 INFO Searching privacy: Twitch 개인정보보호정책
2026-07-21 05:05:49,979 INFO Skipping non-official search result: https://play.google.com/store/apps/details?id=tv.twitch.android.app&hl=en_US
2026-07-21 05:05:49,979 INFO Skipping non-official search result: https://ko.vpn-mentors.com/%EA%B0%9C%EC%9D%B8%EC%A0%95%EB%B3%B4%EB%B3%B4%ED%98%B8%EC%A0%95%EC%B1%85
2026-07-21 05:05:50,060 INFO Skipping blacklisted search result: https://en.wikipedia.org/wiki/Twitch_(service)
2026-07-21 05:05:50,060 INFO Skipping non-official search result: https://x.com/Twitch
2026-07-21 05:05:50,060 INFO Skipping non-official search result: https://royaleapi.com/clan/RPQJC29V?lang=ko
2026-07-21 05:05:50,060 INFO Skipping non-official search result: https://twitchtracker.com/statistics
2026-07-21 05:05:50,091 INFO Skipping non-official search result: https://streamscharts.com/overview
2026-07-21 05:05:50,091 INFO Skipping non-official search result: https://streamscharts.com/news/twitch-hall-fame-all-time-records
2026-07-21 05:05:50,091 INFO Searching privacy: Twitch privacy policy
2026-07-21 05:05:57,598 INFO Skipping non-official search result: https://www.legalforge.app/blog/privacy-policy-for-twitch-streamers
2026-07-21 05:05:57,599 INFO Skipping non-official search result: https://legal.twitch.com/en/legal/privacy-notice
2026-07-21 05:05:57,648 INFO Skipping non-official search result: https://legal.twitch.com/en/legal/terms-of-service
2026-07-21 05:05:57,648 INFO Skipping non-official search result: https://www.nmag.gov/wp-content/uploads/Internet-Safety-Twitch-Privacy-Settings.pdf
2026-07-21 05:05:57,648 INFO Searching privacy: Twitch privacy notice
2026-07-21 05:06:00,733 INFO Skipping non-official search result: https://legal.twitch.com/en/legal/privacy-notice
2026-07-21 05:06:00,734 INFO Skipping non-official search result: https://legal.twitch.com/en/legal/terms-of-service
2026-07-21 05:06:00,793 INFO Skipping non-official search result: https://www.legalforge.app/blog/privacy-policy-for-twitch-streamers
2026-07-21 05:06:00,812 INFO Skipping non-official search result: https://legal.twitch.com/legal/privacy-choices
2026-07-21 05:06:00,812 INFO Skipping non-official search result: https://www.nmag.gov/wp-content/uploads/Internet-Safety-Twitch-Privacy-Settings.pdf
2026-07-21 05:06:07,298 WARNING discarding data: None
2026-07-21 05:06:13,500 WARNING discarding data: None
2026-07-21 05:07:31,870 WARNING Could not confidently discover official domain for 문서24
2026-07-21 05:09:41,043 INFO Discovered official domain for 삼성전자서비스: samsungsvc.co.kr (64)
2026-07-21 05:09:41,043 INFO Searching privacy: 삼성전자서비스 개인정보 처리방침
2026-07-21 05:09:45,663 INFO Skipping non-official search result: https://www.samsung.com/sec/info/privacy_new
2026-07-21 05:09:45,663 INFO Skipping non-official search result: https://www.samsung.com/sec/info/privacy/01/rc
2026-07-21 05:09:45,689 INFO Skipping non-official search result: https://terms.samsungconsent.com/j5p7ll8g33/PDP/13.5/KOR/KOR_kor.html
2026-07-21 05:09:45,689 INFO Skipping non-official search result: https://news.samsungsemiconductor.com/kr/%EA%B0%9C%EC%9D%B8%EC%A0%95%EB%B3%B4-%EC%B2%98%EB%A6%AC%EB%B0%A9%EC%B9%A8
2026-07-21 05:09:45,696 INFO Skipping non-official search result: https://security.samsungmobile.com/privacy/korea/privacy_notice_korea.html
2026-07-21 05:09:45,696 INFO Skipping non-official search result: https://www.samsung.com/sec
2026-07-21 05:09:45,697 INFO Skipping non-official search result: https://semiconductor.samsung.com/kr
2026-07-21 05:09:45,697 INFO Searching privacy: 삼성전자서비스 개인정보처리방침
2026-07-21 05:09:49,665 INFO Skipping non-official search result: https://www.samsung.com/sec/info/privacy/01/rc
2026-07-21 05:09:49,665 INFO Skipping non-official search result: https://terms.samsungconsent.com/j5p7ll8g33/PDP/13.5/KOR/KOR_kor.html
2026-07-21 05:09:49,722 INFO Skipping non-official search result: https://security.samsungmobile.com/privacy/korea/privacy_notice_korea.html
2026-07-21 05:09:49,735 INFO Skipping non-official search result: https://www.samsung.com/sec/info/privacy/03
2026-07-21 05:09:49,735 INFO Skipping non-official search result: https://news.samsungsemiconductor.com/kr/%EA%B0%9C%EC%9D%B8%EC%A0%95%EB%B3%B4-%EC%B2%98%EB%A6%AC%EB%B0%A9%EC%B9%A8
2026-07-21 05:09:49,739 INFO Skipping non-official search result: https://security.samsungmobile.com/privacy/korea/privacy_notice_korea_20240430.html
2026-07-21 05:09:49,739 INFO Skipping non-official search result: https://www.samsung.com/sec/info/privacy_new
2026-07-21 05:09:49,739 INFO Searching privacy: 삼성전자서비스 개인정보 보호정책
2026-07-21 05:09:53,921 INFO Skipping non-official search result: https://semiconductor.samsung.com/kr/privacy
2026-07-21 05:09:53,921 INFO Skipping non-official search result: https://security.samsungmobile.com/privacy/korea/privacy_notice_korea.html
2026-07-21 05:09:53,968 INFO Skipping non-official search result: https://www.samsung.com/sec/info/privacy_new
2026-07-21 05:09:53,968 INFO Skipping non-official search result: https://www.samsung.com/sec/info/privacy/01/rc
2026-07-21 05:09:53,980 INFO Skipping non-official search result: https://terms.samsungconsent.com/j5p7ll8g33/PDP/13.5/KOR/KOR_kor.html
2026-07-21 05:09:53,980 INFO Skipping non-official search result: https://www.samsung.com/sec/info/privacy/03
2026-07-21 05:09:54,021 INFO Searching privacy: 삼성전자서비스 개인정보보호정책
2026-07-21 05:10:00,642 INFO Skipping non-official search result: https://www.samsung.com/sec/info/privacy_new
2026-07-21 05:10:00,643 INFO Skipping non-official search result: https://security.samsungmobile.com/privacy/korea/privacy_notice_korea.html
2026-07-21 05:10:00,716 INFO Skipping non-official search result: https://www.samsung.com/sec/info/privacy/01/rc
2026-07-21 05:10:00,738 INFO Skipping non-official search result: https://terms.samsungconsent.com/j5p7ll8g33/PDP/13.5/KOR/KOR_kor.html
2026-07-21 05:10:00,780 INFO Skipping non-official search result: https://security.samsungmobile.com/privacy/korea/privacy_notice_korea_20240430.html
2026-07-21 05:10:00,780 INFO Skipping non-official search result: https://www.samsung.com/sec/info/privacy/10
2026-07-21 05:10:00,780 INFO Skipping non-official search result: https://www.samsung.com/sec/info/privacy/01/32939
2026-07-21 05:10:00,787 INFO Searching privacy: 삼성전자서비스 privacy policy
2026-07-21 05:10:03,895 INFO Skipping non-official search result: https://www.samsung.com/us/account/privacy-policy
2026-07-21 05:10:03,896 INFO Skipping non-official search result: https://www.samsung.com/sec/info/privacy/01/rc
2026-07-21 05:10:03,896 INFO Skipping non-official search result: https://security.samsungmobile.com/privacy/korea/privacy_notice_korea.html
2026-07-21 05:10:03,919 INFO Skipping non-official search result: https://terms.samsungconsent.com/j5p7ll8g33/PDP/13.5/KOR/KOR_kor.html
2026-07-21 05:10:03,947 INFO Skipping non-official search result: https://www.dacorkorea.com/privacy-policy
2026-07-21 05:10:03,957 INFO Searching privacy: 삼성전자서비스 privacy notice
2026-07-21 05:10:09,819 INFO Skipping non-official search result: https://www.samsung.com/us/account/privacy-policy
2026-07-21 05:10:09,819 INFO Skipping non-official search result: https://security.samsungmobile.com/privacy/korea/privacy_notice_korea_20230918.html
2026-07-21 05:10:09,843 INFO Skipping non-official search result: https://www.samsung.com/sec/info/privacy_new
2026-07-21 05:10:09,901 INFO Skipping non-official search result: https://www.samsung.com/sec/info/privacy/01/rc
2026-07-21 05:10:09,901 INFO Skipping non-official search result: https://terms.samsungconsent.com/j5p7ll8g33/PDP/13.5/KOR/KOR_kor.html
2026-07-21 05:10:09,901 INFO Skipping non-official search result: https://www.samsungsds.com/ap/etc/privacy/1286856_11279.html
2026-07-21 05:10:10,852 INFO Skipping undated terms page: https://www.samsungsvc.co.kr/utils/terms
2026-07-21 05:11:29,361 INFO Searching privacy: netflix 개인정보 처리방침
2026-07-21 05:11:30,121 ERROR Tavily search failed: netflix 개인정보 처리방침
Traceback (most recent call last):
  File "/smhrd2/FinePrint/jhc/search_tos_fineprint_v2.py", line 576, in search_policy_documents
    response = client.search(
        query=query,
    ...<2 lines>...
        include_raw_content=False,
    )
  File "/smhrd2/FinePrint/msh/.venv/lib/python3.13/site-packages/tavily/tavily.py", line 261, in search
    response_dict = self._search(query,
                                 search_depth=search_depth,
    ...<16 lines>...
                                 exact_match=exact_match,
                                 **kwargs)
  File "/smhrd2/FinePrint/msh/.venv/lib/python3.13/site-packages/tavily/tavily.py", line 232, in _search
    self._handle_error_response(response)
    ~~~~~~~~~~~~~~~~~~~~~~~~~~~^^^^^^^^^^
  File "/smhrd2/FinePrint/msh/.venv/lib/python3.13/site-packages/tavily/tavily.py", line 137, in _handle_error_response
    raise ForbiddenError(detail)
tavily.errors.ForbiddenError: This request exceeds your plan's set usage limit. Please upgrade your plan or contact support@tavily.com
2026-07-21 05:11:30,123 INFO Searching privacy: netflix 개인정보처리방침
2026-07-21 05:11:30,394 ERROR Tavily search failed: netflix 개인정보처리방침
Traceback (most recent call last):
  File "/smhrd2/FinePrint/jhc/search_tos_fineprint_v2.py", line 576, in search_policy_documents
    response = client.search(
        query=query,
    ...<2 lines>...
        include_raw_content=False,
    )
  File "/smhrd2/FinePrint/msh/.venv/lib/python3.13/site-packages/tavily/tavily.py", line 261, in search
    response_dict = self._search(query,
                                 search_depth=search_depth,
    ...<16 lines>...
                                 exact_match=exact_match,
                                 **kwargs)
  File "/smhrd2/FinePrint/msh/.venv/lib/python3.13/site-packages/tavily/tavily.py", line 232, in _search
    self._handle_error_response(response)
    ~~~~~~~~~~~~~~~~~~~~~~~~~~~^^^^^^^^^^
  File "/smhrd2/FinePrint/msh/.venv/lib/python3.13/site-packages/tavily/tavily.py", line 137, in _handle_error_response
    raise ForbiddenError(detail)
tavily.errors.ForbiddenError: This request exceeds your plan's set usage limit. Please upgrade your plan or contact support@tavily.com
2026-07-21 05:11:30,395 INFO Searching privacy: netflix 개인정보 보호정책
2026-07-21 05:11:30,658 ERROR Tavily search failed: netflix 개인정보 보호정책
Traceback (most recent call last):
  File "/smhrd2/FinePrint/jhc/search_tos_fineprint_v2.py", line 576, in search_policy_documents
    response = client.search(
        query=query,
    ...<2 lines>...
        include_raw_content=False,
    )
  File "/smhrd2/FinePrint/msh/.venv/lib/python3.13/site-packages/tavily/tavily.py", line 261, in search
    response_dict = self._search(query,
                                 search_depth=search_depth,
    ...<16 lines>...
                                 exact_match=exact_match,
                                 **kwargs)
  File "/smhrd2/FinePrint/msh/.venv/lib/python3.13/site-packages/tavily/tavily.py", line 232, in _search
    self._handle_error_response(response)
    ~~~~~~~~~~~~~~~~~~~~~~~~~~~^^^^^^^^^^
  File "/smhrd2/FinePrint/msh/.venv/lib/python3.13/site-packages/tavily/tavily.py", line 137, in _handle_error_response
    raise ForbiddenError(detail)
tavily.errors.ForbiddenError: This request exceeds your plan's set usage limit. Please upgrade your plan or contact support@tavily.com
2026-07-21 05:11:30,659 INFO Searching privacy: netflix 개인정보보호정책
2026-07-21 05:11:30,942 ERROR Tavily search failed: netflix 개인정보보호정책
Traceback (most recent call last):
  File "/smhrd2/FinePrint/jhc/search_tos_fineprint_v2.py", line 576, in search_policy_documents
    response = client.search(
        query=query,
    ...<2 lines>...
        include_raw_content=False,
    )
  File "/smhrd2/FinePrint/msh/.venv/lib/python3.13/site-packages/tavily/tavily.py", line 261, in search
    response_dict = self._search(query,
                                 search_depth=search_depth,
    ...<16 lines>...
                                 exact_match=exact_match,
                                 **kwargs)
  File "/smhrd2/FinePrint/msh/.venv/lib/python3.13/site-packages/tavily/tavily.py", line 232, in _search
    self._handle_error_response(response)
    ~~~~~~~~~~~~~~~~~~~~~~~~~~~^^^^^^^^^^
  File "/smhrd2/FinePrint/msh/.venv/lib/python3.13/site-packages/tavily/tavily.py", line 137, in _handle_error_response
    raise ForbiddenError(detail)
tavily.errors.ForbiddenError: This request exceeds your plan's set usage limit. Please upgrade your plan or contact support@tavily.com
2026-07-21 05:11:30,942 INFO Searching privacy: netflix privacy policy
2026-07-21 05:11:31,233 ERROR Tavily search failed: netflix privacy policy
Traceback (most recent call last):
  File "/smhrd2/FinePrint/jhc/search_tos_fineprint_v2.py", line 576, in search_policy_documents
    response = client.search(
        query=query,
    ...<2 lines>...
        include_raw_content=False,
    )
  File "/smhrd2/FinePrint/msh/.venv/lib/python3.13/site-packages/tavily/tavily.py", line 261, in search
    response_dict = self._search(query,
                                 search_depth=search_depth,
    ...<16 lines>...
                                 exact_match=exact_match,
                                 **kwargs)
  File "/smhrd2/FinePrint/msh/.venv/lib/python3.13/site-packages/tavily/tavily.py", line 232, in _search
    self._handle_error_response(response)
    ~~~~~~~~~~~~~~~~~~~~~~~~~~~^^^^^^^^^^
  File "/smhrd2/FinePrint/msh/.venv/lib/python3.13/site-packages/tavily/tavily.py", line 137, in _handle_error_response
    raise ForbiddenError(detail)
tavily.errors.ForbiddenError: This request exceeds your plan's set usage limit. Please upgrade your plan or contact support@tavily.com
2026-07-21 05:11:31,234 INFO Searching privacy: netflix privacy notice
2026-07-21 05:11:31,514 ERROR Tavily search failed: netflix privacy notice
Traceback (most recent call last):
  File "/smhrd2/FinePrint/jhc/search_tos_fineprint_v2.py", line 576, in search_policy_documents
    response = client.search(
        query=query,
    ...<2 lines>...
        include_raw_content=False,
    )
  File "/smhrd2/FinePrint/msh/.venv/lib/python3.13/site-packages/tavily/tavily.py", line 261, in search
    response_dict = self._search(query,
                                 search_depth=search_depth,
    ...<16 lines>...
                                 exact_match=exact_match,
                                 **kwargs)
  File "/smhrd2/FinePrint/msh/.venv/lib/python3.13/site-packages/tavily/tavily.py", line 232, in _search
    self._handle_error_response(response)
    ~~~~~~~~~~~~~~~~~~~~~~~~~~~^^^^^^^^^^
  File "/smhrd2/FinePrint/msh/.venv/lib/python3.13/site-packages/tavily/tavily.py", line 137, in _handle_error_response
    raise ForbiddenError(detail)
tavily.errors.ForbiddenError: This request exceeds your plan's set usage limit. Please upgrade your plan or contact support@tavily.com
2026-07-21 05:13:25,748 INFO Discovered official domain for 삼성전자서비스: samsungsvc.co.kr (64)
2026-07-21 05:13:25,748 INFO Searching terms: 삼성전자서비스 이용약관
2026-07-21 05:13:30,752 INFO Skipping non-official search result: https://www.samsung.com/sec/aisc/terms/291/100
2026-07-21 05:13:30,752 INFO Skipping non-official search result: https://www.samsung.com/sec/business/terms
2026-07-21 05:13:30,752 INFO Skipping non-official search result: https://policies.account.samsung.com/terms?appKey=j5p7ll8g33&applicationRegion=kor&language=kor&type=TC
2026-07-21 05:13:30,780 INFO Skipping non-official search result: https://www.samsung.com/sec/support
2026-07-21 05:13:30,780 INFO Skipping non-official search result: https://namu.wiki/w/%EC%82%BC%EC%84%B1%EC%A0%84%EC%9E%90%EC%84%9C%EB%B9%84%EC%8A%A4
2026-07-21 05:13:30,781 INFO Skipping non-official search result: https://www.samsung.com/sec/digitalplaza/centerMain
2026-07-21 05:13:30,781 INFO Searching terms: 삼성전자서비스 서비스 약관
2026-07-21 05:13:37,097 INFO Skipping non-official search result: https://terms.account.samsung.com/contents/legal/kor/kor/general.html
2026-07-21 05:13:37,097 INFO Skipping non-official search result: https://www.samsungsds.com/kr/etc/contact/agree/foot_legal.html
2026-07-21 05:13:37,126 INFO Skipping non-official search result: https://www.samsungcard.com/personal/customer-service/conditions/location/UHPPCC0601M0.jsp
2026-07-21 05:13:37,137 INFO Skipping non-official search result: https://terms.samsungconsent.com/j5p7ll8g33/PDP/13.5/KOR/KOR_kor.html
2026-07-21 05:13:37,149 INFO Skipping non-official search result: https://www.samsung.com/sec
2026-07-21 05:13:37,149 INFO Searching terms: 삼성전자서비스 terms of service
2026-07-21 05:13:44,205 INFO Skipping non-official search result: https://developer.samsung.com/internet/terms-of-service.html
2026-07-21 05:13:44,205 INFO Skipping non-official search result: https://www.scribd.com/document/843080215/Terms-and-Conditions-Samsung
2026-07-21 05:13:44,205 INFO Skipping non-official search result: https://terms.account.samsung.com/contents/legal/usa/eng/general.html
2026-07-21 05:13:44,227 INFO Skipping non-official search result: https://developer.samsung.com/internet/terms-of-service-us.html
2026-07-21 05:13:44,244 INFO Skipping non-official search result: https://terms.samsungconsent.com/j5p7ll8g33/TC/2.1/USA/USA_eng.html
2026-07-21 05:13:44,286 INFO Skipping non-official search result: https://images.samsung.com/is/content/samsung/assets/sa_en/apps/samsung-wallet/Terms_Of_Service-EN.docxSESAR.pdf
2026-07-21 05:13:44,313 INFO Skipping non-official search result: https://www.hiya.com/samsung/ss-terms-of-service
2026-07-21 05:13:44,678 INFO Skipping undated terms page: https://www.samsungsvc.co.kr/utils/terms
2026-07-21 05:13:46,790 INFO Policy evidence is weak; skipping https://www.samsungsvc.co.kr/notice/3012525
2026-07-21 05:13:48,054 INFO Policy evidence is weak; skipping https://www.samsungsvc.co.kr
2026-07-21 05:15:14,822 INFO Searching privacy: 넷플릭스 개인정보 처리방침
2026-07-21 05:15:15,566 ERROR Tavily search failed: 넷플릭스 개인정보 처리방침
Traceback (most recent call last):
  File "/smhrd2/FinePrint/jhc/search_tos_fineprint_v2.py", line 576, in search_policy_documents
    response = client.search(
        query=query,
    ...<2 lines>...
        include_raw_content=False,
    )
  File "/root/miniconda3/envs/fineprint311/lib/python3.13/site-packages/tavily/tavily.py", line 261, in search
    response_dict = self._search(query,
                                 search_depth=search_depth,
    ...<16 lines>...
                                 exact_match=exact_match,
                                 **kwargs)
  File "/root/miniconda3/envs/fineprint311/lib/python3.13/site-packages/tavily/tavily.py", line 232, in _search
    self._handle_error_response(response)
    ~~~~~~~~~~~~~~~~~~~~~~~~~~~^^^^^^^^^^
  File "/root/miniconda3/envs/fineprint311/lib/python3.13/site-packages/tavily/tavily.py", line 137, in _handle_error_response
    raise ForbiddenError(detail)
tavily.errors.ForbiddenError: This request exceeds your plan's set usage limit. Please upgrade your plan or contact support@tavily.com
2026-07-21 05:15:15,569 INFO Searching privacy: 넷플릭스 개인정보처리방침
2026-07-21 05:15:15,806 ERROR Tavily search failed: 넷플릭스 개인정보처리방침
Traceback (most recent call last):
  File "/smhrd2/FinePrint/jhc/search_tos_fineprint_v2.py", line 576, in search_policy_documents
    response = client.search(
        query=query,
    ...<2 lines>...
        include_raw_content=False,
    )
  File "/root/miniconda3/envs/fineprint311/lib/python3.13/site-packages/tavily/tavily.py", line 261, in search
    response_dict = self._search(query,
                                 search_depth=search_depth,
    ...<16 lines>...
                                 exact_match=exact_match,
                                 **kwargs)
  File "/root/miniconda3/envs/fineprint311/lib/python3.13/site-packages/tavily/tavily.py", line 232, in _search
    self._handle_error_response(response)
    ~~~~~~~~~~~~~~~~~~~~~~~~~~~^^^^^^^^^^
  File "/root/miniconda3/envs/fineprint311/lib/python3.13/site-packages/tavily/tavily.py", line 137, in _handle_error_response
    raise ForbiddenError(detail)
tavily.errors.ForbiddenError: This request exceeds your plan's set usage limit. Please upgrade your plan or contact support@tavily.com
2026-07-21 05:15:15,807 INFO Searching privacy: 넷플릭스 개인정보 보호정책
2026-07-21 05:15:16,102 ERROR Tavily search failed: 넷플릭스 개인정보 보호정책
Traceback (most recent call last):
  File "/smhrd2/FinePrint/jhc/search_tos_fineprint_v2.py", line 576, in search_policy_documents
    response = client.search(
        query=query,
    ...<2 lines>...
        include_raw_content=False,
    )
  File "/root/miniconda3/envs/fineprint311/lib/python3.13/site-packages/tavily/tavily.py", line 261, in search
    response_dict = self._search(query,
                                 search_depth=search_depth,
    ...<16 lines>...
                                 exact_match=exact_match,
                                 **kwargs)
  File "/root/miniconda3/envs/fineprint311/lib/python3.13/site-packages/tavily/tavily.py", line 232, in _search
    self._handle_error_response(response)
    ~~~~~~~~~~~~~~~~~~~~~~~~~~~^^^^^^^^^^
  File "/root/miniconda3/envs/fineprint311/lib/python3.13/site-packages/tavily/tavily.py", line 137, in _handle_error_response
    raise ForbiddenError(detail)
tavily.errors.ForbiddenError: This request exceeds your plan's set usage limit. Please upgrade your plan or contact support@tavily.com
2026-07-21 05:15:16,102 INFO Searching privacy: 넷플릭스 개인정보보호정책
2026-07-21 05:15:16,536 ERROR Tavily search failed: 넷플릭스 개인정보보호정책
Traceback (most recent call last):
  File "/smhrd2/FinePrint/jhc/search_tos_fineprint_v2.py", line 576, in search_policy_documents
    response = client.search(
        query=query,
    ...<2 lines>...
        include_raw_content=False,
    )
  File "/root/miniconda3/envs/fineprint311/lib/python3.13/site-packages/tavily/tavily.py", line 261, in search
    response_dict = self._search(query,
                                 search_depth=search_depth,
    ...<16 lines>...
                                 exact_match=exact_match,
                                 **kwargs)
  File "/root/miniconda3/envs/fineprint311/lib/python3.13/site-packages/tavily/tavily.py", line 232, in _search
    self._handle_error_response(response)
    ~~~~~~~~~~~~~~~~~~~~~~~~~~~^^^^^^^^^^
  File "/root/miniconda3/envs/fineprint311/lib/python3.13/site-packages/tavily/tavily.py", line 137, in _handle_error_response
    raise ForbiddenError(detail)
tavily.errors.ForbiddenError: This request exceeds your plan's set usage limit. Please upgrade your plan or contact support@tavily.com
2026-07-21 05:15:16,537 INFO Searching privacy: 넷플릭스 privacy policy
2026-07-21 05:15:16,791 ERROR Tavily search failed: 넷플릭스 privacy policy
Traceback (most recent call last):
  File "/smhrd2/FinePrint/jhc/search_tos_fineprint_v2.py", line 576, in search_policy_documents
    response = client.search(
        query=query,
    ...<2 lines>...
        include_raw_content=False,
    )
  File "/root/miniconda3/envs/fineprint311/lib/python3.13/site-packages/tavily/tavily.py", line 261, in search
    response_dict = self._search(query,
                                 search_depth=search_depth,
    ...<16 lines>...
                                 exact_match=exact_match,
                                 **kwargs)
  File "/root/miniconda3/envs/fineprint311/lib/python3.13/site-packages/tavily/tavily.py", line 232, in _search
    self._handle_error_response(response)
    ~~~~~~~~~~~~~~~~~~~~~~~~~~~^^^^^^^^^^
  File "/root/miniconda3/envs/fineprint311/lib/python3.13/site-packages/tavily/tavily.py", line 137, in _handle_error_response
    raise ForbiddenError(detail)
tavily.errors.ForbiddenError: This request exceeds your plan's set usage limit. Please upgrade your plan or contact support@tavily.com
2026-07-21 05:15:16,792 INFO Searching privacy: 넷플릭스 privacy notice
2026-07-21 05:15:17,060 ERROR Tavily search failed: 넷플릭스 privacy notice
Traceback (most recent call last):
  File "/smhrd2/FinePrint/jhc/search_tos_fineprint_v2.py", line 576, in search_policy_documents
    response = client.search(
        query=query,
    ...<2 lines>...
        include_raw_content=False,
    )
  File "/root/miniconda3/envs/fineprint311/lib/python3.13/site-packages/tavily/tavily.py", line 261, in search
    response_dict = self._search(query,
                                 search_depth=search_depth,
    ...<16 lines>...
                                 exact_match=exact_match,
                                 **kwargs)
  File "/root/miniconda3/envs/fineprint311/lib/python3.13/site-packages/tavily/tavily.py", line 232, in _search
    self._handle_error_response(response)
    ~~~~~~~~~~~~~~~~~~~~~~~~~~~^^^^^^^^^^
  File "/root/miniconda3/envs/fineprint311/lib/python3.13/site-packages/tavily/tavily.py", line 137, in _handle_error_response
    raise ForbiddenError(detail)
tavily.errors.ForbiddenError: This request exceeds your plan's set usage limit. Please upgrade your plan or contact support@tavily.com
2026-07-21 05:18:04,733 INFO Discovered official domain for notion: notion.com (124)
2026-07-21 05:18:04,734 INFO Searching privacy: notion 개인정보 처리방침
2026-07-21 05:18:07,887 INFO Skipping non-official search result: https://apps.apple.com/us/app/notion-notes-tasks-ai/id1232780281
2026-07-21 05:18:07,887 INFO Skipping non-official search result: https://www.thegoodtrade.com/features/what-is-notion
2026-07-21 05:18:07,917 INFO Skipping non-official search result: https://play.google.com/store/apps/details?id=notion.id
2026-07-21 05:18:07,928 INFO Skipping blacklisted search result: https://en.wikipedia.org/wiki/Notion_(productivity_software)
2026-07-21 05:18:07,928 INFO Skipping non-official search result: https://www.instagram.com/notionhq
2026-07-21 05:18:07,939 INFO Skipping non-official search result: https://namu.wiki/w/%EC%B2%98%EB%A6%AC
2026-07-21 05:18:07,939 INFO Searching privacy: notion 개인정보처리방침
2026-07-21 05:18:12,580 INFO Skipping blacklisted search result: https://brunch.co.kr/@144ce42dff304dd/27
2026-07-21 05:18:12,580 INFO Skipping blacklisted search result: https://adjh54.tistory.com/694
2026-07-21 05:18:12,607 INFO Skipping blacklisted search result: https://www.reddit.com/r/Notion/comments/sjmcwv/notion_privacy_policy_update_selling_user_data?tl=ko
2026-07-21 05:18:12,633 INFO Skipping non-official search result: https://onvacation.notion.site/888581290ea2488c89e42236c7dcfa76
2026-07-21 05:18:12,641 INFO Searching privacy: notion 개인정보 보호정책
2026-07-21 05:18:23,461 INFO Searching privacy: notion 개인정보보호정책
2026-07-21 05:18:26,402 INFO Skipping non-official search result: https://www.youtube.com/watch?v=6jJWLG7pv74
2026-07-21 05:18:26,403 INFO Skipping blacklisted search result: https://brunch.co.kr/@144ce42dff304dd/27
2026-07-21 05:18:26,403 INFO Skipping blacklisted search result: https://adjh54.tistory.com/694
2026-07-21 05:18:26,441 INFO Searching privacy: notion privacy policy
2026-07-21 05:18:39,962 INFO Skipping non-official search result: https://conductatlas.com/platform/notion/notion-privacy-policy
2026-07-21 05:18:39,963 INFO Skipping non-official search result: https://notion-enhancer.github.io/about/privacy-policy
2026-07-21 05:18:39,981 INFO Skipping blacklisted search result: https://www.reddit.com/r/Notion/comments/sjtlf8/more_people_should_pay_attention_to_the_privacy
2026-07-21 05:18:39,982 INFO Skipping non-official search result: https://www.comparitech.com/blog/vpn-privacy/is-notion-private-and-safe-to-use
2026-07-21 05:18:39,982 INFO Searching privacy: notion privacy notice
2026-07-21 05:18:50,069 INFO Skipping non-official search result: https://www.notionfinancetracker.com/legal/privacy
2026-07-21 05:18:50,070 INFO Skipping non-official search result: https://www.notionpartners.com/privacy-policy
2026-07-21 05:18:50,117 INFO Skipping non-official search result: https://www.notiontechnologies.com/privacy-policy
2026-07-21 05:18:50,117 INFO Skipping non-official search result: https://aigr.ee/service/notion
2026-07-21 05:18:50,117 INFO Skipping non-official search result: https://www.comparitech.com/blog/vpn-privacy/is-notion-private-and-safe-to-use
2026-07-21 05:18:50,117 INFO Skipping blacklisted search result: https://www.reddit.com/r/Notion/comments/sjtlf8/more_people_should_pay_attention_to_the_privacy
2026-07-21 05:18:54,469 INFO Policy evidence is weak; skipping https://www.notion.com/ko/templates/privacy-policy
2026-07-21 05:26:28,301 INFO Discovered official domain for notion: notion.com (124)
2026-07-21 05:26:28,301 INFO Searching terms: notion 이용약관
2026-07-21 05:26:31,769 INFO Skipping blacklisted search result: https://adjh54.tistory.com/694
2026-07-21 05:26:31,770 INFO Searching terms: notion 서비스 약관
2026-07-21 05:26:38,121 INFO Skipping non-official search result: https://play.google.com/store/apps/details?id=notion.id
2026-07-21 05:26:38,121 INFO Searching terms: notion terms of service
2026-07-21 05:26:50,129 INFO Skipping non-official search result: https://www.notiondesigngroup.com/terms-of-service
2026-07-21 05:26:50,129 INFO Skipping non-official search result: https://micro.company/terms/form-to-notion
2026-07-21 05:26:50,130 INFO Skipping blacklisted search result: https://terms.law/ToS-Watchdog/project-management/notion
2026-07-21 05:26:50,143 INFO Skipping non-official search result: https://notionentry.com/legal/terms
2026-07-21 05:26:50,168 INFO Skipping non-official search result: https://www.notioneverything.com/terms-and-conditions
2026-07-21 05:26:50,204 INFO Searching privacy: notion 개인정보 처리방침
2026-07-21 05:26:50,476 INFO Skipping non-official search result: https://apps.apple.com/us/app/notion-notes-tasks-ai/id1232780281
2026-07-21 05:26:50,476 INFO Skipping non-official search result: https://www.thegoodtrade.com/features/what-is-notion
2026-07-21 05:26:50,476 INFO Skipping non-official search result: https://play.google.com/store/apps/details?id=notion.id
2026-07-21 05:26:50,528 INFO Skipping blacklisted search result: https://en.wikipedia.org/wiki/Notion_(productivity_software)
2026-07-21 05:26:50,529 INFO Skipping non-official search result: https://www.instagram.com/notionhq
2026-07-21 05:26:50,580 INFO Skipping non-official search result: https://namu.wiki/w/%EC%B2%98%EB%A6%AC
2026-07-21 05:26:50,580 INFO Searching privacy: notion 개인정보처리방침
2026-07-21 05:26:50,852 INFO Skipping blacklisted search result: https://brunch.co.kr/@144ce42dff304dd/27
2026-07-21 05:26:50,852 INFO Skipping blacklisted search result: https://adjh54.tistory.com/694
2026-07-21 05:26:50,852 INFO Skipping blacklisted search result: https://www.reddit.com/r/Notion/comments/sjmcwv/notion_privacy_policy_update_selling_user_data?tl=ko
2026-07-21 05:26:50,865 INFO Skipping non-official search result: https://onvacation.notion.site/888581290ea2488c89e42236c7dcfa76
2026-07-21 05:26:50,876 INFO Searching privacy: notion 개인정보 보호정책
2026-07-21 05:26:51,122 INFO Searching privacy: notion 개인정보보호정책
2026-07-21 05:26:51,351 INFO Skipping non-official search result: https://www.youtube.com/watch?v=6jJWLG7pv74
2026-07-21 05:26:51,352 INFO Skipping blacklisted search result: https://brunch.co.kr/@144ce42dff304dd/27
2026-07-21 05:26:51,352 INFO Skipping blacklisted search result: https://adjh54.tistory.com/694
2026-07-21 05:26:51,379 INFO Searching privacy: notion privacy policy
2026-07-21 05:26:51,614 INFO Skipping non-official search result: https://conductatlas.com/platform/notion/notion-privacy-policy
2026-07-21 05:26:51,615 INFO Skipping non-official search result: https://notion-enhancer.github.io/about/privacy-policy
2026-07-21 05:26:51,696 INFO Skipping blacklisted search result: https://www.reddit.com/r/Notion/comments/sjtlf8/more_people_should_pay_attention_to_the_privacy
2026-07-21 05:26:51,707 INFO Skipping non-official search result: https://www.comparitech.com/blog/vpn-privacy/is-notion-private-and-safe-to-use
2026-07-21 05:26:51,707 INFO Searching privacy: notion privacy notice
2026-07-21 05:26:51,991 INFO Skipping non-official search result: https://www.notionfinancetracker.com/legal/privacy
2026-07-21 05:26:51,992 INFO Skipping non-official search result: https://www.notionpartners.com/privacy-policy
2026-07-21 05:26:52,018 INFO Skipping non-official search result: https://www.notiontechnologies.com/privacy-policy
2026-07-21 05:26:52,031 INFO Skipping non-official search result: https://aigr.ee/service/notion
2026-07-21 05:26:52,050 INFO Skipping non-official search result: https://www.comparitech.com/blog/vpn-privacy/is-notion-private-and-safe-to-use
2026-07-21 05:26:52,052 INFO Skipping blacklisted search result: https://www.reddit.com/r/Notion/comments/sjtlf8/more_people_should_pay_attention_to_the_privacy
2026-07-21 05:26:53,472 INFO Policy evidence is weak; skipping https://www.notion.com/ko/templates/privacy-policy
2026-07-21 05:27:01,196 INFO Policy evidence is weak; skipping https://www.notion.com/ko/help/template-gallery-guidelines-and-terms
2026-07-21 05:27:03,918 INFO Policy evidence is weak; skipping https://www.notion.com/terms
2026-07-21 05:27:04,411 INFO Policy evidence is weak; skipping https://www.notion.com/ko/templates/privacy-policy-for-startups-developers
2026-07-21 05:27:07,524 INFO Policy evidence is weak; skipping https://www.notion.com/ko/templates/user-guide
2026-07-21 05:27:07,993 INFO Policy evidence is weak; skipping https://www.notion.com/ko/help
2026-07-21 05:27:08,535 INFO Policy evidence is weak; skipping https://www.notion.com/ko/pricing
2026-07-21 05:27:09,020 INFO Policy evidence is weak; skipping https://www.notion.com/ko/help/category/new-to-notion
